id_ajuste,id_pago,id_prestamo,metodo_pago,referencia,monto_original,monto_redondeado,regla_aplicada,usuario_id,fecha_registro
1,,1360,Efectivo,PAGO-GENERAL-1360,0.00,8.00,REMANENTE_NO_APLICADO,111113612004634,2026-04-01 22:44:55
2,,1303,Efectivo,PAGO-GENERAL-1303,0.00,9.00,REMANENTE_NO_APLICADO,111113612004634,2026-04-02 16:40:51
3,,1020,Efectivo,PAGO-GENERAL-1020,0.00,0.40,REMANENTE_NO_APLICADO,111113612004634,2026-04-02 16:41:28
4,15734,1645,Efectivo,PAGO-15734,587.90,588.00,REDONDEO_ARRIBA,111113612004634,2026-04-06 16:47:04
5,15735,1645,Efectivo,PAGO-15735,587.90,588.00,REDONDEO_ARRIBA,111113612004634,2026-04-06 16:47:18
6,15782,1646,Efectivo,PAGO-15782,299.90,300.00,REDONDEO_ARRIBA,111113612004634,2026-04-06 17:42:39
7,15783,1646,Efectivo,PAGO-15783,299.90,300.00,REDONDEO_ARRIBA,111113612004634,2026-04-06 17:42:49
8,15784,1646,Efectivo,PAGO-15784,299.90,300.00,REDONDEO_ARRIBA,111113612004634,2026-04-06 17:43:00
9,15785,1646,Efectivo,PAGO-15785,299.90,300.00,REDONDEO_ARRIBA,111113612004634,2026-04-06 17:43:11
10,15786,1646,Efectivo,PAGO-15786,299.90,300.00,REDONDEO_ARRIBA,111113612004634,2026-04-06 17:43:21
11,15787,1646,Efectivo,PAGO-15787,299.90,300.00,REDONDEO_ARRIBA,111113612004634,2026-04-06 17:43:29
12,717,876,Efectivo,PAGO-717,511.90,512.00,REDONDEO_ARRIBA,111113612004634,2026-04-07 16:29:50
13,718,876,Efectivo,PAGO-718,511.90,512.00,REDONDEO_ARRIBA,111113612004634,2026-04-07 16:30:55
14,719,876,Efectivo,PAGO-719,511.90,512.00,REDONDEO_ARRIBA,111113612004634,2026-04-07 16:31:05
15,720,876,Efectivo,PAGO-720,511.90,512.00,REDONDEO_ARRIBA,111113612004634,2026-04-07 16:31:20
16,721,876,Efectivo,PAGO-721,511.90,512.00,REDONDEO_ARRIBA,111113612004634,2026-04-07 16:31:29
17,15485,1633,Efectivo,PAGO-15485,587.90,588.00,REDONDEO_ARRIBA,111113612004634,2026-04-07 17:10:57
18,16000,1653,Efectivo,PAGO-16000,586.30,587.00,REDONDEO_ARRIBA,111113612004634,2026-04-07 18:35:01
19,15509,1634,Efectivo,PAGO-15509,299.90,300.00,REDONDEO_ARRIBA,111113612004634,2026-04-07 19:29:40
20,16025,1655,Efectivo,PAGO-16025,719.90,720.00,REDONDEO_ARRIBA,111113612004634,2026-04-07 19:35:54
21,16026,1655,Efectivo,PAGO-16026,719.90,720.00,REDONDEO_ARRIBA,111113612004634,2026-04-07 19:36:02
22,16027,1655,Efectivo,PAGO-16027,719.90,720.00,REDONDEO_ARRIBA,111113612004634,2026-04-07 19:36:11
23,16028,1655,Efectivo,PAGO-16028,719.90,720.00,REDONDEO_ARRIBA,111113612004634,2026-04-07 19:36:20
24,16049,1656,Efectivo,PAGO-16049,587.90,588.00,REDONDEO_ARRIBA,111113612004634,2026-04-07 21:26:55
25,16050,1656,Efectivo,PAGO-16050,587.90,588.00,REDONDEO_ARRIBA,111113612004634,2026-04-07 21:27:02
26,722,876,Efectivo,PAGO-722,511.90,512.00,REDONDEO_ARRIBA,111113612004634,2026-04-08 14:38:57
27,15522,1635,Efectivo,PAGO-15522,399.90,400.00,REDONDEO_ARRIBA,111113612004634,2026-04-08 18:04:15
28,15155,1619,Efectivo,PAGO-15155,619.20,619.50,REDONDEO_ARRIBA,111113612004634,2026-04-08 18:44:47
29,15119,1617,Efectivo,PAGO-15119,691.20,691.50,REDONDEO_ARRIBA,111113612004634,2026-04-08 18:45:11
30,15365,1628,Efectivo,PAGO-15365,587.90,588.00,REDONDEO_ARRIBA,111113612004634,2026-04-08 18:55:31
31,15293,1625,Efectivo,PAGO-15293,587.90,588.00,REDONDEO_ARRIBA,111113612004634,2026-04-08 19:02:00
32,15317,1626,Efectivo,PAGO-15317,587.90,588.00,REDONDEO_ARRIBA,111113612004634,2026-04-08 19:03:49
33,15341,1627,Efectivo,PAGO-15341,587.90,588.00,REDONDEO_ARRIBA,111113612004634,2026-04-08 19:05:30
34,15389,1629,Efectivo,PAGO-15389,587.90,588.00,REDONDEO_ARRIBA,111113612004634,2026-04-08 19:08:27
35,16217,1663,Efectivo,PAGO-16217,705.60,706.00,REDONDEO_ARRIBA,111113612004634,2026-04-08 19:55:43
36,16218,1663,Efectivo,PAGO-16218,705.60,706.00,REDONDEO_ARRIBA,111113612004634,2026-04-08 19:55:51
37,16319,1667,Efectivo,PAGO-16319,779.90,780.00,REDONDEO_ARRIBA,111113612004634,2026-04-08 20:12:52
38,16320,1667,Efectivo,PAGO-16320,779.90,780.00,REDONDEO_ARRIBA,111113612004634,2026-04-08 20:13:00
39,16367,1668,Efectivo,PAGO-16367,779.90,780.00,REDONDEO_ARRIBA,111113612004634,2026-04-08 20:13:27
40,16368,1668,Efectivo,PAGO-16368,779.90,780.00,REDONDEO_ARRIBA,111113612004634,2026-04-08 20:13:36
41,16295,1669,Efectivo,PAGO-16295,779.90,780.00,REDONDEO_ARRIBA,111113612004634,2026-04-08 20:13:49
42,16296,1669,Efectivo,PAGO-16296,779.90,780.00,REDONDEO_ARRIBA,111113612004634,2026-04-08 20:13:58
43,16391,1670,Efectivo,PAGO-16391,779.90,780.00,REDONDEO_ARRIBA,111113612004634,2026-04-08 20:14:14
44,16392,1670,Efectivo,PAGO-16392,779.90,780.00,REDONDEO_ARRIBA,111113612004634,2026-04-08 20:14:24
45,16271,1671,Efectivo,PAGO-16271,587.90,588.00,REDONDEO_ARRIBA,111113612004634,2026-04-08 20:14:39
46,16272,1671,Efectivo,PAGO-16272,587.90,588.00,REDONDEO_ARRIBA,111113612004634,2026-04-08 20:14:46
47,16343,1666,Efectivo,PAGO-16343,587.90,588.00,REDONDEO_ARRIBA,111113612004634,2026-04-08 20:15:13
48,16344,1666,Efectivo,PAGO-16344,587.90,588.00,REDONDEO_ARRIBA,111113612004634,2026-04-08 20:15:21
49,15625,1641,Efectivo,PAGO-15625,299.90,300.00,REDONDEO_ARRIBA,111113612004634,2026-04-14 18:08:57
50,17103,1703,Efectivo,PAGO-17103,779.90,780.00,REDONDEO_ARRIBA,111113612004634,2026-04-15 20:16:39
51,17104,1703,Efectivo,PAGO-17104,779.90,780.00,REDONDEO_ARRIBA,111113612004634,2026-04-15 20:16:48
52,17105,1703,Efectivo,PAGO-17105,779.90,780.00,REDONDEO_ARRIBA,111113612004634,2026-04-15 20:16:57
53,17106,1703,Efectivo,PAGO-17106,779.90,780.00,REDONDEO_ARRIBA,111113612004634,2026-04-15 20:17:04
54,17107,1703,Efectivo,PAGO-17107,779.90,780.00,REDONDEO_ARRIBA,111113612004634,2026-04-15 20:17:12
55,17108,1703,Efectivo,PAGO-17108,779.90,780.00,REDONDEO_ARRIBA,111113612004634,2026-04-15 20:17:22
56,17109,1703,Efectivo,PAGO-17109,779.90,780.00,REDONDEO_ARRIBA,111113612004634,2026-04-15 20:17:29
57,17110,1703,Efectivo,PAGO-17110,779.90,780.00,REDONDEO_ARRIBA,111113612004634,2026-04-15 20:17:39
58,17111,1703,Efectivo,PAGO-17111,779.90,780.00,REDONDEO_ARRIBA,111113612004634,2026-04-15 20:17:47
59,17112,1703,Efectivo,PAGO-17112,779.90,780.00,REDONDEO_ARRIBA,111113612004634,2026-04-15 20:17:57
60,17113,1703,Efectivo,PAGO-17113,779.90,780.00,REDONDEO_ARRIBA,111113612004634,2026-04-15 20:18:05
61,17114,1703,Efectivo,PAGO-17114,779.90,780.00,REDONDEO_ARRIBA,111113612004634,2026-04-15 20:18:14
62,17115,1703,Efectivo,PAGO-17115,779.90,780.00,REDONDEO_ARRIBA,111113612004634,2026-04-15 20:18:24
63,17116,1703,Efectivo,PAGO-17116,779.90,780.00,REDONDEO_ARRIBA,111113612004634,2026-04-15 20:18:35
64,17117,1703,Efectivo,PAGO-17117,779.90,780.00,REDONDEO_ARRIBA,111113612004634,2026-04-15 20:18:46
65,17118,1703,Efectivo,PAGO-17118,779.90,780.00,REDONDEO_ARRIBA,111113612004634,2026-04-15 20:18:55
66,17119,1703,Efectivo,PAGO-17119,779.90,780.00,REDONDEO_ARRIBA,111113612004634,2026-04-15 20:19:05
67,16626,1680,Efectivo,PAGO-16626,2645.90,2646.00,REDONDEO_ARRIBA,111113612004634,2026-04-16 17:52:07
68,15736,1645,Efectivo,PAGO-15736,587.90,588.00,REDONDEO_ARRIBA,111113612004634,2026-04-20 22:35:16
69,15737,1645,Efectivo,PAGO-15737,587.90,588.00,REDONDEO_ARRIBA,111113612004634,2026-04-20 22:35:25
70,15788,1646,Efectivo,PAGO-15788,299.90,300.00,REDONDEO_ARRIBA,111113612004634,2026-04-20 22:38:52
71,15789,1646,Efectivo,PAGO-15789,299.90,300.00,REDONDEO_ARRIBA,111113612004634,2026-04-20 22:39:00
72,16456,1674,Efectivo,PAGO-16456,444.90,445.00,REDONDEO_ARRIBA,111113612004634,2026-04-20 23:05:01
73,16457,1674,Efectivo,PAGO-16457,444.90,445.00,REDONDEO_ARRIBA,111113612004634,2026-04-20 23:05:10
74,16650,1681,Efectivo,PAGO-16650,399.90,400.00,REDONDEO_ARRIBA,111113612004634,2026-04-21 16:01:18
75,16651,1681,Efectivo,PAGO-16651,399.90,400.00,REDONDEO_ARRIBA,111113612004634,2026-04-21 16:01:27
76,17175,1705,Efectivo,PAGO-17175,587.90,588.00,REDONDEO_ARRIBA,111113612004634,2026-04-21 16:04:58
77,16584,1678,Efectivo,PAGO-16584,719.90,720.00,REDONDEO_ARRIBA,111113612004634,2026-04-21 16:05:30
78,16585,1678,Efectivo,PAGO-16585,719.90,720.00,REDONDEO_ARRIBA,111113612004634,2026-04-21 16:05:38
79,15510,1634,Efectivo,PAGO-15510,299.90,300.00,REDONDEO_ARRIBA,111113612004634,2026-04-21 16:11:58
80,15511,1634,Efectivo,PAGO-15511,299.90,300.00,REDONDEO_ARRIBA,111113612004634,2026-04-21 16:12:06
81,16029,1655,Efectivo,PAGO-16029,719.90,720.00,REDONDEO_ARRIBA,111113612004634,2026-04-21 18:47:06
82,16030,1655,Efectivo,PAGO-16030,719.90,720.00,REDONDEO_ARRIBA,111113612004634,2026-04-21 18:47:14
83,723,876,Efectivo,PAGO-723,511.90,512.00,REDONDEO_ARRIBA,111113612004634,2026-04-21 18:54:28
84,15486,1633,Efectivo,PAGO-15486,587.90,588.00,REDONDEO_ARRIBA,111113612004634,2026-04-21 18:58:15
85,,1027,Efectivo,PAGO-GENERAL-1027,0.00,0.50,REMANENTE_NO_APLICADO,111113612004634,2026-04-22 20:51:04
86,17212,1707,Efectivo,PAGO-17212,779.90,780.00,REDONDEO_ARRIBA,111113612004634,2026-04-23 15:12:17
87,724,876,Efectivo,PAGO-724,511.90,512.00,REDONDEO_ARRIBA,111113612004634,2026-04-23 15:12:26
88,15487,1633,Efectivo,PAGO-15487,587.90,588.00,REDONDEO_ARRIBA,111113612004634,2026-04-23 15:15:04
89,15994,1653,Efectivo,PAGO-15994,587.90,588.00,REDONDEO_ARRIBA,111113612004634,2026-04-23 15:56:11
90,15524,1635,Efectivo,PAGO-15524,399.90,400.00,REDONDEO_ARRIBA,111113612004634,2026-04-28 17:01:16
91,15157,1619,Efectivo,PAGO-15157,619.20,619.50,REDONDEO_ARRIBA,111113612004634,2026-04-28 17:31:52
92,15121,1617,Efectivo,PAGO-15121,691.20,691.50,REDONDEO_ARRIBA,111113612004634,2026-04-28 17:32:25
93,15367,1628,Efectivo,PAGO-15367,587.90,588.00,REDONDEO_ARRIBA,111113612004634,2026-04-28 17:40:22
94,15295,1625,Efectivo,PAGO-15295,587.90,588.00,REDONDEO_ARRIBA,111113612004634,2026-04-28 17:51:19
95,15319,1626,Efectivo,PAGO-15319,587.90,588.00,REDONDEO_ARRIBA,111113612004634,2026-04-28 18:09:50
96,15343,1627,Efectivo,PAGO-15343,587.90,588.00,REDONDEO_ARRIBA,111113612004634,2026-04-28 18:11:31
97,15391,1629,Efectivo,PAGO-15391,587.90,588.00,REDONDEO_ARRIBA,111113612004634,2026-04-28 18:13:08
98,17443,1721,Efectivo,PAGO-17443,299.90,300.00,REDONDEO_ARRIBA,111113612004634,2026-04-28 18:24:32
99,17260,1709,Efectivo,PAGO-17260,299.90,300.00,REDONDEO_ARRIBA,111113612004634,2026-04-28 18:27:36
100,16220,1663,Efectivo,PAGO-16220,705.60,706.00,REDONDEO_ARRIBA,111113612004634,2026-04-28 18:27:58
101,16322,1667,Efectivo,PAGO-16322,779.90,780.00,REDONDEO_ARRIBA,111113612004634,2026-04-28 18:40:39
102,16370,1668,Efectivo,PAGO-16370,779.90,780.00,REDONDEO_ARRIBA,111113612004634,2026-04-28 18:41:08
103,16298,1669,Efectivo,PAGO-16298,779.90,780.00,REDONDEO_ARRIBA,111113612004634,2026-04-28 18:41:54
104,16394,1670,Efectivo,PAGO-16394,779.90,780.00,REDONDEO_ARRIBA,111113612004634,2026-04-28 18:42:41
105,16274,1671,Efectivo,PAGO-16274,587.90,588.00,REDONDEO_ARRIBA,111113612004634,2026-04-28 18:43:29
106,16346,1666,Efectivo,PAGO-16346,587.90,588.00,REDONDEO_ARRIBA,111113612004634,2026-04-28 18:43:57
107,17352,1715,Efectivo,PAGO-17352,705.60,706.00,REDONDEO_ARRIBA,111113612004634,2026-04-28 18:52:41
108,,1703,Efectivo,PAGO-GENERAL-1703,0.00,0.60,REMANENTE_NO_APLICADO,111113612004634,2026-04-30 18:25:59
109,17555,1727,Efectivo,PAGO-17555,779.90,780.00,REDONDEO_ARRIBA,111113612004634,2026-05-05 19:32:10
110,16842,1690,Efectivo,PAGO-16842,719.90,720.00,REDONDEO_ARRIBA,111113612004634,2026-05-05 19:37:25
111,16843,1690,Efectivo,PAGO-16843,719.90,720.00,REDONDEO_ARRIBA,111113612004634,2026-05-05 19:37:35
112,18085,1751,Efectivo,PAGO-18085,779.90,780.00,REDONDEO_ARRIBA,111113612004634,2026-05-05 19:42:21
113,17787,1738,Efectivo,PAGO-17787,719.90,720.00,REDONDEO_ARRIBA,111113612004634,2026-05-05 19:43:52
114,16950,1695,Efectivo,PAGO-16950,399.90,400.00,REDONDEO_ARRIBA,111113612004634,2026-05-05 19:47:30
115,16951,1695,Efectivo,PAGO-16951,399.90,400.00,REDONDEO_ARRIBA,111113612004634,2026-05-05 19:47:43
116,16806,1688,Efectivo,PAGO-16806,705.60,706.00,REDONDEO_ARRIBA,111113612004634,2026-05-05 22:23:58
117,16807,1688,Efectivo,PAGO-16807,705.60,706.00,REDONDEO_ARRIBA,111113612004634,2026-05-05 22:24:07
118,16752,1685,Efectivo,PAGO-16752,705.60,706.00,REDONDEO_ARRIBA,111113612004634,2026-05-05 22:26:40
119,16753,1685,Efectivo,PAGO-16753,705.60,706.00,REDONDEO_ARRIBA,111113612004634,2026-05-05 22:26:48
120,16770,1686,Efectivo,PAGO-16770,705.60,706.00,REDONDEO_ARRIBA,111113612004634,2026-05-05 22:27:45
121,16771,1686,Efectivo,PAGO-16771,705.60,706.00,REDONDEO_ARRIBA,111113612004634,2026-05-05 22:27:53
122,16824,1689,Efectivo,PAGO-16824,705.60,706.00,REDONDEO_ARRIBA,111113612004634,2026-05-05 22:39:20
123,16825,1689,Efectivo,PAGO-16825,705.60,706.00,REDONDEO_ARRIBA,111113612004634,2026-05-05 22:39:30
124,15414,1630,Efectivo,PAGO-15414,719.90,720.00,REDONDEO_ARRIBA,111113612004634,2026-05-06 18:36:36
125,15415,1630,Efectivo,PAGO-15415,719.90,720.00,REDONDEO_ARRIBA,111113612004634,2026-05-06 18:36:44
126,15416,1630,Efectivo,PAGO-15416,719.90,720.00,REDONDEO_ARRIBA,111113612004634,2026-05-06 18:36:54
127,17494,1723,Efectivo,PAGO-17494,587.90,588.00,REDONDEO_ARRIBA,111113612004634,2026-05-06 18:43:50
128,15462,1632,Efectivo,PAGO-15462,719.90,720.00,REDONDEO_ARRIBA,111113612004634,2026-05-06 18:45:38
129,15463,1632,Efectivo,PAGO-15463,719.90,720.00,REDONDEO_ARRIBA,111113612004634,2026-05-06 18:45:48
130,15464,1632,Efectivo,PAGO-15464,719.90,720.00,REDONDEO_ARRIBA,111113612004634,2026-05-06 18:45:56
131,16926,1694,Efectivo,PAGO-16926,587.90,588.00,REDONDEO_ARRIBA,111113612004634,2026-05-06 18:48:09
132,16927,1694,Efectivo,PAGO-16927,587.90,588.00,REDONDEO_ARRIBA,111113612004634,2026-05-06 18:48:16
133,18122,1753,Efectivo,PAGO-18122,587.90,588.00,REDONDEO_ARRIBA,111113612004634,2026-05-06 18:52:17
134,,1371,Efectivo,PAGO-GENERAL-1371,0.00,2.00,REMANENTE_NO_APLICADO,111113612004634,2026-05-07 17:22:59
135,,1372,Efectivo,PAGO-GENERAL-1372,0.00,2.00,REMANENTE_NO_APLICADO,111113612004634,2026-05-07 17:23:41
136,,1373,Efectivo,PAGO-GENERAL-1373,0.00,2.00,REMANENTE_NO_APLICADO,111113612004634,2026-05-07 17:24:28
137,,1374,Efectivo,PAGO-GENERAL-1374,0.00,1.00,REMANENTE_NO_APLICADO,111113612004634,2026-05-07 17:25:05
138,19030,1796,Efectivo,PAGO-19030,793.80,794.00,REDONDEO_ARRIBA,111113612004634,2026-05-12 18:45:41
139,17627,1730,Efectivo,PAGO-17627,705.60,706.00,REDONDEO_ARRIBA,111113612004634,2026-05-12 20:43:01
140,17628,1730,Efectivo,PAGO-17628,705.60,706.00,REDONDEO_ARRIBA,111113612004634,2026-05-12 20:43:11
141,16664,1682,Efectivo,PAGO-16664,779.90,780.00,REDONDEO_ARRIBA,111113612004634,2026-05-13 15:12:03
142,16665,1682,Efectivo,PAGO-16665,779.90,780.00,REDONDEO_ARRIBA,111113612004634,2026-05-13 15:12:11
143,16666,1682,Efectivo,PAGO-16666,779.90,780.00,REDONDEO_ARRIBA,111113612004634,2026-05-13 15:12:20
144,17413,1719,Efectivo,PAGO-17413,399.90,400.00,REDONDEO_ARRIBA,111113612004634,2026-05-13 17:22:55
145,17414,1719,Efectivo,PAGO-17414,399.90,400.00,REDONDEO_ARRIBA,111113612004634,2026-05-13 17:23:03
146,16300,1669,Efectivo,PAGO-16300,779.90,780.00,REDONDEO_ARRIBA,111113612004634,2026-05-14 14:56:00
147,15627,1641,Efectivo,PAGO-15627,299.90,300.00,REDONDEO_ARRIBA,111113612004634,2026-05-14 18:03:38
148,15628,1641,Efectivo,PAGO-15628,299.90,300.00,REDONDEO_ARRIBA,111113612004634,2026-05-14 18:03:46
149,15629,1641,Efectivo,PAGO-15629,299.90,300.00,REDONDEO_ARRIBA,111113612004634,2026-05-14 18:03:54
150,17531,1726,Efectivo,PAGO-17531,587.90,588.00,REDONDEO_ARRIBA,111113612004634,2026-05-14 18:07:53
151,17532,1726,Efectivo,PAGO-17532,587.90,588.00,REDONDEO_ARRIBA,111113612004634,2026-05-14 18:08:00
152,16866,1691,Efectivo,PAGO-16866,587.90,588.00,REDONDEO_ARRIBA,111113612004634,2026-05-14 18:37:58
153,16867,1691,Efectivo,PAGO-16867,587.90,588.00,REDONDEO_ARRIBA,111113612004634,2026-05-14 18:38:06
154,16868,1691,Efectivo,PAGO-16868,587.90,588.00,REDONDEO_ARRIBA,111113612004634,2026-05-14 18:38:14
155,17603,1729,Efectivo,PAGO-17603,779.90,780.00,REDONDEO_ARRIBA,111113612004634,2026-05-14 18:40:12
156,17604,1729,Efectivo,PAGO-17604,779.90,780.00,REDONDEO_ARRIBA,111113612004634,2026-05-14 18:40:21
157,17518,1725,Efectivo,PAGO-17518,299.90,300.00,REDONDEO_ARRIBA,111113612004634,2026-05-14 18:41:28
158,17519,1725,Efectivo,PAGO-17519,299.90,300.00,REDONDEO_ARRIBA,111113612004634,2026-05-14 18:41:35
159,18421,1764,Efectivo,PAGO-18421,399.90,400.00,REDONDEO_ARRIBA,111113612004634,2026-05-14 21:20:31
160,18650,1776,Efectivo,PAGO-18650,779.90,780.00,REDONDEO_ARRIBA,111113612004634,2026-05-14 22:03:52
161,15741,1645,Efectivo,PAGO-15741,587.90,588.00,REDONDEO_ARRIBA,111113612004634,2026-05-26 15:57:59
162,15742,1645,Efectivo,PAGO-15742,587.90,588.00,REDONDEO_ARRIBA,111113612004634,2026-05-26 15:58:09
163,,1646,Efectivo,PAGO-GENERAL-1646,0.00,0.40,REMANENTE_NO_APLICADO,111113612004634,2026-05-26 16:12:06
164,18831,1786,Efectivo,PAGO-18831,587.90,588.00,REDONDEO_ARRIBA,111113612004634,2026-05-26 17:03:36
165,18832,1786,Efectivo,PAGO-18832,587.90,588.00,REDONDEO_ARRIBA,111113612004634,2026-05-26 17:03:46
166,18459,1766,Efectivo,PAGO-18459,399.90,400.00,REDONDEO_ARRIBA,111113612004634,2026-05-26 17:05:43
167,18460,1766,Efectivo,PAGO-18460,399.90,400.00,REDONDEO_ARRIBA,111113612004634,2026-05-26 17:05:56
168,18461,1766,Efectivo,PAGO-18461,399.90,400.00,REDONDEO_ARRIBA,111113612004634,2026-05-26 17:06:09
169,18472,1767,Efectivo,PAGO-18472,299.90,300.00,REDONDEO_ARRIBA,111113612004634,2026-05-26 17:07:07
170,18473,1767,Efectivo,PAGO-18473,299.90,300.00,REDONDEO_ARRIBA,111113612004634,2026-05-26 17:07:15
171,18474,1767,Efectivo,PAGO-18474,299.90,300.00,REDONDEO_ARRIBA,111113612004634,2026-05-26 17:07:23
172,18557,1771,Efectivo,PAGO-18557,719.90,720.00,REDONDEO_ARRIBA,111113612004634,2026-05-26 18:56:15
173,18558,1771,Efectivo,PAGO-18558,719.90,720.00,REDONDEO_ARRIBA,111113612004634,2026-05-26 18:58:40
174,18559,1771,Efectivo,PAGO-18559,719.90,720.00,REDONDEO_ARRIBA,111113612004634,2026-05-27 14:59:45
175,19492,1818,Efectivo,PAGO-19492,779.90,780.00,REDONDEO_ARRIBA,111113612004634,2026-05-27 15:00:09
176,19493,1818,Efectivo,PAGO-19493,779.90,780.00,REDONDEO_ARRIBA,111113612004634,2026-05-27 15:00:17
177,17216,1707,Efectivo,PAGO-17216,779.90,780.00,REDONDEO_ARRIBA,111113612004634,2026-05-27 15:02:56
178,17217,1707,Efectivo,PAGO-17217,779.90,780.00,REDONDEO_ARRIBA,111113612004634,2026-05-27 15:03:05
179,728,876,Efectivo,PAGO-728,511.90,512.00,REDONDEO_ARRIBA,111113612004634,2026-05-27 15:03:54
180,729,876,Efectivo,PAGO-729,511.90,512.00,REDONDEO_ARRIBA,111113612004634,2026-05-27 15:04:10
181,15490,1633,Efectivo,PAGO-15490,587.90,588.00,REDONDEO_ARRIBA,111113612004634,2026-05-27 15:12:48
182,15491,1633,Efectivo,PAGO-15491,587.90,588.00,REDONDEO_ARRIBA,111113612004634,2026-05-27 15:13:04
183,,1633,Efectivo,MORA-GENERAL-1633,0.00,0.28,REMANENTE_NO_APLICADO,111113612004634,2026-05-27 15:13:19
184,16397,1670,Efectivo,PAGO-16397,779.90,780.00,REDONDEO_ARRIBA,111113612004634,2026-05-28 15:17:49
185,16398,1670,Efectivo,PAGO-16398,779.90,780.00,REDONDEO_ARRIBA,111113612004634,2026-05-28 15:18:01
186,15516,1634,Efectivo,PAGO-15516,299.90,300.00,REDONDEO_ARRIBA,111113612004634,2026-05-29 18:27:40
187,18113,1752,Efectivo,PAGO-18113,299.90,300.00,REDONDEO_ARRIBA,111113612004634,2026-05-29 18:29:28
188,19330,1809,Efectivo,PAGO-19330,399.90,400.00,REDONDEO_ARRIBA,111113612004634,2026-05-29 18:31:07
189,16035,1655,Efectivo,PAGO-16035,719.90,720.00,REDONDEO_ARRIBA,111113612004634,2026-05-29 18:34:15
190,16656,1681,Efectivo,PAGO-16656,399.90,400.00,REDONDEO_ARRIBA,111113612004634,2026-05-29 19:05:31
191,17180,1705,Efectivo,PAGO-17180,587.90,588.00,REDONDEO_ARRIBA,111113612004634,2026-05-29 19:11:44
192,16590,1678,Efectivo,PAGO-16590,719.90,720.00,REDONDEO_ARRIBA,111113612004634,2026-05-29 19:12:45
193,19088,1799,Efectivo,PAGO-19088,587.90,588.00,REDONDEO_ARRIBA,111113612004634,2026-05-29 19:20:33
194,19136,1801,Efectivo,PAGO-19136,587.90,588.00,REDONDEO_ARRIBA,111113612004634,2026-05-29 19:22:52
195,,1381,Efectivo,MORA-GENERAL-1381,0.00,0.36,REMANENTE_NO_APLICADO,111113612004634,2026-05-29 19:36:04
196,18783,1784,Efectivo,PAGO-18783,587.90,588.00,REDONDEO_ARRIBA,111113612004634,2026-05-29 19:36:56
197,18807,1785,Efectivo,PAGO-18807,587.90,588.00,REDONDEO_ARRIBA,111113612004634,2026-05-29 19:38:00
198,16057,1656,Efectivo,PAGO-16057,587.90,588.00,REDONDEO_ARRIBA,111113612004634,2026-05-29 19:42:12
199,15419,1630,Efectivo,PAGO-15419,719.90,720.00,REDONDEO_ARRIBA,111113612004634,2026-05-29 23:23:36
200,15420,1630,Efectivo,PAGO-15420,719.90,720.00,REDONDEO_ARRIBA,111113612004634,2026-05-29 23:23:54
201,1281,896,Efectivo,PAGO-1281,691.20,692.00,REDONDEO_ARRIBA,111113612607048,2026-06-03 17:09:08
202,1282,896,Efectivo,PAGO-1282,676.08,677.00,REDONDEO_ARRIBA,111113612607048,2026-06-03 17:09:23
203,1283,896,Efectivo,PAGO-1283,660.96,661.00,REDONDEO_ARRIBA,111113612607048,2026-06-03 17:09:49
204,18150,1754,Efectivo,PAGO-18150,705.60,705.97,REDONDEO_ARRIBA,111113612607048,2026-06-03 17:11:46
205,18029,1748,Efectivo,PAGO-18029,705.60,706.00,REDONDEO_ARRIBA,111113612607048,2026-06-03 17:15:53
206,20126,1843,Efectivo,PAGO-20126,719.71,720.00,REDONDEO_ARRIBA,111113612607048,2026-06-03 17:16:32
207,20127,1843,Efectivo,PAGO-20127,705.60,706.00,REDONDEO_ARRIBA,111113612607048,2026-06-03 17:16:48
208,1398,902,Efectivo,PAGO-1398,313.92,314.00,REDONDEO_ARRIBA,111113612607048,2026-06-03 17:17:39
209,1400,902,Efectivo,PAGO-1400,300.48,301.00,REDONDEO_ARRIBA,111113612607048,2026-06-03 17:21:01
210,1417,903,Efectivo,PAGO-1417,392.40,393.00,REDONDEO_ARRIBA,111113612607048,2026-06-03 17:22:45
211,1420,903,Efectivo,PAGO-1420,367.20,368.00,REDONDEO_ARRIBA,111113612607048,2026-06-03 17:26:34
212,1435,904,Efectivo,PAGO-1435,1020.24,1021.00,REDONDEO_ARRIBA,111113612607048,2026-06-03 17:29:50
213,1436,904,Efectivo,PAGO-1436,998.40,999.00,REDONDEO_ARRIBA,111113612607048,2026-06-03 17:30:09
214,1437,904,Efectivo,PAGO-1437,976.56,977.00,REDONDEO_ARRIBA,111113612607048,2026-06-03 17:30:26
215,1438,904,Efectivo,PAGO-1438,954.72,955.00,REDONDEO_ARRIBA,111113612607048,2026-06-03 17:30:51
216,15158,1619,Efectivo,PAGO-15158,674.93,675.00,REDONDEO_ARRIBA,111113612607048,2026-06-03 17:36:28
217,15159,1619,Efectivo,PAGO-15159,660.48,661.00,REDONDEO_ARRIBA,111113612607048,2026-06-03 17:36:53
218,15160,1619,Efectivo,PAGO-15160,646.03,647.00,REDONDEO_ARRIBA,111113612607048,2026-06-03 17:37:24
219,15161,1619,Efectivo,PAGO-15161,631.58,632.00,REDONDEO_ARRIBA,111113612607048,2026-06-03 17:37:53
220,15162,1619,Efectivo,PAGO-15162,619.20,620.00,REDONDEO_ARRIBA,111113612607048,2026-06-03 17:38:49
221,15176,1620,Efectivo,PAGO-15176,549.36,550.00,REDONDEO_ARRIBA,111113612607048,2026-06-03 17:40:04
222,15177,1620,Efectivo,PAGO-15177,537.60,538.00,REDONDEO_ARRIBA,111113612607048,2026-06-03 17:40:21
223,15178,1620,Efectivo,PAGO-15178,525.84,526.00,REDONDEO_ARRIBA,111113612607048,2026-06-03 17:42:02
224,15179,1620,Efectivo,PAGO-15179,514.08,515.00,REDONDEO_ARRIBA,111113612607048,2026-06-03 17:42:17
225,19380,1813,Efectivo,PAGO-19380,208.67,209.00,REDONDEO_ARRIBA,111113612607048,2026-06-03 17:43:04
226,7172,1196,Efectivo,PAGO-7172,313.92,314.00,REDONDEO_ARRIBA,111113612607048,2026-06-03 17:49:06
227,7173,1196,Efectivo,PAGO-7173,307.20,308.00,REDONDEO_ARRIBA,111113612607048,2026-06-03 17:49:53
228,7174,1196,Efectivo,PAGO-7174,300.48,301.00,REDONDEO_ARRIBA,111113612607048,2026-06-03 17:52:32
229,7175,1196,Efectivo,PAGO-7175,293.76,294.00,REDONDEO_ARRIBA,111113612607048,2026-06-03 17:52:45
230,7195,1197,Efectivo,PAGO-7195,392.40,393.00,REDONDEO_ARRIBA,111113612607048,2026-06-03 17:53:32
231,7197,1197,Efectivo,PAGO-7197,375.60,376.00,REDONDEO_ARRIBA,111113612607048,2026-06-03 17:54:47
232,7198,1197,Efectivo,PAGO-7198,367.20,368.00,REDONDEO_ARRIBA,111113612607048,2026-06-03 17:54:59
233,7211,1198,Efectivo,PAGO-7211,313.92,314.00,REDONDEO_ARRIBA,111113612607048,2026-06-03 17:55:45
234,7212,1198,Efectivo,PAGO-7212,307.20,308.00,REDONDEO_ARRIBA,111113612607048,2026-06-03 17:55:58
235,7213,1198,Efectivo,PAGO-7213,300.48,301.00,REDONDEO_ARRIBA,111113612607048,2026-06-03 17:56:10
236,7214,1198,Efectivo,PAGO-7214,293.76,294.00,REDONDEO_ARRIBA,111113612607048,2026-06-03 17:56:25
237,15194,1621,Efectivo,PAGO-15194,313.92,314.00,REDONDEO_ARRIBA,111113612607048,2026-06-03 17:57:06
238,15195,1621,Efectivo,PAGO-15195,307.20,308.00,REDONDEO_ARRIBA,111113612607048,2026-06-03 17:57:22
239,15196,1621,Efectivo,PAGO-15196,300.48,301.00,REDONDEO_ARRIBA,111113612607048,2026-06-03 17:57:33
240,15197,1621,Efectivo,PAGO-15197,293.76,294.00,REDONDEO_ARRIBA,111113612607048,2026-06-03 17:57:46
241,15368,1628,Efectivo,PAGO-15368,640.81,641.00,REDONDEO_ARRIBA,111113612607048,2026-06-03 17:58:35
242,15370,1628,Efectivo,PAGO-15370,613.38,614.00,REDONDEO_ARRIBA,111113612607048,2026-06-03 17:59:43
243,15371,1628,Efectivo,PAGO-15371,599.66,600.00,REDONDEO_ARRIBA,111113612607048,2026-06-03 17:59:53
244,15372,1628,Efectivo,PAGO-15372,587.90,588.00,REDONDEO_ARRIBA,111113612607048,2026-06-03 18:00:01
245,15296,1625,Efectivo,PAGO-15296,640.81,641.00,REDONDEO_ARRIBA,111113612607048,2026-06-03 18:00:29
246,15297,1625,Efectivo,PAGO-15297,627.09,628.00,REDONDEO_ARRIBA,111113612607048,2026-06-03 18:00:39
247,15298,1625,Efectivo,PAGO-15298,613.38,614.00,REDONDEO_ARRIBA,111113612607048,2026-06-03 18:00:52
248,15300,1625,Efectivo,PAGO-15300,587.90,588.00,REDONDEO_ARRIBA,111113612607048,2026-06-03 18:01:22
249,18274,1760,Efectivo,PAGO-18274,558.08,559.00,REDONDEO_ARRIBA,111113612607048,2026-06-03 18:01:59
250,18275,1760,Efectivo,PAGO-18275,546.13,547.00,REDONDEO_ARRIBA,111113612607048,2026-06-03 18:02:14
251,18276,1760,Efectivo,PAGO-18276,534.19,535.00,REDONDEO_ARRIBA,111113612607048,2026-06-03 18:02:39
252,18277,1760,Efectivo,PAGO-18277,522.24,523.00,REDONDEO_ARRIBA,111113612607048,2026-06-03 18:02:52
253,17867,1741,Efectivo,PAGO-17867,435.89,436.00,REDONDEO_ARRIBA,111113612607048,2026-06-03 18:03:36
254,17868,1741,Efectivo,PAGO-17868,426.56,427.00,REDONDEO_ARRIBA,111113612607048,2026-06-03 18:04:13
255,17869,1741,Efectivo,PAGO-17869,417.23,418.00,REDONDEO_ARRIBA,111113612607048,2026-06-03 18:04:25
256,17870,1741,Efectivo,PAGO-17870,407.90,408.00,REDONDEO_ARRIBA,111113612607048,2026-06-03 18:07:09
257,17871,1741,Efectivo,PAGO-17871,399.90,400.00,REDONDEO_ARRIBA,111113612607048,2026-06-03 18:07:22
258,20434,1857,Efectivo,PAGO-20434,550.75,551.00,REDONDEO_ARRIBA,111113612607048,2026-06-03 18:09:39
259,20435,1857,Efectivo,PAGO-20435,539.95,540.00,REDONDEO_ARRIBA,111113612607048,2026-06-03 18:09:49
260,10513,1364,Efectivo,PAGO-10513,261.60,262.00,REDONDEO_ARRIBA,111113612607048,2026-06-03 18:10:16
261,10515,1364,Efectivo,PAGO-10515,250.40,251.00,REDONDEO_ARRIBA,111113612607048,2026-06-03 18:10:40
262,10516,1364,Efectivo,PAGO-10516,244.80,245.00,REDONDEO_ARRIBA,111113612607048,2026-06-03 18:10:51
263,10537,1365,Efectivo,PAGO-10537,261.60,262.00,REDONDEO_ARRIBA,111113612607048,2026-06-03 18:11:23
264,10539,1365,Efectivo,PAGO-10539,250.40,251.00,REDONDEO_ARRIBA,111113612607048,2026-06-03 18:11:52
265,10540,1365,Efectivo,PAGO-10540,244.80,245.00,REDONDEO_ARRIBA,111113612607048,2026-06-03 18:12:03
266,17329,1714,Efectivo,PAGO-17329,457.80,458.00,REDONDEO_ARRIBA,111113612607048,2026-06-03 18:12:35
267,17331,1714,Efectivo,PAGO-17331,438.20,439.00,REDONDEO_ARRIBA,111113612607048,2026-06-03 18:13:04
268,17332,1714,Efectivo,PAGO-17332,428.40,429.00,REDONDEO_ARRIBA,111113612607048,2026-06-03 18:13:13
269,10596,1367,Efectivo,PAGO-10596,523.20,524.00,REDONDEO_ARRIBA,111113612607048,2026-06-03 18:13:44
270,16257,1664,Efectivo,PAGO-16257,392.40,393.00,REDONDEO_ARRIBA,111113612607048,2026-06-03 18:14:53
271,16259,1664,Efectivo,PAGO-16259,375.60,376.00,REDONDEO_ARRIBA,111113612607048,2026-06-03 18:15:19
272,16260,1664,Efectivo,PAGO-16260,367.20,368.00,REDONDEO_ARRIBA,111113612607048,2026-06-03 18:15:32
273,16323,1667,Efectivo,PAGO-16323,850.09,851.00,REDONDEO_ARRIBA,111113612607048,2026-06-03 18:16:08
274,16324,1667,Efectivo,PAGO-16324,831.89,832.00,REDONDEO_ARRIBA,111113612607048,2026-06-03 18:16:22
275,16325,1667,Efectivo,PAGO-16325,813.70,814.00,REDONDEO_ARRIBA,111113612607048,2026-06-03 18:16:33
276,16326,1667,Efectivo,PAGO-16326,795.50,796.00,REDONDEO_ARRIBA,111113612607048,2026-06-03 18:16:45
277,16327,1667,Efectivo,PAGO-16327,779.90,780.00,REDONDEO_ARRIBA,111113612607048,2026-06-03 18:17:00
278,16371,1668,Efectivo,PAGO-16371,850.09,851.00,REDONDEO_ARRIBA,111113612607048,2026-06-03 18:17:24
279,16372,1668,Efectivo,PAGO-16372,831.89,832.00,REDONDEO_ARRIBA,111113612607048,2026-06-03 18:19:39
280,16373,1668,Efectivo,PAGO-16373,813.70,814.00,REDONDEO_ARRIBA,111113612607048,2026-06-03 18:19:53
281,16374,1668,Efectivo,PAGO-16374,795.50,796.00,REDONDEO_ARRIBA,111113612607048,2026-06-03 18:20:04
282,16375,1668,Efectivo,PAGO-16375,779.90,780.00,REDONDEO_ARRIBA,111113612607048,2026-06-03 18:20:17
283,19941,1835,Efectivo,PAGO-19941,489.60,490.00,REDONDEO_ARRIBA,111113612607048,2026-06-03 18:20:39
284,16275,1671,Efectivo,PAGO-16275,640.81,641.00,REDONDEO_ARRIBA,111113612607048,2026-06-03 18:21:10
285,16276,1671,Efectivo,PAGO-16276,627.09,628.00,REDONDEO_ARRIBA,111113612607048,2026-06-03 18:21:26
286,16277,1671,Efectivo,PAGO-16277,613.38,614.00,REDONDEO_ARRIBA,111113612607048,2026-06-03 18:21:41
287,16278,1671,Efectivo,PAGO-16278,599.66,600.00,REDONDEO_ARRIBA,111113612607048,2026-06-03 18:21:53
288,16279,1671,Efectivo,PAGO-16279,587.90,588.00,REDONDEO_ARRIBA,111113612607048,2026-06-03 18:22:02
289,16347,1666,Efectivo,PAGO-16347,640.81,641.00,REDONDEO_ARRIBA,111113612607048,2026-06-03 18:22:22
290,16348,1666,Efectivo,PAGO-16348,627.09,628.00,REDONDEO_ARRIBA,111113612607048,2026-06-03 18:22:34
291,16349,1666,Efectivo,PAGO-16349,613.38,614.00,REDONDEO_ARRIBA,111113612607048,2026-06-03 18:22:45
292,16350,1666,Efectivo,PAGO-16350,599.66,600.00,REDONDEO_ARRIBA,111113612607048,2026-06-03 18:23:16
293,16351,1666,Efectivo,PAGO-16351,587.90,588.00,REDONDEO_ARRIBA,111113612607048,2026-06-03 18:23:25
294,17353,1715,Efectivo,PAGO-17353,766.75,767.00,REDONDEO_ARRIBA,111113612607048,2026-06-03 18:25:46
295,17354,1715,Efectivo,PAGO-17354,750.29,751.00,REDONDEO_ARRIBA,111113612607048,2026-06-03 18:25:57
296,17355,1715,Efectivo,PAGO-17355,733.82,734.00,REDONDEO_ARRIBA,111113612607048,2026-06-03 18:26:10
297,17356,1715,Efectivo,PAGO-17356,717.36,718.00,REDONDEO_ARRIBA,111113612607048,2026-06-03 18:26:21
298,17357,1715,Efectivo,PAGO-17357,705.60,706.00,REDONDEO_ARRIBA,111113612607048,2026-06-03 18:26:32
299,18164,1755,Efectivo,PAGO-18164,547.68,548.00,REDONDEO_ARRIBA,111113612607048,2026-06-03 18:26:51
300,18165,1755,Efectivo,PAGO-18165,535.92,536.00,REDONDEO_ARRIBA,111113612607048,2026-06-03 18:27:02
301,18166,1755,Efectivo,PAGO-18166,524.16,525.00,REDONDEO_ARRIBA,111113612607048,2026-06-03 18:27:15
302,18167,1755,Efectivo,PAGO-18167,512.40,513.00,REDONDEO_ARRIBA,111113612607048,2026-06-03 18:27:25
303,18749,1782,Efectivo,PAGO-18749,734.98,735.00,REDONDEO_ARRIBA,111113612607048,2026-06-03 18:27:55
304,18750,1782,Efectivo,PAGO-18750,718.85,719.00,REDONDEO_ARRIBA,111113612607048,2026-06-03 18:28:51
305,18751,1782,Efectivo,PAGO-18751,702.72,703.00,REDONDEO_ARRIBA,111113612607048,2026-06-03 18:29:03
306,18752,1782,Efectivo,PAGO-18752,691.20,692.00,REDONDEO_ARRIBA,111113612607048,2026-06-03 18:29:12
307,17371,1716,Efectivo,PAGO-17371,469.44,470.00,REDONDEO_ARRIBA,111113612607048,2026-06-03 18:29:29
308,17372,1716,Efectivo,PAGO-17372,459.36,460.00,REDONDEO_ARRIBA,111113612607048,2026-06-03 18:29:43
309,17373,1716,Efectivo,PAGO-17373,449.28,450.00,REDONDEO_ARRIBA,111113612607048,2026-06-03 18:29:54
310,17374,1716,Efectivo,PAGO-17374,439.20,440.00,REDONDEO_ARRIBA,111113612607048,2026-06-03 18:30:06
311,18731,1781,Efectivo,PAGO-18731,459.36,460.00,REDONDEO_ARRIBA,111113612607048,2026-06-03 18:30:42
312,18732,1781,Efectivo,PAGO-18732,449.28,450.00,REDONDEO_ARRIBA,111113612607048,2026-06-03 18:30:53
313,18733,1781,Efectivo,PAGO-18733,439.20,440.00,REDONDEO_ARRIBA,111113612607048,2026-06-03 18:31:05
314,2353,938,Efectivo,PAGO-2353,312.96,313.00,REDONDEO_ARRIBA,111113612607048,2026-06-03 18:31:36
315,2354,938,Efectivo,PAGO-2354,306.24,307.00,REDONDEO_ARRIBA,111113612607048,2026-06-03 18:31:47
316,2355,938,Efectivo,PAGO-2355,299.52,300.00,REDONDEO_ARRIBA,111113612607048,2026-06-03 18:31:58
317,2356,938,Efectivo,PAGO-2356,292.80,293.00,REDONDEO_ARRIBA,111113612607048,2026-06-03 18:32:09
318,2369,939,Efectivo,PAGO-2369,312.96,313.00,REDONDEO_ARRIBA,111113612607048,2026-06-03 18:32:34
319,2370,939,Efectivo,PAGO-2370,306.24,307.00,REDONDEO_ARRIBA,111113612607048,2026-06-03 18:32:56
320,2371,939,Efectivo,PAGO-2371,299.52,300.00,REDONDEO_ARRIBA,111113612607048,2026-06-03 18:33:12
321,2372,939,Efectivo,PAGO-2372,292.80,293.00,REDONDEO_ARRIBA,111113612607048,2026-06-03 18:33:23
322,2391,940,Efectivo,PAGO-2391,234.72,235.00,REDONDEO_ARRIBA,111113612607048,2026-06-03 18:33:54
323,2392,940,Efectivo,PAGO-2392,228.24,229.00,REDONDEO_ARRIBA,111113612607048,2026-06-03 18:34:40
324,2393,940,Efectivo,PAGO-2393,224.64,225.00,REDONDEO_ARRIBA,111113612607048,2026-06-03 18:34:49
325,2394,940,Efectivo,PAGO-2394,219.60,220.00,REDONDEO_ARRIBA,111113612607048,2026-06-03 18:35:00
326,2409,941,Efectivo,PAGO-2409,312.96,313.00,REDONDEO_ARRIBA,111113612607048,2026-06-03 18:35:39
327,2410,941,Efectivo,PAGO-2410,306.24,307.00,REDONDEO_ARRIBA,111113612607048,2026-06-03 18:35:50
328,2411,941,Efectivo,PAGO-2411,299.52,300.00,REDONDEO_ARRIBA,111113612607048,2026-06-03 18:36:02
329,2412,941,Efectivo,PAGO-2412,292.80,293.00,REDONDEO_ARRIBA,111113612607048,2026-06-03 18:36:20
330,16891,1692,Efectivo,PAGO-16891,312.96,313.00,REDONDEO_ARRIBA,111113612607048,2026-06-03 18:37:07
331,16892,1692,Efectivo,PAGO-16892,306.24,307.00,REDONDEO_ARRIBA,111113612607048,2026-06-03 18:37:23
332,16893,1692,Efectivo,PAGO-16893,299.52,300.00,REDONDEO_ARRIBA,111113612607048,2026-06-03 18:37:34
333,16894,1692,Efectivo,PAGO-16894,292.80,293.00,REDONDEO_ARRIBA,111113612607048,2026-06-03 18:37:47
334,17024,1699,Efectivo,PAGO-17024,312.96,313.00,REDONDEO_ARRIBA,111113612607048,2026-06-03 18:38:13
335,17025,1699,Efectivo,PAGO-17025,306.24,307.00,REDONDEO_ARRIBA,111113612607048,2026-06-03 18:38:24
336,17026,1699,Efectivo,PAGO-17026,299.52,300.00,REDONDEO_ARRIBA,111113612607048,2026-06-03 18:38:48
337,17027,1699,Efectivo,PAGO-17027,292.80,293.00,REDONDEO_ARRIBA,111113612607048,2026-06-03 18:39:00
338,15575,1638,Efectivo,PAGO-15575,459.36,460.00,REDONDEO_ARRIBA,111113612607048,2026-06-03 18:41:11
339,15576,1638,Efectivo,PAGO-15576,449.28,450.00,REDONDEO_ARRIBA,111113612607048,2026-06-03 18:41:26
340,15577,1638,Efectivo,PAGO-15577,439.20,440.00,REDONDEO_ARRIBA,111113612607048,2026-06-03 18:41:39
341,15593,1639,Efectivo,PAGO-15593,382.80,383.00,REDONDEO_ARRIBA,111113612607048,2026-06-03 18:42:07
342,15594,1639,Efectivo,PAGO-15594,374.40,375.00,REDONDEO_ARRIBA,111113612607048,2026-06-03 18:42:30
343,15557,1637,Efectivo,PAGO-15557,459.36,460.00,REDONDEO_ARRIBA,111113612607048,2026-06-03 18:43:08
344,15558,1637,Efectivo,PAGO-15558,449.28,450.00,REDONDEO_ARRIBA,111113612607048,2026-06-03 18:43:23
345,15559,1637,Efectivo,PAGO-15559,439.20,440.00,REDONDEO_ARRIBA,111113612607048,2026-06-03 18:43:34
346,15544,1636,Efectivo,PAGO-15544,229.68,230.00,REDONDEO_ARRIBA,111113612607048,2026-06-03 18:44:02
347,15545,1636,Efectivo,PAGO-15545,224.64,225.00,REDONDEO_ARRIBA,111113612607048,2026-06-03 18:44:14
348,15546,1636,Efectivo,PAGO-15546,219.60,220.00,REDONDEO_ARRIBA,111113612607048,2026-06-03 18:44:25
349,15611,1640,Efectivo,PAGO-15611,229.68,230.00,REDONDEO_ARRIBA,111113612607048,2026-06-03 18:45:14
350,15612,1640,Efectivo,PAGO-15612,224.64,225.00,REDONDEO_ARRIBA,111113612607048,2026-06-03 18:45:25
351,15613,1640,Efectivo,PAGO-15613,219.60,220.00,REDONDEO_ARRIBA,111113612607048,2026-06-03 18:45:37
352,3627,1023,Efectivo,PAGO-3627,1723.66,1724.00,REDONDEO_ARRIBA,111113612607048,2026-06-03 18:46:28
353,3628,1023,Efectivo,PAGO-3628,1685.84,1686.00,REDONDEO_ARRIBA,111113612607048,2026-06-03 18:46:39
354,3629,1023,Efectivo,PAGO-3629,1648.02,1649.00,REDONDEO_ARRIBA,111113612607048,2026-06-03 18:46:52
355,17556,1727,Efectivo,PAGO-17556,829.29,830.00,REDONDEO_ARRIBA,111113612607048,2026-06-03 18:47:26
356,17557,1727,Efectivo,PAGO-17557,811.10,812.00,REDONDEO_ARRIBA,111113612607048,2026-06-03 18:47:39
357,17558,1727,Efectivo,PAGO-17558,792.90,793.00,REDONDEO_ARRIBA,111113612607048,2026-06-03 18:47:52
358,17559,1727,Efectivo,PAGO-17559,779.90,780.00,REDONDEO_ARRIBA,111113612607048,2026-06-03 18:48:00
359,17812,1739,Efectivo,PAGO-17812,949.56,950.00,REDONDEO_ARRIBA,111113612607048,2026-06-03 18:48:21
360,17813,1739,Efectivo,PAGO-17813,928.72,929.00,REDONDEO_ARRIBA,111113612607048,2026-06-03 18:48:55
361,17814,1739,Efectivo,PAGO-17814,907.88,908.00,REDONDEO_ARRIBA,111113612607048,2026-06-03 18:49:22
362,3771,1028,Efectivo,PAGO-3771,446.60,447.00,REDONDEO_ARRIBA,111113612607048,2026-06-03 18:49:52
363,3772,1028,Efectivo,PAGO-3772,436.80,437.00,REDONDEO_ARRIBA,111113612607048,2026-06-03 18:50:02
364,16844,1690,Efectivo,PAGO-16844,765.49,766.00,REDONDEO_ARRIBA,111113612607048,2026-06-03 18:51:14
365,16845,1690,Efectivo,PAGO-16845,748.70,749.00,REDONDEO_ARRIBA,111113612607048,2026-06-03 18:51:26
366,16846,1690,Efectivo,PAGO-16846,731.90,732.00,REDONDEO_ARRIBA,111113612607048,2026-06-03 18:51:37
367,16847,1690,Efectivo,PAGO-16847,719.90,720.00,REDONDEO_ARRIBA,111113612607048,2026-06-03 18:51:48
368,20814,1877,Efectivo,PAGO-20814,719.90,720.00,REDONDEO_ARRIBA,111113612607048,2026-06-03 18:52:06
369,3984,1034,Efectivo,PAGO-3984,1789.81,1790.00,REDONDEO_ARRIBA,111113612607048,2026-06-03 18:52:27
370,3985,1034,Efectivo,PAGO-3985,1756.04,1757.00,REDONDEO_ARRIBA,111113612607048,2026-06-03 18:52:42
371,3986,1034,Efectivo,PAGO-3986,1716.64,1717.00,REDONDEO_ARRIBA,111113612607048,2026-06-03 18:52:56
372,3987,1034,Efectivo,PAGO-3987,1688.50,1689.00,REDONDEO_ARRIBA,111113612607048,2026-06-03 18:53:09
373,20838,1878,Efectivo,PAGO-20838,779.90,780.00,REDONDEO_ARRIBA,111113612607048,2026-06-03 18:53:28
374,18086,1751,Efectivo,PAGO-18086,829.29,830.00,REDONDEO_ARRIBA,111113612607048,2026-06-03 18:53:51
375,18087,1751,Efectivo,PAGO-18087,811.10,812.00,REDONDEO_ARRIBA,111113612607048,2026-06-03 18:54:06
376,18088,1751,Efectivo,PAGO-18088,792.90,793.00,REDONDEO_ARRIBA,111113612607048,2026-06-03 18:54:19
377,18089,1751,Efectivo,PAGO-18089,779.90,780.00,REDONDEO_ARRIBA,111113612607048,2026-06-03 18:54:28
378,17788,1738,Efectivo,PAGO-17788,765.49,766.00,REDONDEO_ARRIBA,111113612607048,2026-06-03 18:54:48
379,17789,1738,Efectivo,PAGO-17789,748.70,749.00,REDONDEO_ARRIBA,111113612607048,2026-06-03 18:56:09
380,17790,1738,Efectivo,PAGO-17790,731.90,732.00,REDONDEO_ARRIBA,111113612607048,2026-06-03 18:56:21
381,17791,1738,Efectivo,PAGO-17791,719.90,720.00,REDONDEO_ARRIBA,111113612607048,2026-06-03 18:56:32
382,4311,1043,Efectivo,PAGO-4311,763.20,764.00,REDONDEO_ARRIBA,111113612607048,2026-06-03 18:57:43
383,4312,1043,Efectivo,PAGO-4312,748.80,749.00,REDONDEO_ARRIBA,111113612607048,2026-06-03 18:57:54
384,4381,1045,Efectivo,PAGO-4381,826.80,827.00,REDONDEO_ARRIBA,111113612607048,2026-06-03 18:59:48
385,4382,1045,Efectivo,PAGO-4382,811.20,812.00,REDONDEO_ARRIBA,111113612607048,2026-06-03 19:00:01
386,4415,1047,Efectivo,PAGO-4415,1538.64,1539.00,REDONDEO_ARRIBA,111113612607048,2026-06-03 19:03:47
387,4416,1047,Efectivo,PAGO-4416,1504.88,1505.00,REDONDEO_ARRIBA,111113612607048,2026-06-03 19:04:02
388,4417,1047,Efectivo,PAGO-4417,1471.12,1472.00,REDONDEO_ARRIBA,111113612607048,2026-06-03 19:04:14
389,19280,1808,Efectivo,PAGO-19280,499.20,500.00,REDONDEO_ARRIBA,111113612607048,2026-06-03 19:06:03
390,16808,1688,Efectivo,PAGO-16808,750.29,751.00,REDONDEO_ARRIBA,111113612607048,2026-06-03 19:09:56
391,16809,1688,Efectivo,PAGO-16809,733.82,734.00,REDONDEO_ARRIBA,111113612607048,2026-06-03 19:10:07
392,16810,1688,Efectivo,PAGO-16810,717.36,718.00,REDONDEO_ARRIBA,111113612607048,2026-06-03 19:10:32
393,16811,1688,Efectivo,PAGO-16811,705.60,706.00,REDONDEO_ARRIBA,111113612607048,2026-06-03 19:12:02
394,16790,1687,Efectivo,PAGO-16790,459.36,460.00,REDONDEO_ARRIBA,111113612607048,2026-06-03 19:15:04
395,16791,1687,Efectivo,PAGO-16791,449.28,450.00,REDONDEO_ARRIBA,111113612607048,2026-06-03 19:15:17
396,16792,1687,Efectivo,PAGO-16792,439.20,440.00,REDONDEO_ARRIBA,111113612607048,2026-06-03 19:15:35
397,16754,1685,Efectivo,PAGO-16754,750.29,751.00,REDONDEO_ARRIBA,111113612607048,2026-06-03 19:16:15
398,16755,1685,Efectivo,PAGO-16755,733.82,734.00,REDONDEO_ARRIBA,111113612607048,2026-06-03 19:20:27
399,16756,1685,Efectivo,PAGO-16756,717.36,718.00,REDONDEO_ARRIBA,111113612607048,2026-06-03 19:20:37
400,16757,1685,Efectivo,PAGO-16757,705.60,706.00,REDONDEO_ARRIBA,111113612607048,2026-06-03 19:20:49
401,16772,1686,Efectivo,PAGO-16772,750.29,751.00,REDONDEO_ARRIBA,111113612607048,2026-06-03 19:21:10
402,16773,1686,Efectivo,PAGO-16773,733.82,734.00,REDONDEO_ARRIBA,111113612607048,2026-06-03 19:21:40
403,16774,1686,Efectivo,PAGO-16774,717.36,718.00,REDONDEO_ARRIBA,111113612607048,2026-06-03 19:21:52
404,16775,1686,Efectivo,PAGO-16775,705.60,706.00,REDONDEO_ARRIBA,111113612607048,2026-06-03 19:22:02
405,17427,1720,Efectivo,PAGO-17427,382.80,383.00,REDONDEO_ARRIBA,111113612607048,2026-06-03 19:22:18
406,17428,1720,Efectivo,PAGO-17428,374.40,375.00,REDONDEO_ARRIBA,111113612607048,2026-06-03 19:22:27
407,16826,1689,Efectivo,PAGO-16826,750.29,751.00,REDONDEO_ARRIBA,111113612607048,2026-06-03 19:24:38
408,16827,1689,Efectivo,PAGO-16827,733.82,734.00,REDONDEO_ARRIBA,111113612607048,2026-06-03 19:24:49
409,16828,1689,Efectivo,PAGO-16828,717.36,718.00,REDONDEO_ARRIBA,111113612607048,2026-06-03 19:25:01
410,16829,1689,Efectivo,PAGO-16829,705.60,706.00,REDONDEO_ARRIBA,111113612607048,2026-06-03 19:25:10
411,18896,1789,Efectivo,PAGO-18896,436.80,437.00,REDONDEO_ARRIBA,111113612607048,2026-06-03 19:25:44
412,13848,1510,Efectivo,PAGO-13848,446.60,447.00,REDONDEO_ARRIBA,111113612607048,2026-06-03 19:27:57
413,13849,1510,Efectivo,PAGO-13849,436.80,437.00,REDONDEO_ARRIBA,111113612607048,2026-06-03 19:28:10
414,16437,1673,Efectivo,PAGO-16437,255.20,256.00,REDONDEO_ARRIBA,111113612607048,2026-06-03 19:31:42
415,16438,1673,Efectivo,PAGO-16438,249.60,250.00,REDONDEO_ARRIBA,111113612607048,2026-06-03 19:31:52
416,18632,1775,Efectivo,PAGO-18632,689.04,690.00,REDONDEO_ARRIBA,111113612607048,2026-06-03 19:46:17
417,18633,1775,Efectivo,PAGO-18633,673.92,674.00,REDONDEO_ARRIBA,111113612607048,2026-06-03 19:46:41
418,18634,1775,Efectivo,PAGO-18634,658.80,659.00,REDONDEO_ARRIBA,111113612607048,2026-06-03 19:52:28
419,15214,1622,Efectivo,PAGO-15214,597.12,598.00,REDONDEO_ARRIBA,111113612607048,2026-06-03 19:58:02
420,15215,1622,Efectivo,PAGO-15215,583.68,584.00,REDONDEO_ARRIBA,111113612607048,2026-06-03 20:03:19
421,4819,1066,Efectivo,PAGO-4819,597.12,598.00,REDONDEO_ARRIBA,111113612607048,2026-06-03 20:07:05
422,4820,1066,Efectivo,PAGO-4820,583.68,584.00,REDONDEO_ARRIBA,111113612607048,2026-06-03 20:08:30
423,4838,1067,Efectivo,PAGO-4838,597.12,598.00,REDONDEO_ARRIBA,111113612607048,2026-06-03 20:09:57
424,4839,1067,Efectivo,PAGO-4839,583.68,584.00,REDONDEO_ARRIBA,111113612607048,2026-06-03 20:10:08
425,15232,1623,Efectivo,PAGO-15232,597.12,598.00,REDONDEO_ARRIBA,111113612607048,2026-06-03 20:11:37
426,15233,1623,Efectivo,PAGO-15233,583.68,584.00,REDONDEO_ARRIBA,111113612607048,2026-06-03 20:11:54
427,4872,1069,Efectivo,PAGO-4872,597.12,598.00,REDONDEO_ARRIBA,111113612607048,2026-06-03 20:15:24
428,4873,1069,Efectivo,PAGO-4873,583.68,584.00,REDONDEO_ARRIBA,111113612607048,2026-06-03 20:15:42
429,19906,1069,Efectivo,PAGO-19906,398.56,399.00,REDONDEO_ARRIBA,111113612607048,2026-06-03 20:16:35
430,4894,1070,Efectivo,PAGO-4894,298.56,299.00,REDONDEO_ARRIBA,111113612607048,2026-06-03 20:19:01
431,4895,1070,Efectivo,PAGO-4895,291.84,292.00,REDONDEO_ARRIBA,111113612607048,2026-06-03 20:19:43
432,19367,1812,Efectivo,PAGO-19367,414.56,415.00,REDONDEO_ARRIBA,111113612607048,2026-06-03 20:24:22
433,19368,1812,Efectivo,PAGO-19368,405.23,406.00,REDONDEO_ARRIBA,111113612607048,2026-06-03 20:24:35
434,19369,1812,Efectivo,PAGO-19369,399.90,400.00,REDONDEO_ARRIBA,111113612607048,2026-06-03 20:24:47
435,17630,1730,Efectivo,PAGO-17630,715.01,716.00,REDONDEO_ARRIBA,111113612607048,2026-06-03 20:38:10
436,17631,1730,Efectivo,PAGO-17631,705.60,706.00,REDONDEO_ARRIBA,111113612607048,2026-06-03 20:38:21
437,12249,1429,Efectivo,PAGO-12249,763.20,764.00,REDONDEO_ARRIBA,111113612607048,2026-06-03 20:39:12
438,12250,1429,Efectivo,PAGO-12250,748.80,749.00,REDONDEO_ARRIBA,111113612607048,2026-06-03 20:39:26
439,12276,1430,Efectivo,PAGO-12276,765.60,766.00,REDONDEO_ARRIBA,111113612607048,2026-06-03 20:40:19
440,12277,1430,Efectivo,PAGO-12277,748.80,749.00,REDONDEO_ARRIBA,111113612607048,2026-06-03 20:40:31
441,12376,1433,Efectivo,PAGO-12376,625.24,626.00,REDONDEO_ARRIBA,111113612607048,2026-06-03 20:41:16
442,12377,1433,Efectivo,PAGO-12377,611.52,612.00,REDONDEO_ARRIBA,111113612607048,2026-06-03 20:41:28
443,12378,1433,Efectivo,PAGO-12378,597.80,598.00,REDONDEO_ARRIBA,111113612607048,2026-06-03 20:41:37
444,12456,1435,Efectivo,PAGO-12456,829.40,830.00,REDONDEO_ARRIBA,111113612607048,2026-06-03 20:42:08
445,12457,1435,Efectivo,PAGO-12457,811.20,812.00,REDONDEO_ARRIBA,111113612607048,2026-06-03 20:42:18
446,12526,1437,Efectivo,PAGO-12526,765.60,766.00,REDONDEO_ARRIBA,111113612607048,2026-06-03 20:42:54
447,12527,1437,Efectivo,PAGO-12527,748.80,749.00,REDONDEO_ARRIBA,111113612607048,2026-06-03 20:43:04
448,12598,1439,Efectivo,PAGO-12598,446.60,447.00,REDONDEO_ARRIBA,111113612607048,2026-06-03 20:43:39
449,12599,1439,Efectivo,PAGO-12599,436.80,437.00,REDONDEO_ARRIBA,111113612607048,2026-06-03 20:43:49
450,12670,1441,Efectivo,PAGO-12670,255.20,256.00,REDONDEO_ARRIBA,111113612607048,2026-06-03 20:44:34
451,12671,1441,Efectivo,PAGO-12671,249.60,250.00,REDONDEO_ARRIBA,111113612607048,2026-06-03 20:45:32
452,12699,1442,Efectivo,PAGO-12699,765.60,766.00,REDONDEO_ARRIBA,111113612607048,2026-06-03 20:46:23
453,12700,1442,Efectivo,PAGO-12700,748.80,749.00,REDONDEO_ARRIBA,111113612607048,2026-06-03 20:46:38
454,20255,1849,Efectivo,PAGO-20255,587.90,588.00,REDONDEO_ARRIBA,111113612607048,2026-06-03 20:47:36
455,12909,1448,Efectivo,PAGO-12909,425.33,426.00,REDONDEO_ARRIBA,111113612607048,2026-06-03 20:48:15
456,12891,1447,Efectivo,PAGO-12891,446.60,447.00,REDONDEO_ARRIBA,111113612607048,2026-06-03 20:49:05
457,12892,1447,Efectivo,PAGO-12892,436.80,437.00,REDONDEO_ARRIBA,111113612607048,2026-06-03 20:49:16
458,12957,1450,Efectivo,PAGO-12957,272.21,273.00,REDONDEO_ARRIBA,111113612607048,2026-06-03 20:49:57
459,12958,1450,Efectivo,PAGO-12958,266.24,267.00,REDONDEO_ARRIBA,111113612607048,2026-06-03 20:50:07
460,12959,1450,Efectivo,PAGO-12959,260.27,261.00,REDONDEO_ARRIBA,111113612607048,2026-06-03 20:50:18
461,15690,1644,Efectivo,PAGO-15690,340.27,341.00,REDONDEO_ARRIBA,111113612607048,2026-06-03 20:50:46
462,15691,1644,Efectivo,PAGO-15691,332.80,333.00,REDONDEO_ARRIBA,111113612607048,2026-06-03 20:51:00
463,15692,1644,Efectivo,PAGO-15692,325.33,326.00,REDONDEO_ARRIBA,111113612607048,2026-06-03 20:51:09
464,16930,1694,Efectivo,PAGO-16930,597.70,598.00,REDONDEO_ARRIBA,111113612607048,2026-06-03 20:52:19
465,16931,1694,Efectivo,PAGO-16931,587.90,588.00,REDONDEO_ARRIBA,111113612607048,2026-06-03 20:52:28
466,13136,1457,Efectivo,PAGO-13136,765.60,766.00,REDONDEO_ARRIBA,111113612607048,2026-06-03 20:53:20
467,13137,1457,Efectivo,PAGO-13137,748.80,749.00,REDONDEO_ARRIBA,111113612607048,2026-06-03 20:53:30
468,17580,1728,Efectivo,PAGO-17580,255.20,256.00,REDONDEO_ARRIBA,111113612607048,2026-06-03 20:54:12
469,17581,1728,Efectivo,PAGO-17581,249.60,250.00,REDONDEO_ARRIBA,111113612607048,2026-06-03 20:54:22
470,13284,1489,Efectivo,PAGO-13284,340.27,341.00,REDONDEO_ARRIBA,111113612607048,2026-06-03 20:55:06
471,13285,1489,Efectivo,PAGO-13285,332.80,333.00,REDONDEO_ARRIBA,111113612607048,2026-06-03 20:55:19
472,13286,1489,Efectivo,PAGO-13286,325.33,326.00,REDONDEO_ARRIBA,111113612607048,2026-06-03 20:55:33
473,18044,1749,Efectivo,PAGO-18044,510.40,511.00,REDONDEO_ARRIBA,111113612607048,2026-06-03 20:56:33
474,18045,1749,Efectivo,PAGO-18045,499.20,500.00,REDONDEO_ARRIBA,111113612607048,2026-06-03 20:56:44
475,13397,1493,Efectivo,PAGO-13397,1538.64,1539.00,REDONDEO_ARRIBA,111113612607048,2026-06-03 20:57:29
476,13398,1493,Efectivo,PAGO-13398,1504.88,1505.00,REDONDEO_ARRIBA,111113612607048,2026-06-03 20:57:41
477,13399,1493,Efectivo,PAGO-13399,1471.12,1472.00,REDONDEO_ARRIBA,111113612607048,2026-06-03 20:57:51
478,13499,1496,Efectivo,PAGO-13499,382.80,383.00,REDONDEO_ARRIBA,111113612607048,2026-06-03 20:58:32
479,13500,1496,Efectivo,PAGO-13500,374.40,375.00,REDONDEO_ARRIBA,111113612607048,2026-06-03 20:58:43
480,13523,1497,Efectivo,PAGO-13523,255.20,256.00,REDONDEO_ARRIBA,111113612607048,2026-06-03 20:59:25
481,13524,1497,Efectivo,PAGO-13524,249.60,250.00,REDONDEO_ARRIBA,111113612607048,2026-06-03 20:59:36
482,13604,1500,Efectivo,PAGO-13604,272.21,273.00,REDONDEO_ARRIBA,111113612607048,2026-06-03 21:00:21
483,13605,1500,Efectivo,PAGO-13605,266.24,267.00,REDONDEO_ARRIBA,111113612607048,2026-06-03 21:00:58
484,13606,1500,Efectivo,PAGO-13606,260.27,261.00,REDONDEO_ARRIBA,111113612607048,2026-06-03 21:01:07
485,13664,1502,Efectivo,PAGO-13664,446.60,447.00,REDONDEO_ARRIBA,111113612607048,2026-06-03 21:01:51
486,13665,1502,Efectivo,PAGO-13665,436.80,437.00,REDONDEO_ARRIBA,111113612607048,2026-06-03 21:02:11
487,13687,1503,Efectivo,PAGO-13687,446.60,447.00,REDONDEO_ARRIBA,111113612607048,2026-06-03 21:02:54
488,13688,1503,Efectivo,PAGO-13688,436.80,437.00,REDONDEO_ARRIBA,111113612607048,2026-06-03 21:03:03
489,13755,1506,Efectivo,PAGO-13755,255.20,256.00,REDONDEO_ARRIBA,111113612607048,2026-06-03 21:04:44
490,13756,1506,Efectivo,PAGO-13756,249.60,250.00,REDONDEO_ARRIBA,111113612607048,2026-06-03 21:04:55
491,13779,1507,Efectivo,PAGO-13779,191.40,192.00,REDONDEO_ARRIBA,111113612607048,2026-06-03 21:05:38
492,13780,1507,Efectivo,PAGO-13780,187.20,188.00,REDONDEO_ARRIBA,111113612607048,2026-06-03 21:05:50
493,13798,1508,Efectivo,PAGO-13798,255.20,256.00,REDONDEO_ARRIBA,111113612607048,2026-06-03 21:06:29
494,13799,1508,Efectivo,PAGO-13799,249.60,250.00,REDONDEO_ARRIBA,111113612607048,2026-06-03 21:06:42
495,16657,1681,Efectivo,PAGO-16657,399.90,400.00,REDONDEO_ARRIBA,111113612004634,2026-06-04 18:06:11
496,15348,1627,Efectivo,PAGO-15348,587.90,588.00,REDONDEO_ARRIBA,111113612004634,2026-06-04 18:38:51
497,,1546,Efectivo,PAGO-GENERAL-1546,0.00,0.71,REMANENTE_NO_APLICADO,111113612004634,2026-06-04 22:16:09
498,17607,1729,Efectivo,PAGO-17607,779.90,780.00,REDONDEO_ARRIBA,111113612004634,2026-06-05 20:06:42
499,15530,1635,Efectivo,PAGO-15530,399.90,400.00,REDONDEO_ARRIBA,111113612004634,2026-06-05 20:40:49
500,19356,1811,Efectivo,PAGO-19356,299.90,300.00,REDONDEO_ARRIBA,111113612004634,2026-06-05 22:39:54
501,19357,1811,Efectivo,PAGO-19357,299.90,300.00,REDONDEO_ARRIBA,111113612004634,2026-06-05 22:40:02
502,7458,1234,Efectivo,PAGO-7458,615.44,616.00,REDONDEO_ARRIBA,111113612607048,2026-06-06 17:24:09
503,7459,1234,Efectivo,PAGO-7459,601.72,602.00,REDONDEO_ARRIBA,111113612607048,2026-06-06 17:24:22
504,7503,1236,Efectivo,PAGO-7503,615.44,616.00,REDONDEO_ARRIBA,111113612607048,2026-06-06 17:25:16
505,7504,1236,Efectivo,PAGO-7504,601.72,602.00,REDONDEO_ARRIBA,111113612607048,2026-06-06 17:25:27
506,19255,1806,Efectivo,PAGO-19255,306.90,307.00,REDONDEO_ARRIBA,111113612607048,2026-06-06 17:26:33
507,19256,1806,Efectivo,PAGO-19256,299.90,300.00,REDONDEO_ARRIBA,111113612607048,2026-06-06 17:26:43
508,19257,1806,Efectivo,PAGO-19257,299.90,300.00,REDONDEO_ARRIBA,111113612607048,2026-06-06 17:26:53
509,7430,1233,Efectivo,PAGO-7430,1262.28,1263.00,REDONDEO_ARRIBA,111113612607048,2026-06-06 17:27:22
510,7431,1233,Efectivo,PAGO-7431,1234.14,1235.00,REDONDEO_ARRIBA,111113612607048,2026-06-06 17:27:36
511,7521,1237,Efectivo,PAGO-7521,1262.28,1263.00,REDONDEO_ARRIBA,111113612607048,2026-06-06 17:28:43
512,7522,1237,Efectivo,PAGO-7522,1234.14,1235.00,REDONDEO_ARRIBA,111113612607048,2026-06-06 17:28:54
513,20338,1853,Efectivo,PAGO-20338,368.40,369.00,REDONDEO_ARRIBA,111113612607048,2026-06-06 17:29:35
514,7613,1240,Efectivo,PAGO-7613,376.80,377.00,REDONDEO_ARRIBA,111113612607048,2026-06-06 17:30:47
515,7614,1240,Efectivo,PAGO-7614,368.40,369.00,REDONDEO_ARRIBA,111113612607048,2026-06-06 17:31:02
516,19454,1816,Efectivo,PAGO-19454,753.50,754.00,REDONDEO_ARRIBA,111113612607048,2026-06-06 17:31:33
517,19455,1816,Efectivo,PAGO-19455,736.70,737.00,REDONDEO_ARRIBA,111113612607048,2026-06-06 17:31:46
518,19456,1816,Efectivo,PAGO-19456,719.90,720.00,REDONDEO_ARRIBA,111113612607048,2026-06-06 17:31:55
519,19457,1816,Efectivo,PAGO-19457,719.90,720.00,REDONDEO_ARRIBA,111113612607048,2026-06-06 17:32:05
520,7673,1242,Efectivo,PAGO-7673,334.93,335.00,REDONDEO_ARRIBA,111113612607048,2026-06-06 17:32:33
521,7674,1242,Efectivo,PAGO-7674,327.47,328.00,REDONDEO_ARRIBA,111113612607048,2026-06-06 17:32:44
522,16667,1682,Efectivo,PAGO-16667,816.30,817.00,REDONDEO_ARRIBA,111113612607048,2026-06-06 17:36:18
523,16668,1682,Efectivo,PAGO-16668,798.10,799.00,REDONDEO_ARRIBA,111113612607048,2026-06-06 17:36:29
524,16669,1682,Efectivo,PAGO-16669,779.90,780.00,REDONDEO_ARRIBA,111113612607048,2026-06-06 17:36:37
525,16670,1682,Efectivo,PAGO-16670,779.90,780.00,REDONDEO_ARRIBA,111113612607048,2026-06-06 17:36:46
526,7787,1245,Efectivo,PAGO-7787,1262.28,1263.00,REDONDEO_ARRIBA,111113612607048,2026-06-06 17:37:08
527,7788,1245,Efectivo,PAGO-7788,1234.14,1235.00,REDONDEO_ARRIBA,111113612607048,2026-06-06 17:37:18
528,7803,1246,Efectivo,PAGO-7803,2020.07,2021.00,REDONDEO_ARRIBA,111113612607048,2026-06-06 17:37:58
529,7804,1246,Efectivo,PAGO-7804,1975.03,1976.00,REDONDEO_ARRIBA,111113612607048,2026-06-06 17:38:09
530,7907,1249,Efectivo,PAGO-7907,439.60,440.00,REDONDEO_ARRIBA,111113612607048,2026-06-06 17:38:51
531,7908,1249,Efectivo,PAGO-7908,429.80,430.00,REDONDEO_ARRIBA,111113612607048,2026-06-06 17:39:01
532,7931,1250,Efectivo,PAGO-7931,376.80,377.00,REDONDEO_ARRIBA,111113612607048,2026-06-06 17:39:52
533,7932,1250,Efectivo,PAGO-7932,368.40,369.00,REDONDEO_ARRIBA,111113612607048,2026-06-06 17:40:05
534,7953,1251,Efectivo,PAGO-7953,950.60,951.00,REDONDEO_ARRIBA,111113612607048,2026-06-06 17:40:42
535,7954,1251,Efectivo,PAGO-7954,940.80,941.00,REDONDEO_ARRIBA,111113612607048,2026-06-06 17:40:53
536,7956,1251,Efectivo,PAGO-7956,921.20,922.00,REDONDEO_ARRIBA,111113612607048,2026-06-06 17:41:13
537,17415,1719,Efectivo,PAGO-17415,418.56,419.00,REDONDEO_ARRIBA,111113612607048,2026-06-06 17:41:41
538,17416,1719,Efectivo,PAGO-17416,409.23,410.00,REDONDEO_ARRIBA,111113612607048,2026-06-06 17:42:04
539,17417,1719,Efectivo,PAGO-17417,399.90,400.00,REDONDEO_ARRIBA,111113612607048,2026-06-06 17:42:16
540,17418,1719,Efectivo,PAGO-17418,399.90,400.00,REDONDEO_ARRIBA,111113612607048,2026-06-06 17:42:23
541,19206,1804,Efectivo,PAGO-19206,565.20,566.00,REDONDEO_ARRIBA,111113612607048,2026-06-06 17:43:45
542,19207,1804,Efectivo,PAGO-19207,552.60,553.00,REDONDEO_ARRIBA,111113612607048,2026-06-06 17:43:56
543,19230,1805,Efectivo,PAGO-19230,565.20,566.00,REDONDEO_ARRIBA,111113612607048,2026-06-06 17:49:20
544,19231,1805,Efectivo,PAGO-19231,552.60,553.00,REDONDEO_ARRIBA,111113612607048,2026-06-06 17:49:31
545,15630,1641,Efectivo,PAGO-15630,313.90,314.00,REDONDEO_ARRIBA,111113612607048,2026-06-06 17:50:06
546,15631,1641,Efectivo,PAGO-15631,306.90,307.00,REDONDEO_ARRIBA,111113612607048,2026-06-06 17:50:17
547,15632,1641,Efectivo,PAGO-15632,299.90,300.00,REDONDEO_ARRIBA,111113612607048,2026-06-06 17:50:25
548,15633,1641,Efectivo,PAGO-15633,299.90,300.00,REDONDEO_ARRIBA,111113612607048,2026-06-06 17:50:39
549,8129,1257,Efectivo,PAGO-8129,251.20,252.00,REDONDEO_ARRIBA,111113612607048,2026-06-06 17:51:57
550,8130,1257,Efectivo,PAGO-8130,245.60,246.00,REDONDEO_ARRIBA,111113612607048,2026-06-06 17:52:07
551,17533,1726,Efectivo,PAGO-17533,615.34,616.00,REDONDEO_ARRIBA,111113612607048,2026-06-06 17:53:17
552,17535,1726,Efectivo,PAGO-17535,587.90,588.00,REDONDEO_ARRIBA,111113612607048,2026-06-06 17:53:41
553,17536,1726,Efectivo,PAGO-17536,587.90,588.00,REDONDEO_ARRIBA,111113612607048,2026-06-06 17:53:49
554,17537,1726,Efectivo,PAGO-17537,587.90,588.00,REDONDEO_ARRIBA,111113612607048,2026-06-06 17:53:56
555,8176,1259,Efectivo,PAGO-8176,602.88,603.00,REDONDEO_ARRIBA,111113612607048,2026-06-06 17:54:16
556,8177,1259,Efectivo,PAGO-8177,589.44,590.00,REDONDEO_ARRIBA,111113612607048,2026-06-06 17:54:29
557,8224,1260,Efectivo,PAGO-8224,690.80,691.00,REDONDEO_ARRIBA,111113612607048,2026-06-06 17:55:09
558,8225,1260,Efectivo,PAGO-8225,675.40,676.00,REDONDEO_ARRIBA,111113612607048,2026-06-06 17:55:19
559,8248,1261,Efectivo,PAGO-8248,502.40,503.00,REDONDEO_ARRIBA,111113612607048,2026-06-06 17:55:52
560,8249,1261,Efectivo,PAGO-8249,491.20,492.00,REDONDEO_ARRIBA,111113612607048,2026-06-06 17:56:02
561,8304,1263,Efectivo,PAGO-8304,502.40,503.00,REDONDEO_ARRIBA,111113612607048,2026-06-06 18:00:59
562,8305,1263,Efectivo,PAGO-8305,491.20,492.00,REDONDEO_ARRIBA,111113612607048,2026-06-06 18:01:11
563,8335,1264,Efectivo,PAGO-8335,816.40,817.00,REDONDEO_ARRIBA,111113612607048,2026-06-06 18:01:48
564,8336,1264,Efectivo,PAGO-8336,798.20,799.00,REDONDEO_ARRIBA,111113612607048,2026-06-06 18:01:58
565,8373,1265,Efectivo,PAGO-8373,334.93,335.00,REDONDEO_ARRIBA,111113612607048,2026-06-06 18:02:34
566,8374,1265,Efectivo,PAGO-8374,327.47,328.00,REDONDEO_ARRIBA,111113612607048,2026-06-06 18:02:46
567,8404,1266,Efectivo,PAGO-8404,565.20,566.00,REDONDEO_ARRIBA,111113612607048,2026-06-06 18:03:31
568,8405,1266,Efectivo,PAGO-8405,552.60,553.00,REDONDEO_ARRIBA,111113612607048,2026-06-06 18:03:41
569,8447,1268,Efectivo,PAGO-8447,502.40,503.00,REDONDEO_ARRIBA,111113612607048,2026-06-06 18:04:17
570,8448,1268,Efectivo,PAGO-8448,491.20,492.00,REDONDEO_ARRIBA,111113612607048,2026-06-06 18:04:29
571,8428,1267,Efectivo,PAGO-8428,615.44,616.00,REDONDEO_ARRIBA,111113612607048,2026-06-06 18:05:08
572,8429,1267,Efectivo,PAGO-8429,601.72,602.00,REDONDEO_ARRIBA,111113612607048,2026-06-06 18:05:19
573,20387,1855,Efectivo,PAGO-20387,587.90,588.00,REDONDEO_ARRIBA,111113612607048,2026-06-06 18:06:04
574,20388,1855,Efectivo,PAGO-20388,587.90,588.00,REDONDEO_ARRIBA,111113612607048,2026-06-06 18:06:11
575,8524,1270,Efectivo,PAGO-8524,816.40,817.00,REDONDEO_ARRIBA,111113612607048,2026-06-06 18:06:33
576,8525,1270,Efectivo,PAGO-8525,798.20,799.00,REDONDEO_ARRIBA,111113612607048,2026-06-06 18:06:51
577,22179,1270,Efectivo,PAGO-22179,0.04,1.00,REDONDEO_ARRIBA,111113612607048,2026-06-06 18:07:26
578,8562,1271,Efectivo,PAGO-8562,502.40,503.00,REDONDEO_ARRIBA,111113612607048,2026-06-06 18:07:57
579,8563,1271,Efectivo,PAGO-8563,491.20,492.00,REDONDEO_ARRIBA,111113612607048,2026-06-06 18:08:09
580,22180,1271,Efectivo,PAGO-22180,0.01,1.00,REDONDEO_ARRIBA,111113612607048,2026-06-06 18:08:38
581,16540,1677,Efectivo,PAGO-16540,502.40,503.00,REDONDEO_ARRIBA,111113612607048,2026-06-06 18:12:27
582,16541,1677,Efectivo,PAGO-16541,491.20,492.00,REDONDEO_ARRIBA,111113612607048,2026-06-06 18:12:39
583,8666,1274,Efectivo,PAGO-8666,816.40,817.00,REDONDEO_ARRIBA,111113612607048,2026-06-06 18:13:31
584,8667,1274,Efectivo,PAGO-8667,798.20,799.00,REDONDEO_ARRIBA,111113612607048,2026-06-06 18:13:45
585,8746,1276,Efectivo,PAGO-8746,1514.53,1515.00,REDONDEO_ARRIBA,111113612607048,2026-06-06 18:14:29
586,8747,1276,Efectivo,PAGO-8747,1480.76,1481.00,REDONDEO_ARRIBA,111113612607048,2026-06-06 18:14:44
587,16869,1691,Efectivo,PAGO-16869,615.34,616.00,REDONDEO_ARRIBA,111113612607048,2026-06-06 18:15:39
588,16871,1691,Efectivo,PAGO-16871,587.90,588.00,REDONDEO_ARRIBA,111113612607048,2026-06-06 18:16:01
589,16872,1691,Efectivo,PAGO-16872,587.90,588.00,REDONDEO_ARRIBA,111113612607048,2026-06-06 18:16:10
590,8815,1278,Efectivo,PAGO-8815,334.93,335.00,REDONDEO_ARRIBA,111113612607048,2026-06-06 18:16:27
591,8816,1278,Efectivo,PAGO-8816,327.47,328.00,REDONDEO_ARRIBA,111113612607048,2026-06-06 18:16:38
592,8839,1279,Efectivo,PAGO-8839,816.40,817.00,REDONDEO_ARRIBA,111113612607048,2026-06-06 18:17:29
593,8840,1279,Efectivo,PAGO-8840,798.20,799.00,REDONDEO_ARRIBA,111113612607048,2026-06-06 18:17:40
594,17608,1729,Efectivo,PAGO-17608,779.90,780.00,REDONDEO_ARRIBA,111113612607048,2026-06-06 18:19:45
595,17520,1725,Efectivo,PAGO-17520,313.90,314.00,REDONDEO_ARRIBA,111113612607048,2026-06-06 18:20:12
596,17521,1725,Efectivo,PAGO-17521,306.90,307.00,REDONDEO_ARRIBA,111113612607048,2026-06-06 18:20:24
597,17522,1725,Efectivo,PAGO-17522,299.90,300.00,REDONDEO_ARRIBA,111113612607048,2026-06-06 18:20:34
598,17523,1725,Efectivo,PAGO-17523,299.90,300.00,REDONDEO_ARRIBA,111113612607048,2026-06-06 18:20:42
599,8936,1282,Efectivo,PAGO-8936,565.20,566.00,REDONDEO_ARRIBA,111113612607048,2026-06-06 18:20:59
600,8937,1282,Efectivo,PAGO-8937,552.60,553.00,REDONDEO_ARRIBA,111113612607048,2026-06-06 18:21:10
601,8973,1284,Efectivo,PAGO-8973,439.60,440.00,REDONDEO_ARRIBA,111113612607048,2026-06-06 18:21:49
602,8974,1284,Efectivo,PAGO-8974,429.80,430.00,REDONDEO_ARRIBA,111113612607048,2026-06-06 18:22:01
603,19441,1815,Efectivo,PAGO-19441,209.33,210.00,REDONDEO_ARRIBA,111113612607048,2026-06-06 18:22:39
604,19442,1815,Efectivo,PAGO-19442,204.67,205.00,REDONDEO_ARRIBA,111113612607048,2026-06-06 18:22:50
605,8997,1285,Efectivo,PAGO-8997,376.80,377.00,REDONDEO_ARRIBA,111113612607048,2026-06-06 18:23:30
606,8998,1285,Efectivo,PAGO-8998,368.40,369.00,REDONDEO_ARRIBA,111113612607048,2026-06-06 18:23:40
607,9023,1286,Efectivo,PAGO-9023,376.80,377.00,REDONDEO_ARRIBA,111113612607048,2026-06-06 18:24:24
608,9024,1286,Efectivo,PAGO-9024,368.40,369.00,REDONDEO_ARRIBA,111113612607048,2026-06-06 18:24:35
609,9073,1288,Efectivo,PAGO-9073,251.20,252.00,REDONDEO_ARRIBA,111113612607048,2026-06-06 18:26:15
610,9074,1288,Efectivo,PAGO-9074,245.60,246.00,REDONDEO_ARRIBA,111113612607048,2026-06-06 18:26:26
611,16966,1696,Efectivo,PAGO-16966,502.40,503.00,REDONDEO_ARRIBA,111113612607048,2026-06-06 18:27:03
612,16967,1696,Efectivo,PAGO-16967,491.20,492.00,REDONDEO_ARRIBA,111113612607048,2026-06-06 18:27:14
613,19611,1823,Efectivo,PAGO-19611,251.20,252.00,REDONDEO_ARRIBA,111113612607048,2026-06-06 18:27:51
614,19612,1823,Efectivo,PAGO-19612,245.60,246.00,REDONDEO_ARRIBA,111113612607048,2026-06-06 18:28:01
615,9090,1289,Efectivo,PAGO-9090,1767.30,1768.00,REDONDEO_ARRIBA,111113612607048,2026-06-06 18:32:35
616,9091,1289,Efectivo,PAGO-9091,1688.50,1689.00,REDONDEO_ARRIBA,111113612607048,2026-06-06 18:34:53
617,9092,1289,Efectivo,PAGO-9092,1688.50,1689.00,REDONDEO_ARRIBA,111113612607048,2026-06-06 18:35:11
618,9093,1289,Efectivo,PAGO-9093,1688.50,1689.00,REDONDEO_ARRIBA,111113612607048,2026-06-06 18:35:22
619,9125,1290,Efectivo,PAGO-9125,565.20,566.00,REDONDEO_ARRIBA,111113612607048,2026-06-06 18:36:01
620,9126,1290,Efectivo,PAGO-9126,552.60,553.00,REDONDEO_ARRIBA,111113612607048,2026-06-06 18:36:11
621,9223,1293,Efectivo,PAGO-9223,418.67,419.00,REDONDEO_ARRIBA,111113612607048,2026-06-06 18:38:17
622,9264,1295,Efectivo,PAGO-9264,1514.53,1515.00,REDONDEO_ARRIBA,111113612607048,2026-06-06 18:38:40
623,9265,1295,Efectivo,PAGO-9265,1480.76,1481.00,REDONDEO_ARRIBA,111113612607048,2026-06-06 18:38:53
624,9303,1296,Efectivo,PAGO-9303,1262.28,1263.00,REDONDEO_ARRIBA,111113612607048,2026-06-06 18:39:44
625,9304,1296,Efectivo,PAGO-9304,1234.14,1235.00,REDONDEO_ARRIBA,111113612607048,2026-06-06 18:39:55
626,18422,1764,Efectivo,PAGO-18422,418.56,419.00,REDONDEO_ARRIBA,111113612607048,2026-06-06 18:40:31
627,18423,1764,Efectivo,PAGO-18423,409.23,410.00,REDONDEO_ARRIBA,111113612607048,2026-06-06 18:40:46
628,18424,1764,Efectivo,PAGO-18424,399.90,400.00,REDONDEO_ARRIBA,111113612607048,2026-06-06 18:40:55
629,18425,1764,Efectivo,PAGO-18425,399.90,400.00,REDONDEO_ARRIBA,111113612607048,2026-06-06 18:41:04
630,9337,1297,Efectivo,PAGO-9337,1262.28,1263.00,REDONDEO_ARRIBA,111113612607048,2026-06-06 18:45:56
631,9338,1297,Efectivo,PAGO-9338,1234.14,1235.00,REDONDEO_ARRIBA,111113612607048,2026-06-06 18:46:08
632,9434,1300,Efectivo,PAGO-9434,1767.30,1768.00,REDONDEO_ARRIBA,111113612607048,2026-06-06 18:48:59
633,9435,1300,Efectivo,PAGO-9435,1727.90,1728.00,REDONDEO_ARRIBA,111113612607048,2026-06-06 18:49:33
634,9436,1300,Efectivo,PAGO-9436,1688.50,1689.00,REDONDEO_ARRIBA,111113612607048,2026-06-06 18:49:42
635,9437,1300,Efectivo,PAGO-9437,1688.50,1689.00,REDONDEO_ARRIBA,111113612607048,2026-06-06 18:49:51
636,9593,1306,Efectivo,PAGO-9593,753.60,754.00,REDONDEO_ARRIBA,111113612607048,2026-06-06 18:50:37
637,9594,1306,Efectivo,PAGO-9594,736.80,737.00,REDONDEO_ARRIBA,111113612607048,2026-06-06 18:50:47
638,9613,1307,Efectivo,PAGO-9613,753.60,754.00,REDONDEO_ARRIBA,111113612607048,2026-06-06 18:53:37
639,9614,1307,Efectivo,PAGO-9614,736.80,737.00,REDONDEO_ARRIBA,111113612607048,2026-06-06 18:53:49
640,9644,1308,Efectivo,PAGO-9644,334.93,335.00,REDONDEO_ARRIBA,111113612607048,2026-06-06 18:55:06
641,9645,1308,Efectivo,PAGO-9645,327.47,328.00,REDONDEO_ARRIBA,111113612607048,2026-06-06 18:55:36
642,9692,1309,Efectivo,PAGO-9692,615.44,616.00,REDONDEO_ARRIBA,111113612607048,2026-06-06 18:56:20
643,9693,1309,Efectivo,PAGO-9693,601.72,602.00,REDONDEO_ARRIBA,111113612607048,2026-06-06 18:56:31
644,9730,1310,Efectivo,PAGO-9730,334.93,335.00,REDONDEO_ARRIBA,111113612607048,2026-06-06 18:57:44
645,9731,1310,Efectivo,PAGO-9731,327.47,328.00,REDONDEO_ARRIBA,111113612607048,2026-06-06 18:57:54
646,9763,1311,Efectivo,PAGO-9763,1262.28,1263.00,REDONDEO_ARRIBA,111113612607048,2026-06-06 18:58:42
647,9764,1311,Efectivo,PAGO-9764,1234.14,1235.00,REDONDEO_ARRIBA,111113612607048,2026-06-06 18:58:53
648,9791,1312,Efectivo,PAGO-9791,615.44,616.00,REDONDEO_ARRIBA,111113612607048,2026-06-06 18:59:29
649,9792,1312,Efectivo,PAGO-9792,601.72,602.00,REDONDEO_ARRIBA,111113612607048,2026-06-06 18:59:41
650,9827,1313,Efectivo,PAGO-9827,334.93,335.00,REDONDEO_ARRIBA,111113612607048,2026-06-06 19:02:32
651,9828,1313,Efectivo,PAGO-9828,327.47,328.00,REDONDEO_ARRIBA,111113612607048,2026-06-06 19:02:44
652,9887,1315,Efectivo,PAGO-9887,439.60,440.00,REDONDEO_ARRIBA,111113612607048,2026-06-06 19:04:15
653,9888,1315,Efectivo,PAGO-9888,429.80,430.00,REDONDEO_ARRIBA,111113612607048,2026-06-06 19:04:25
654,9970,1319,Efectivo,PAGO-9970,502.40,503.00,REDONDEO_ARRIBA,111113612607048,2026-06-06 19:05:11
655,9971,1319,Efectivo,PAGO-9971,491.20,492.00,REDONDEO_ARRIBA,111113612607048,2026-06-06 19:05:22
656,9954,1318,Efectivo,PAGO-9954,502.40,503.00,REDONDEO_ARRIBA,111113612607048,2026-06-06 19:06:00
657,9955,1318,Efectivo,PAGO-9955,491.20,492.00,REDONDEO_ARRIBA,111113612607048,2026-06-06 19:06:14
658,10070,1322,Efectivo,PAGO-10070,602.88,603.00,REDONDEO_ARRIBA,111113612607048,2026-06-06 19:08:28
659,10071,1322,Efectivo,PAGO-10071,589.44,590.00,REDONDEO_ARRIBA,111113612607048,2026-06-06 19:08:39
660,10050,1321,Efectivo,PAGO-10050,753.60,754.00,REDONDEO_ARRIBA,111113612607048,2026-06-06 19:09:19
661,10051,1321,Efectivo,PAGO-10051,736.80,737.00,REDONDEO_ARRIBA,111113612607048,2026-06-06 19:09:34
662,15643,1642,Efectivo,PAGO-15643,251.20,252.00,REDONDEO_ARRIBA,111113612607048,2026-06-06 19:11:23
663,15644,1642,Efectivo,PAGO-15644,245.60,246.00,REDONDEO_ARRIBA,111113612607048,2026-06-06 19:11:33
664,15667,1643,Efectivo,PAGO-15667,565.20,566.00,REDONDEO_ARRIBA,111113612607048,2026-06-06 19:12:08
665,15668,1643,Efectivo,PAGO-15668,552.60,553.00,REDONDEO_ARRIBA,111113612607048,2026-06-06 19:12:18
666,18652,1776,Efectivo,PAGO-18652,798.10,799.00,REDONDEO_ARRIBA,111113612607048,2026-06-06 19:13:14
667,18653,1776,Efectivo,PAGO-18653,779.90,780.00,REDONDEO_ARRIBA,111113612607048,2026-06-06 19:13:23
668,18654,1776,Efectivo,PAGO-18654,779.90,780.00,REDONDEO_ARRIBA,111113612607048,2026-06-06 19:13:31
669,17138,1704,Efectivo,PAGO-17138,535.89,536.00,REDONDEO_ARRIBA,111113612607048,2026-06-06 19:13:53
670,17139,1704,Efectivo,PAGO-17139,523.95,524.00,REDONDEO_ARRIBA,111113612607048,2026-06-06 19:14:09
671,20410,1856,Efectivo,PAGO-20410,245.60,246.00,REDONDEO_ARRIBA,111113612607048,2026-06-06 19:14:58
672,1243,894,Efectivo,PAGO-1243,554.40,555.00,REDONDEO_ARRIBA,111113612607048,2026-06-06 19:16:27
673,1244,894,Efectivo,PAGO-1244,542.64,543.00,REDONDEO_ARRIBA,111113612607048,2026-06-06 19:16:37
674,1245,894,Efectivo,PAGO-1245,530.88,531.00,REDONDEO_ARRIBA,111113612607048,2026-06-06 19:16:47
675,1246,894,Efectivo,PAGO-1246,519.12,520.00,REDONDEO_ARRIBA,111113612607048,2026-06-06 19:16:57
676,1247,894,Efectivo,PAGO-1247,507.36,508.00,REDONDEO_ARRIBA,111113612607048,2026-06-06 19:17:07
677,15122,1617,Efectivo,PAGO-15122,760.32,761.00,REDONDEO_ARRIBA,111113612607048,2026-06-06 19:18:37
678,15123,1617,Efectivo,PAGO-15123,744.19,745.00,REDONDEO_ARRIBA,111113612607048,2026-06-06 19:18:49
679,15140,1618,Efectivo,PAGO-15140,554.40,555.00,REDONDEO_ARRIBA,111113612607048,2026-06-06 19:19:32
680,15141,1618,Efectivo,PAGO-15141,542.64,543.00,REDONDEO_ARRIBA,111113612607048,2026-06-06 19:19:42
681,15142,1618,Efectivo,PAGO-15142,530.88,531.00,REDONDEO_ARRIBA,111113612607048,2026-06-06 19:19:56
682,15143,1618,Efectivo,PAGO-15143,519.12,520.00,REDONDEO_ARRIBA,111113612607048,2026-06-06 19:20:06
683,15144,1618,Efectivo,PAGO-15144,507.36,508.00,REDONDEO_ARRIBA,111113612607048,2026-06-06 19:20:16
684,15124,1617,Efectivo,PAGO-15124,728.06,729.00,REDONDEO_ARRIBA,111113612607048,2026-06-06 19:20:57
685,15125,1617,Efectivo,PAGO-15125,711.94,712.00,REDONDEO_ARRIBA,111113612607048,2026-06-06 19:21:11
686,15126,1617,Efectivo,PAGO-15126,695.81,696.00,REDONDEO_ARRIBA,111113612607048,2026-06-06 19:21:23
687,15127,1617,Efectivo,PAGO-15127,691.20,692.00,REDONDEO_ARRIBA,111113612607048,2026-06-06 19:21:32
688,7307,1201,Efectivo,PAGO-7307,217.80,218.00,REDONDEO_ARRIBA,111113612607048,2026-06-06 19:22:23
689,7308,1201,Efectivo,PAGO-7308,213.60,214.00,REDONDEO_ARRIBA,111113612607048,2026-06-06 19:22:33
690,7309,1201,Efectivo,PAGO-7309,209.40,210.00,REDONDEO_ARRIBA,111113612607048,2026-06-06 19:22:43
691,7310,1201,Efectivo,PAGO-7310,205.20,206.00,REDONDEO_ARRIBA,111113612607048,2026-06-06 19:22:55
692,10183,1325,Efectivo,PAGO-10183,344.53,345.00,REDONDEO_ARRIBA,111113612607048,2026-06-06 19:23:59
693,10184,1325,Efectivo,PAGO-10184,337.07,338.00,REDONDEO_ARRIBA,111113612607048,2026-06-06 19:24:10
694,10185,1325,Efectivo,PAGO-10185,329.60,330.00,REDONDEO_ARRIBA,111113612607048,2026-06-06 19:24:21
695,10186,1325,Efectivo,PAGO-10186,322.13,323.00,REDONDEO_ARRIBA,111113612607048,2026-06-06 19:24:33
696,10235,1327,Efectivo,PAGO-10235,344.53,345.00,REDONDEO_ARRIBA,111113612607048,2026-06-06 19:25:25
697,10236,1327,Efectivo,PAGO-10236,337.07,338.00,REDONDEO_ARRIBA,111113612607048,2026-06-06 19:25:35
698,10237,1327,Efectivo,PAGO-10237,329.60,330.00,REDONDEO_ARRIBA,111113612607048,2026-06-06 19:25:45
699,10238,1327,Efectivo,PAGO-10238,322.13,323.00,REDONDEO_ARRIBA,111113612607048,2026-06-06 19:25:57
700,15320,1626,Efectivo,PAGO-15320,646.69,647.00,REDONDEO_ARRIBA,111113612607048,2026-06-06 19:26:57
701,15321,1626,Efectivo,PAGO-15321,632.97,633.00,REDONDEO_ARRIBA,111113612607048,2026-06-06 19:27:08
702,15322,1626,Efectivo,PAGO-15322,619.25,620.00,REDONDEO_ARRIBA,111113612607048,2026-06-06 19:27:20
703,15323,1626,Efectivo,PAGO-15323,605.54,606.00,REDONDEO_ARRIBA,111113612607048,2026-06-06 19:27:31
704,15324,1626,Efectivo,PAGO-15324,591.82,592.00,REDONDEO_ARRIBA,111113612607048,2026-06-06 19:27:41
705,15325,1626,Efectivo,PAGO-15325,587.90,588.00,REDONDEO_ARRIBA,111113612607048,2026-06-06 19:27:49
706,15349,1627,Efectivo,PAGO-15349,587.90,588.00,REDONDEO_ARRIBA,111113612607048,2026-06-06 19:29:27
707,10445,1362,Efectivo,PAGO-10445,623.79,624.00,REDONDEO_ARRIBA,111113612607048,2026-06-06 19:33:18
708,10446,1362,Efectivo,PAGO-10446,611.09,612.00,REDONDEO_ARRIBA,111113612607048,2026-06-06 19:33:28
709,10447,1362,Efectivo,PAGO-10447,598.40,599.00,REDONDEO_ARRIBA,111113612607048,2026-06-06 19:33:38
710,10448,1362,Efectivo,PAGO-10448,585.71,586.00,REDONDEO_ARRIBA,111113612607048,2026-06-06 19:33:48
711,10449,1362,Efectivo,PAGO-10449,573.01,574.00,REDONDEO_ARRIBA,111113612607048,2026-06-06 19:33:59
712,10450,1362,Efectivo,PAGO-10450,560.32,561.00,REDONDEO_ARRIBA,111113612607048,2026-06-06 19:37:16
713,10451,1362,Efectivo,PAGO-10451,547.63,548.00,REDONDEO_ARRIBA,111113612607048,2026-06-06 19:37:27
714,15392,1629,Efectivo,PAGO-15392,646.69,647.00,REDONDEO_ARRIBA,111113612607048,2026-06-06 19:37:56
715,15393,1629,Efectivo,PAGO-15393,632.97,633.00,REDONDEO_ARRIBA,111113612607048,2026-06-06 19:38:20
716,15394,1629,Efectivo,PAGO-15394,619.25,620.00,REDONDEO_ARRIBA,111113612607048,2026-06-06 19:38:31
717,15395,1629,Efectivo,PAGO-15395,605.54,606.00,REDONDEO_ARRIBA,111113612607048,2026-06-06 19:38:43
718,15396,1629,Efectivo,PAGO-15396,591.82,592.00,REDONDEO_ARRIBA,111113612607048,2026-06-06 19:38:54
719,15397,1629,Efectivo,PAGO-15397,587.90,588.00,REDONDEO_ARRIBA,111113612607048,2026-06-06 19:39:02
720,17872,1741,Efectivo,PAGO-17872,399.90,400.00,REDONDEO_ARRIBA,111113612607048,2026-06-06 19:42:30
721,10496,1363,Efectivo,PAGO-10496,387.60,388.00,REDONDEO_ARRIBA,111113612607048,2026-06-06 19:44:06
722,10497,1363,Efectivo,PAGO-10497,379.20,380.00,REDONDEO_ARRIBA,111113612607048,2026-06-06 19:44:15
723,10498,1363,Efectivo,PAGO-10498,370.80,371.00,REDONDEO_ARRIBA,111113612607048,2026-06-06 19:44:24
724,10499,1363,Efectivo,PAGO-10499,362.40,363.00,REDONDEO_ARRIBA,111113612607048,2026-06-06 19:44:33
725,19370,1812,Efectivo,PAGO-19370,399.90,400.00,REDONDEO_ARRIBA,111113612004634,2026-06-10 19:34:29
726,,982,Efectivo,PAGO-GENERAL-982,0.00,0.20,REMANENTE_NO_APLICADO,111113612004634,2026-06-10 20:20:13
727,17449,1721,Efectivo,PAGO-17449,299.90,300.00,REDONDEO_ARRIBA,111113612004634,2026-06-11 18:19:44
728,16849,1690,Efectivo,PAGO-16849,719.90,720.00,REDONDEO_ARRIBA,111113612004634,2026-06-13 16:06:31
729,,1031,Efectivo,PAGO-GENERAL-1031,0.00,0.40,REMANENTE_NO_APLICADO,111113612004634,2026-06-13 16:08:29
730,19058,1797,Efectivo,PAGO-19058,444.90,445.00,REDONDEO_ARRIBA,111113612004634,2026-06-15 18:34:42
731,16464,1674,Efectivo,PAGO-16464,444.90,445.00,REDONDEO_ARRIBA,111113612004634,2026-06-15 18:37:24
732,18489,1768,Efectivo,PAGO-18489,444.90,445.00,REDONDEO_ARRIBA,11119423046816,2026-06-15 18:59:33
733,19928,1834,Efectivo,PAGO-19928,444.90,445.00,REDONDEO_ARRIBA,11119423046816,2026-06-15 19:00:28
734,20113,1842,Efectivo,PAGO-20113,444.90,445.00,REDONDEO_ARRIBA,11119423046816,2026-06-15 19:01:17
735,19074,1798,Efectivo,PAGO-19074,444.90,445.00,REDONDEO_ARRIBA,11119423046816,2026-06-15 19:02:13
736,21555,1906,Efectivo,PAGO-21555,846.70,847.00,REDONDEO_ARRIBA,11119423046816,2026-06-15 19:02:41
737,17674,1732,Efectivo,PAGO-17674,1143.80,1144.00,REDONDEO_ARRIBA,11119423046816,2026-06-15 19:17:12
738,18585,1772,Efectivo,PAGO-18585,444.90,445.00,REDONDEO_ARRIBA,11119423046816,2026-06-15 19:18:51
739,19912,1833,Efectivo,PAGO-19912,444.90,445.00,REDONDEO_ARRIBA,11119423046816,2026-06-15 19:22:29
740,21701,1913,Efectivo,PAGO-21701,444.90,445.00,REDONDEO_ARRIBA,11119423046816,2026-06-15 19:22:56
741,20538,1862,Efectivo,PAGO-20538,444.90,445.00,REDONDEO_ARRIBA,11119423046816,2026-06-15 19:23:43
742,17706,1733,Efectivo,PAGO-17706,1058.40,1058.50,REDONDEO_ARRIBA,11119423046816,2026-06-15 19:26:55
743,15745,1645,Efectivo,PAGO-15745,587.90,588.00,REDONDEO_ARRIBA,11119423046816,2026-06-17 17:01:21
744,15374,1628,Efectivo,PAGO-15374,587.90,588.00,REDONDEO_ARRIBA,111113612004634,2026-06-17 17:18:34
745,15375,1628,Efectivo,PAGO-15375,587.90,588.00,REDONDEO_ARRIBA,111113612004634,2026-06-17 17:18:42
746,18835,1786,Efectivo,PAGO-18835,587.90,588.00,REDONDEO_ARRIBA,11119423046816,2026-06-17 17:48:10
747,18464,1766,Efectivo,PAGO-18464,399.90,400.00,REDONDEO_ARRIBA,11119423046816,2026-06-17 17:48:50
748,18477,1767,Efectivo,PAGO-18477,299.90,300.00,REDONDEO_ARRIBA,11119423046816,2026-06-17 17:51:20
749,,1416,Efectivo,MORA-GENERAL-1416,0.00,0.83,REMANENTE_NO_APLICADO,11119423046816,2026-06-17 17:52:56
750,21966,1924,Efectivo,PAGO-21966,587.90,588.00,REDONDEO_ARRIBA,11119423046816,2026-06-17 18:41:06
751,21918,1922,Efectivo,PAGO-21918,587.95,588.00,REDONDEO_ARRIBA,11119423046816,2026-06-17 18:41:42
752,21942,1923,Efectivo,PAGO-21942,587.90,588.00,REDONDEO_ARRIBA,11119423046816,2026-06-17 18:44:22
753,21990,1925,Efectivo,PAGO-21990,587.90,588.00,REDONDEO_ARRIBA,11119423046816,2026-06-17 18:44:44
754,15531,1635,Efectivo,PAGO-15531,399.90,400.00,REDONDEO_ARRIBA,11119423046816,2026-06-17 18:44:55
755,17450,1721,Efectivo,PAGO-17450,299.90,300.00,REDONDEO_ARRIBA,11119423046816,2026-06-17 19:31:06
756,17267,1709,Efectivo,PAGO-17267,299.90,300.00,REDONDEO_ARRIBA,11119423046816,2026-06-17 19:32:25
757,16227,1663,Efectivo,PAGO-16227,705.60,706.00,REDONDEO_ARRIBA,11119423046816,2026-06-17 19:33:48
758,21081,1889,Efectivo,PAGO-21081,399.90,400.00,REDONDEO_ARRIBA,11119423046816,2026-06-17 19:34:47
759,18601,1773,Efectivo,PAGO-18601,705.60,706.00,REDONDEO_ARRIBA,11119423046816,2026-06-17 19:37:22
760,22147,1930,Efectivo,PAGO-22147,964.90,965.00,REDONDEO_ARRIBA,11119423046816,2026-06-17 20:21:44
761,20816,1877,Efectivo,PAGO-20816,719.90,720.00,REDONDEO_ARRIBA,11119423046816,2026-06-17 20:25:35
762,20840,1878,Efectivo,PAGO-20840,779.90,780.00,REDONDEO_ARRIBA,11119423046816,2026-06-17 20:27:42
763,21412,1901,Efectivo,PAGO-21412,719.90,720.00,REDONDEO_ARRIBA,11119423046816,2026-06-17 20:28:25
764,18091,1751,Efectivo,PAGO-18091,779.90,780.00,REDONDEO_ARRIBA,11119423046816,2026-06-17 20:30:07
765,17793,1738,Efectivo,PAGO-17793,719.90,720.00,REDONDEO_ARRIBA,11119423046816,2026-06-17 20:31:34
766,16957,1695,Efectivo,PAGO-16957,399.90,400.00,REDONDEO_ARRIBA,11119423046816,2026-06-17 20:35:45
767,17561,1727,Efectivo,PAGO-17561,779.90,780.00,REDONDEO_ARRIBA,11119423046816,2026-06-17 20:43:17
768,17524,1725,Efectivo,PAGO-17524,299.90,300.00,REDONDEO_ARRIBA,111113612004634,2026-06-18 15:12:13
769,17525,1725,Efectivo,PAGO-17525,299.90,300.00,REDONDEO_ARRIBA,111113612004634,2026-06-18 15:12:55
770,17526,1725,Efectivo,PAGO-17526,299.90,300.00,REDONDEO_ARRIBA,111113612004634,2026-06-18 15:13:04
771,17527,1725,Efectivo,PAGO-17527,299.90,300.00,REDONDEO_ARRIBA,111113612004634,2026-06-18 15:13:12
772,17528,1725,Efectivo,PAGO-17528,299.90,300.00,REDONDEO_ARRIBA,111113612004634,2026-06-18 15:13:22
773,17529,1725,Efectivo,PAGO-17529,299.90,300.00,REDONDEO_ARRIBA,111113612004634,2026-06-18 15:13:30
774,19258,1806,Efectivo,PAGO-19258,299.90,300.00,REDONDEO_ARRIBA,111113612004634,2026-06-19 22:35:57
775,,1652,Efectivo,PAGO-GENERAL-1652,0.00,0.80,REMANENTE_NO_APLICADO,111113612004634,2026-06-25 22:19:38
776,,988,Efectivo,PAGO-GENERAL-988,0.00,0.80,REMANENTE_NO_APLICADO,111113612004634,2026-06-25 22:20:15
777,,1189,Efectivo,PAGO-GENERAL-1189,0.00,0.80,REMANENTE_NO_APLICADO,111113612004634,2026-06-25 22:27:46
778,15533,1635,Efectivo,PAGO-15533,399.90,400.00,REDONDEO_ARRIBA,111113612004634,2026-06-26 21:45:02
779,15534,1635,Efectivo,PAGO-15534,399.90,400.00,REDONDEO_ARRIBA,111113612004634,2026-06-26 21:45:12
780,21992,1925,Efectivo,PAGO-21992,587.90,588.00,REDONDEO_ARRIBA,111113612004634,2026-06-26 21:45:23
781,15636,1641,Efectivo,PAGO-15636,299.90,300.00,REDONDEO_ARRIBA,111113612004634,2026-07-03 21:14:42
782,15637,1641,Efectivo,PAGO-15637,299.90,300.00,REDONDEO_ARRIBA,111113612004634,2026-07-03 21:14:51
783,22029,1927,Efectivo,PAGO-22029,779.90,780.00,REDONDEO_ARRIBA,111113612004634,2026-07-04 04:00:31
784,22030,1927,Efectivo,PAGO-22030,779.90,780.00,REDONDEO_ARRIBA,111113612004634,2026-07-04 04:00:43
785,,1674,Efectivo,PAGO-GENERAL-1674,0.00,0.40,REMANENTE_NO_APLICADO,111113612004634,2026-07-08 22:57:39
786,17453,1721,Efectivo,PAGO-17453,299.90,300.00,REDONDEO_ARRIBA,111113612004634,2026-07-09 21:08:02
787,17454,1721,Efectivo,PAGO-17454,299.90,300.00,REDONDEO_ARRIBA,111113612004634,2026-07-09 21:08:10
788,17455,1721,Efectivo,PAGO-17455,299.90,300.00,REDONDEO_ARRIBA,111113612004634,2026-07-09 21:08:18
789,16662,1681,Efectivo,PAGO-16662,399.90,400.00,REDONDEO_ARRIBA,111113612004634,2026-07-09 23:38:03
790,16960,1695,Efectivo,PAGO-16960,399.90,400.00,REDONDEO_ARRIBA,111113612004634,2026-07-10 19:41:22
791,16961,1695,Efectivo,PAGO-16961,399.90,400.00,REDONDEO_ARRIBA,111113612004634,2026-07-10 19:41:29
792,18838,1786,Efectivo,PAGO-18838,587.90,588.00,REDONDEO_ARRIBA,111113612004634,2026-07-10 19:42:31
793,17878,1741,Efectivo,PAGO-17878,399.90,400.00,REDONDEO_ARRIBA,111113612004634,2026-07-17 21:36:16
794,17879,1741,Efectivo,PAGO-17879,399.90,400.00,REDONDEO_ARRIBA,111113612004634,2026-07-17 21:36:25
795,,1440,Efectivo,PAGO-GENERAL-1440,0.00,576.00,REMANENTE_NO_APLICADO,111113612004634,2026-07-17 22:41:11
796,19363,1811,Efectivo,PAGO-19363,299.90,300.00,REDONDEO_ARRIBA,111113612004634,2026-07-22 20:53:38
797,19364,1811,Efectivo,PAGO-19364,299.90,300.00,REDONDEO_ARRIBA,111113612004634,2026-07-22 20:53:46
798,19365,1811,Efectivo,PAGO-19365,299.90,300.00,REDONDEO_ARRIBA,111113612004634,2026-07-22 20:53:54
799,19366,1811,Efectivo,PAGO-19366,299.90,300.00,REDONDEO_ARRIBA,111113612004634,2026-07-22 20:54:01
800,,1617,Efectivo,PAGO-GENERAL-1617,0.00,0.20,REMANENTE_NO_APLICADO,111113612004634,2026-07-23 14:11:48
