id_diferencia,id_pago,id_prestamo,monto_esperado,monto_recibido,diferencia,tipo_diferencia,metodo_pago,motivo,observaciones,id_usuario_registro,fecha_registro,fecha_autorizacion,id_usuario_autorizacion,estado
1,16000,1653,587.90,587.20,0.70,ABONO_ANTICIPADO,Efectivo,,Exceso de $0.70 aplicado automáticamente al pago (2026-04-14 00:00:00). Monto reducido de $587.90 a $587.20,111113612004634,2026-04-07 18:35:01,,,AUTORIZADO
2,1281,896,0.00,0.80,0.80,EXCESO_SIN_APLICAR,Efectivo,,Pago en exceso de $0.80 sin siguiente cuota disponible. Último pago del préstamo.,111113612607048,2026-06-03 17:09:08,,,AUTORIZADO
3,1282,896,0.00,0.92,0.92,EXCESO_SIN_APLICAR,Efectivo,,Pago en exceso de $0.92 sin siguiente cuota disponible. Último pago del préstamo.,111113612607048,2026-06-03 17:09:23,,,AUTORIZADO
4,1420,903,0.00,0.80,0.80,EXCESO_SIN_APLICAR,Efectivo,,Pago en exceso de $0.80 sin siguiente cuota disponible. Último pago del préstamo.,111113612607048,2026-06-03 17:26:34,,,AUTORIZADO
5,1435,904,0.00,0.76,0.76,EXCESO_SIN_APLICAR,Efectivo,,Pago en exceso de $0.76 sin siguiente cuota disponible. Último pago del préstamo.,111113612607048,2026-06-03 17:29:50,,,AUTORIZADO
6,15160,1619,0.00,0.97,0.97,EXCESO_SIN_APLICAR,Efectivo,,Pago en exceso de $0.97 sin siguiente cuota disponible. Último pago del préstamo.,111113612607048,2026-06-03 17:37:24,,,AUTORIZADO
7,15162,1619,0.00,0.80,0.80,EXCESO_SIN_APLICAR,Efectivo,,Pago en exceso de $0.80 sin siguiente cuota disponible. Último pago del préstamo.,111113612607048,2026-06-03 17:38:49,,,AUTORIZADO
8,15179,1620,0.00,0.92,0.92,EXCESO_SIN_APLICAR,Efectivo,,Pago en exceso de $0.92 sin siguiente cuota disponible. Último pago del préstamo.,111113612607048,2026-06-03 17:42:17,,,AUTORIZADO
9,7173,1196,0.00,0.80,0.80,EXCESO_SIN_APLICAR,Efectivo,,Pago en exceso de $0.80 sin siguiente cuota disponible. Último pago del préstamo.,111113612607048,2026-06-03 17:49:53,,,AUTORIZADO
10,7198,1197,0.00,0.80,0.80,EXCESO_SIN_APLICAR,Efectivo,,Pago en exceso de $0.80 sin siguiente cuota disponible. Último pago del préstamo.,111113612607048,2026-06-03 17:54:59,,,AUTORIZADO
11,7212,1198,0.00,0.80,0.80,EXCESO_SIN_APLICAR,Efectivo,,Pago en exceso de $0.80 sin siguiente cuota disponible. Último pago del préstamo.,111113612607048,2026-06-03 17:55:58,,,AUTORIZADO
12,15195,1621,0.00,0.80,0.80,EXCESO_SIN_APLICAR,Efectivo,,Pago en exceso de $0.80 sin siguiente cuota disponible. Último pago del préstamo.,111113612607048,2026-06-03 17:57:22,,,AUTORIZADO
13,15297,1625,0.00,0.91,0.91,EXCESO_SIN_APLICAR,Efectivo,,Pago en exceso de $0.91 sin siguiente cuota disponible. Último pago del préstamo.,111113612607048,2026-06-03 18:00:39,,,AUTORIZADO
14,18274,1760,0.00,0.92,0.92,EXCESO_SIN_APLICAR,Efectivo,,Pago en exceso de $0.92 sin siguiente cuota disponible. Último pago del préstamo.,111113612607048,2026-06-03 18:01:59,,,AUTORIZADO
15,18275,1760,0.00,0.87,0.87,EXCESO_SIN_APLICAR,Efectivo,,Pago en exceso de $0.87 sin siguiente cuota disponible. Último pago del préstamo.,111113612607048,2026-06-03 18:02:14,,,AUTORIZADO
16,18276,1760,0.00,0.81,0.81,EXCESO_SIN_APLICAR,Efectivo,,Pago en exceso de $0.81 sin siguiente cuota disponible. Último pago del préstamo.,111113612607048,2026-06-03 18:02:39,,,AUTORIZADO
17,18277,1760,0.00,0.76,0.76,EXCESO_SIN_APLICAR,Efectivo,,Pago en exceso de $0.76 sin siguiente cuota disponible. Último pago del préstamo.,111113612607048,2026-06-03 18:02:52,,,AUTORIZADO
18,17869,1741,0.00,0.77,0.77,EXCESO_SIN_APLICAR,Efectivo,,Pago en exceso de $0.77 sin siguiente cuota disponible. Último pago del préstamo.,111113612607048,2026-06-03 18:04:25,,,AUTORIZADO
19,17331,1714,0.00,0.80,0.80,EXCESO_SIN_APLICAR,Efectivo,,Pago en exceso de $0.80 sin siguiente cuota disponible. Último pago del préstamo.,111113612607048,2026-06-03 18:13:04,,,AUTORIZADO
20,10596,1367,0.00,0.80,0.80,EXCESO_SIN_APLICAR,Efectivo,,Pago en exceso de $0.80 sin siguiente cuota disponible. Último pago del préstamo.,111113612607048,2026-06-03 18:13:44,,,AUTORIZADO
21,16260,1664,0.00,0.80,0.80,EXCESO_SIN_APLICAR,Efectivo,,Pago en exceso de $0.80 sin siguiente cuota disponible. Último pago del préstamo.,111113612607048,2026-06-03 18:15:32,,,AUTORIZADO
22,16323,1667,0.00,0.91,0.91,EXCESO_SIN_APLICAR,Efectivo,,Pago en exceso de $0.91 sin siguiente cuota disponible. Último pago del préstamo.,111113612607048,2026-06-03 18:16:08,,,AUTORIZADO
23,16371,1668,0.00,0.91,0.91,EXCESO_SIN_APLICAR,Efectivo,,Pago en exceso de $0.91 sin siguiente cuota disponible. Último pago del préstamo.,111113612607048,2026-06-03 18:17:24,,,AUTORIZADO
24,16276,1671,0.00,0.91,0.91,EXCESO_SIN_APLICAR,Efectivo,,Pago en exceso de $0.91 sin siguiente cuota disponible. Último pago del préstamo.,111113612607048,2026-06-03 18:21:26,,,AUTORIZADO
25,16348,1666,0.00,0.91,0.91,EXCESO_SIN_APLICAR,Efectivo,,Pago en exceso de $0.91 sin siguiente cuota disponible. Último pago del préstamo.,111113612607048,2026-06-03 18:22:34,,,AUTORIZADO
26,17354,1715,0.00,0.71,0.71,EXCESO_SIN_APLICAR,Efectivo,,Pago en exceso de $0.71 sin siguiente cuota disponible. Último pago del préstamo.,111113612607048,2026-06-03 18:25:57,,,AUTORIZADO
27,18166,1755,0.00,0.84,0.84,EXCESO_SIN_APLICAR,Efectivo,,Pago en exceso de $0.84 sin siguiente cuota disponible. Último pago del préstamo.,111113612607048,2026-06-03 18:27:15,,,AUTORIZADO
28,18752,1782,0.00,0.80,0.80,EXCESO_SIN_APLICAR,Efectivo,,Pago en exceso de $0.80 sin siguiente cuota disponible. Último pago del préstamo.,111113612607048,2026-06-03 18:29:12,,,AUTORIZADO
29,17373,1716,0.00,0.72,0.72,EXCESO_SIN_APLICAR,Efectivo,,Pago en exceso de $0.72 sin siguiente cuota disponible. Último pago del préstamo.,111113612607048,2026-06-03 18:29:54,,,AUTORIZADO
30,17374,1716,0.00,0.80,0.80,EXCESO_SIN_APLICAR,Efectivo,,Pago en exceso de $0.80 sin siguiente cuota disponible. Último pago del préstamo.,111113612607048,2026-06-03 18:30:06,,,AUTORIZADO
31,18732,1781,0.00,0.72,0.72,EXCESO_SIN_APLICAR,Efectivo,,Pago en exceso de $0.72 sin siguiente cuota disponible. Último pago del préstamo.,111113612607048,2026-06-03 18:30:53,,,AUTORIZADO
32,18733,1781,0.00,0.80,0.80,EXCESO_SIN_APLICAR,Efectivo,,Pago en exceso de $0.80 sin siguiente cuota disponible. Último pago del préstamo.,111113612607048,2026-06-03 18:31:05,,,AUTORIZADO
33,2354,938,0.00,0.76,0.76,EXCESO_SIN_APLICAR,Efectivo,,Pago en exceso de $0.76 sin siguiente cuota disponible. Último pago del préstamo.,111113612607048,2026-06-03 18:31:47,,,AUTORIZADO
34,2370,939,0.00,0.76,0.76,EXCESO_SIN_APLICAR,Efectivo,,Pago en exceso de $0.76 sin siguiente cuota disponible. Último pago del préstamo.,111113612607048,2026-06-03 18:32:56,,,AUTORIZADO
35,2392,940,0.00,0.76,0.76,EXCESO_SIN_APLICAR,Efectivo,,Pago en exceso de $0.76 sin siguiente cuota disponible. Último pago del préstamo.,111113612607048,2026-06-03 18:34:40,,,AUTORIZADO
36,2410,941,0.00,0.76,0.76,EXCESO_SIN_APLICAR,Efectivo,,Pago en exceso de $0.76 sin siguiente cuota disponible. Último pago del préstamo.,111113612607048,2026-06-03 18:35:50,,,AUTORIZADO
37,16892,1692,0.00,0.76,0.76,EXCESO_SIN_APLICAR,Efectivo,,Pago en exceso de $0.76 sin siguiente cuota disponible. Último pago del préstamo.,111113612607048,2026-06-03 18:37:23,,,AUTORIZADO
38,17025,1699,0.00,0.76,0.76,EXCESO_SIN_APLICAR,Efectivo,,Pago en exceso de $0.76 sin siguiente cuota disponible. Último pago del préstamo.,111113612607048,2026-06-03 18:38:24,,,AUTORIZADO
39,15576,1638,0.00,0.72,0.72,EXCESO_SIN_APLICAR,Efectivo,,Pago en exceso de $0.72 sin siguiente cuota disponible. Último pago del préstamo.,111113612607048,2026-06-03 18:41:26,,,AUTORIZADO
40,15577,1638,0.00,0.80,0.80,EXCESO_SIN_APLICAR,Efectivo,,Pago en exceso de $0.80 sin siguiente cuota disponible. Último pago del préstamo.,111113612607048,2026-06-03 18:41:39,,,AUTORIZADO
41,15558,1637,0.00,0.72,0.72,EXCESO_SIN_APLICAR,Efectivo,,Pago en exceso de $0.72 sin siguiente cuota disponible. Último pago del préstamo.,111113612607048,2026-06-03 18:43:23,,,AUTORIZADO
42,15559,1637,0.00,0.80,0.80,EXCESO_SIN_APLICAR,Efectivo,,Pago en exceso de $0.80 sin siguiente cuota disponible. Último pago del préstamo.,111113612607048,2026-06-03 18:43:34,,,AUTORIZADO
43,3629,1023,0.00,0.98,0.98,EXCESO_SIN_APLICAR,Efectivo,,Pago en exceso de $0.98 sin siguiente cuota disponible. Último pago del préstamo.,111113612607048,2026-06-03 18:46:52,,,AUTORIZADO
44,17556,1727,0.00,0.71,0.71,EXCESO_SIN_APLICAR,Efectivo,,Pago en exceso de $0.71 sin siguiente cuota disponible. Último pago del préstamo.,111113612607048,2026-06-03 18:47:26,,,AUTORIZADO
45,17557,1727,0.00,0.90,0.90,EXCESO_SIN_APLICAR,Efectivo,,Pago en exceso de $0.90 sin siguiente cuota disponible. Último pago del préstamo.,111113612607048,2026-06-03 18:47:39,,,AUTORIZADO
46,3985,1034,0.00,0.96,0.96,EXCESO_SIN_APLICAR,Efectivo,,Pago en exceso de $0.96 sin siguiente cuota disponible. Último pago del préstamo.,111113612607048,2026-06-03 18:52:42,,,AUTORIZADO
47,18086,1751,0.00,0.71,0.71,EXCESO_SIN_APLICAR,Efectivo,,Pago en exceso de $0.71 sin siguiente cuota disponible. Último pago del préstamo.,111113612607048,2026-06-03 18:53:51,,,AUTORIZADO
48,18087,1751,0.00,0.90,0.90,EXCESO_SIN_APLICAR,Efectivo,,Pago en exceso de $0.90 sin siguiente cuota disponible. Último pago del préstamo.,111113612607048,2026-06-03 18:54:06,,,AUTORIZADO
49,4311,1043,0.00,0.80,0.80,EXCESO_SIN_APLICAR,Efectivo,,Pago en exceso de $0.80 sin siguiente cuota disponible. Último pago del préstamo.,111113612607048,2026-06-03 18:57:43,,,AUTORIZADO
50,4382,1045,0.00,0.80,0.80,EXCESO_SIN_APLICAR,Efectivo,,Pago en exceso de $0.80 sin siguiente cuota disponible. Último pago del préstamo.,111113612607048,2026-06-03 19:00:01,,,AUTORIZADO
51,4417,1047,0.00,0.88,0.88,EXCESO_SIN_APLICAR,Efectivo,,Pago en exceso de $0.88 sin siguiente cuota disponible. Último pago del préstamo.,111113612607048,2026-06-03 19:04:14,,,AUTORIZADO
52,19280,1808,0.00,0.80,0.80,EXCESO_SIN_APLICAR,Efectivo,,Pago en exceso de $0.80 sin siguiente cuota disponible. Último pago del préstamo.,111113612607048,2026-06-03 19:06:03,,,AUTORIZADO
53,16808,1688,0.00,0.71,0.71,EXCESO_SIN_APLICAR,Efectivo,,Pago en exceso de $0.71 sin siguiente cuota disponible. Último pago del préstamo.,111113612607048,2026-06-03 19:09:56,,,AUTORIZADO
54,16791,1687,0.00,0.72,0.72,EXCESO_SIN_APLICAR,Efectivo,,Pago en exceso de $0.72 sin siguiente cuota disponible. Último pago del préstamo.,111113612607048,2026-06-03 19:15:17,,,AUTORIZADO
55,16792,1687,0.00,0.80,0.80,EXCESO_SIN_APLICAR,Efectivo,,Pago en exceso de $0.80 sin siguiente cuota disponible. Último pago del préstamo.,111113612607048,2026-06-03 19:15:35,,,AUTORIZADO
56,16754,1685,0.00,0.71,0.71,EXCESO_SIN_APLICAR,Efectivo,,Pago en exceso de $0.71 sin siguiente cuota disponible. Último pago del préstamo.,111113612607048,2026-06-03 19:16:15,,,AUTORIZADO
57,16772,1686,0.00,0.71,0.71,EXCESO_SIN_APLICAR,Efectivo,,Pago en exceso de $0.71 sin siguiente cuota disponible. Último pago del préstamo.,111113612607048,2026-06-03 19:21:10,,,AUTORIZADO
58,16826,1689,0.00,0.71,0.71,EXCESO_SIN_APLICAR,Efectivo,,Pago en exceso de $0.71 sin siguiente cuota disponible. Último pago del préstamo.,111113612607048,2026-06-03 19:24:38,,,AUTORIZADO
59,16437,1673,0.00,0.80,0.80,EXCESO_SIN_APLICAR,Efectivo,,Pago en exceso de $0.80 sin siguiente cuota disponible. Último pago del préstamo.,111113612607048,2026-06-03 19:31:42,,,AUTORIZADO
60,18632,1775,0.00,0.96,0.96,EXCESO_SIN_APLICAR,Efectivo,,Pago en exceso de $0.96 sin siguiente cuota disponible. Último pago del préstamo.,111113612607048,2026-06-03 19:46:17,,,AUTORIZADO
61,15214,1622,0.00,0.88,0.88,EXCESO_SIN_APLICAR,Efectivo,,Pago en exceso de $0.88 sin siguiente cuota disponible. Último pago del préstamo.,111113612607048,2026-06-03 19:58:02,,,AUTORIZADO
62,4819,1066,0.00,0.88,0.88,EXCESO_SIN_APLICAR,Efectivo,,Pago en exceso de $0.88 sin siguiente cuota disponible. Último pago del préstamo.,111113612607048,2026-06-03 20:07:05,,,AUTORIZADO
63,4838,1067,0.00,0.88,0.88,EXCESO_SIN_APLICAR,Efectivo,,Pago en exceso de $0.88 sin siguiente cuota disponible. Último pago del préstamo.,111113612607048,2026-06-03 20:09:57,,,AUTORIZADO
64,15232,1623,0.00,0.88,0.88,EXCESO_SIN_APLICAR,Efectivo,,Pago en exceso de $0.88 sin siguiente cuota disponible. Último pago del préstamo.,111113612607048,2026-06-03 20:11:37,,,AUTORIZADO
65,4872,1069,0.00,0.88,0.88,EXCESO_SIN_APLICAR,Efectivo,,Pago en exceso de $0.88 sin siguiente cuota disponible. Último pago del préstamo.,111113612607048,2026-06-03 20:15:24,,,AUTORIZADO
66,19368,1812,0.00,0.77,0.77,EXCESO_SIN_APLICAR,Efectivo,,Pago en exceso de $0.77 sin siguiente cuota disponible. Último pago del préstamo.,111113612607048,2026-06-03 20:24:35,,,AUTORIZADO
67,17630,1730,0.00,0.99,0.99,EXCESO_SIN_APLICAR,Efectivo,,Pago en exceso de $0.99 sin siguiente cuota disponible. Último pago del préstamo.,111113612607048,2026-06-03 20:38:10,,,AUTORIZADO
68,12249,1429,0.00,0.80,0.80,EXCESO_SIN_APLICAR,Efectivo,,Pago en exceso de $0.80 sin siguiente cuota disponible. Último pago del préstamo.,111113612607048,2026-06-03 20:39:12,,,AUTORIZADO
69,12376,1433,0.00,0.76,0.76,EXCESO_SIN_APLICAR,Efectivo,,Pago en exceso de $0.76 sin siguiente cuota disponible. Último pago del préstamo.,111113612607048,2026-06-03 20:41:16,,,AUTORIZADO
70,12457,1435,0.00,0.80,0.80,EXCESO_SIN_APLICAR,Efectivo,,Pago en exceso de $0.80 sin siguiente cuota disponible. Último pago del préstamo.,111113612607048,2026-06-03 20:42:18,,,AUTORIZADO
71,12670,1441,0.00,0.80,0.80,EXCESO_SIN_APLICAR,Efectivo,,Pago en exceso de $0.80 sin siguiente cuota disponible. Último pago del préstamo.,111113612607048,2026-06-03 20:44:34,,,AUTORIZADO
72,12957,1450,0.00,0.79,0.79,EXCESO_SIN_APLICAR,Efectivo,,Pago en exceso de $0.79 sin siguiente cuota disponible. Último pago del préstamo.,111113612607048,2026-06-03 20:49:57,,,AUTORIZADO
73,12958,1450,0.00,0.76,0.76,EXCESO_SIN_APLICAR,Efectivo,,Pago en exceso de $0.76 sin siguiente cuota disponible. Último pago del préstamo.,111113612607048,2026-06-03 20:50:07,,,AUTORIZADO
74,12959,1450,0.00,0.73,0.73,EXCESO_SIN_APLICAR,Efectivo,,Pago en exceso de $0.73 sin siguiente cuota disponible. Último pago del préstamo.,111113612607048,2026-06-03 20:50:18,,,AUTORIZADO
75,15690,1644,0.00,0.73,0.73,EXCESO_SIN_APLICAR,Efectivo,,Pago en exceso de $0.73 sin siguiente cuota disponible. Último pago del préstamo.,111113612607048,2026-06-03 20:50:46,,,AUTORIZADO
76,17580,1728,0.00,0.80,0.80,EXCESO_SIN_APLICAR,Efectivo,,Pago en exceso de $0.80 sin siguiente cuota disponible. Último pago del préstamo.,111113612607048,2026-06-03 20:54:12,,,AUTORIZADO
77,13284,1489,0.00,0.73,0.73,EXCESO_SIN_APLICAR,Efectivo,,Pago en exceso de $0.73 sin siguiente cuota disponible. Último pago del préstamo.,111113612607048,2026-06-03 20:55:06,,,AUTORIZADO
78,18045,1749,0.00,0.80,0.80,EXCESO_SIN_APLICAR,Efectivo,,Pago en exceso de $0.80 sin siguiente cuota disponible. Último pago del préstamo.,111113612607048,2026-06-03 20:56:44,,,AUTORIZADO
79,13399,1493,0.00,0.88,0.88,EXCESO_SIN_APLICAR,Efectivo,,Pago en exceso de $0.88 sin siguiente cuota disponible. Último pago del préstamo.,111113612607048,2026-06-03 20:57:51,,,AUTORIZADO
80,13523,1497,0.00,0.80,0.80,EXCESO_SIN_APLICAR,Efectivo,,Pago en exceso de $0.80 sin siguiente cuota disponible. Último pago del préstamo.,111113612607048,2026-06-03 20:59:25,,,AUTORIZADO
81,13604,1500,0.00,0.79,0.79,EXCESO_SIN_APLICAR,Efectivo,,Pago en exceso de $0.79 sin siguiente cuota disponible. Último pago del préstamo.,111113612607048,2026-06-03 21:00:21,,,AUTORIZADO
82,13605,1500,0.00,0.76,0.76,EXCESO_SIN_APLICAR,Efectivo,,Pago en exceso de $0.76 sin siguiente cuota disponible. Último pago del préstamo.,111113612607048,2026-06-03 21:00:58,,,AUTORIZADO
83,13606,1500,0.00,0.73,0.73,EXCESO_SIN_APLICAR,Efectivo,,Pago en exceso de $0.73 sin siguiente cuota disponible. Último pago del préstamo.,111113612607048,2026-06-03 21:01:07,,,AUTORIZADO
84,13755,1506,0.00,0.80,0.80,EXCESO_SIN_APLICAR,Efectivo,,Pago en exceso de $0.80 sin siguiente cuota disponible. Último pago del préstamo.,111113612607048,2026-06-03 21:04:44,,,AUTORIZADO
85,13780,1507,0.00,0.80,0.80,EXCESO_SIN_APLICAR,Efectivo,,Pago en exceso de $0.80 sin siguiente cuota disponible. Último pago del préstamo.,111113612607048,2026-06-03 21:05:50,,,AUTORIZADO
86,13798,1508,0.00,0.80,0.80,EXCESO_SIN_APLICAR,Efectivo,,Pago en exceso de $0.80 sin siguiente cuota disponible. Último pago del préstamo.,111113612607048,2026-06-03 21:06:29,,,AUTORIZADO
87,7430,1233,0.00,0.72,0.72,EXCESO_SIN_APLICAR,Efectivo,,Pago en exceso de $0.72 sin siguiente cuota disponible. Último pago del préstamo.,111113612607048,2026-06-06 17:27:22,,,AUTORIZADO
88,7431,1233,0.00,0.86,0.86,EXCESO_SIN_APLICAR,Efectivo,,Pago en exceso de $0.86 sin siguiente cuota disponible. Último pago del préstamo.,111113612607048,2026-06-06 17:27:36,,,AUTORIZADO
89,7521,1237,0.00,0.72,0.72,EXCESO_SIN_APLICAR,Efectivo,,Pago en exceso de $0.72 sin siguiente cuota disponible. Último pago del préstamo.,111113612607048,2026-06-06 17:28:43,,,AUTORIZADO
90,7522,1237,0.00,0.86,0.86,EXCESO_SIN_APLICAR,Efectivo,,Pago en exceso de $0.86 sin siguiente cuota disponible. Último pago del préstamo.,111113612607048,2026-06-06 17:28:54,,,AUTORIZADO
91,16667,1682,0.00,0.70,0.70,EXCESO_SIN_APLICAR,Efectivo,,Pago en exceso de $0.70 sin siguiente cuota disponible. Último pago del préstamo.,111113612607048,2026-06-06 17:36:18,,,AUTORIZADO
92,16668,1682,0.00,0.90,0.90,EXCESO_SIN_APLICAR,Efectivo,,Pago en exceso de $0.90 sin siguiente cuota disponible. Último pago del préstamo.,111113612607048,2026-06-06 17:36:29,,,AUTORIZADO
93,7787,1245,0.00,0.72,0.72,EXCESO_SIN_APLICAR,Efectivo,,Pago en exceso de $0.72 sin siguiente cuota disponible. Último pago del préstamo.,111113612607048,2026-06-06 17:37:08,,,AUTORIZADO
94,7788,1245,0.00,0.86,0.86,EXCESO_SIN_APLICAR,Efectivo,,Pago en exceso de $0.86 sin siguiente cuota disponible. Último pago del préstamo.,111113612607048,2026-06-06 17:37:18,,,AUTORIZADO
95,7803,1246,0.00,0.93,0.93,EXCESO_SIN_APLICAR,Efectivo,,Pago en exceso de $0.93 sin siguiente cuota disponible. Último pago del préstamo.,111113612607048,2026-06-06 17:37:58,,,AUTORIZADO
96,7804,1246,0.00,0.97,0.97,EXCESO_SIN_APLICAR,Efectivo,,Pago en exceso de $0.97 sin siguiente cuota disponible. Último pago del préstamo.,111113612607048,2026-06-06 17:38:09,,,AUTORIZADO
97,7956,1251,0.00,0.80,0.80,EXCESO_SIN_APLICAR,Efectivo,,Pago en exceso de $0.80 sin siguiente cuota disponible. Último pago del préstamo.,111113612607048,2026-06-06 17:41:13,,,AUTORIZADO
98,17416,1719,0.00,0.77,0.77,EXCESO_SIN_APLICAR,Efectivo,,Pago en exceso de $0.77 sin siguiente cuota disponible. Último pago del préstamo.,111113612607048,2026-06-06 17:42:04,,,AUTORIZADO
99,19206,1804,0.00,0.80,0.80,EXCESO_SIN_APLICAR,Efectivo,,Pago en exceso de $0.80 sin siguiente cuota disponible. Último pago del préstamo.,111113612607048,2026-06-06 17:43:45,,,AUTORIZADO
100,19230,1805,0.00,0.80,0.80,EXCESO_SIN_APLICAR,Efectivo,,Pago en exceso de $0.80 sin siguiente cuota disponible. Último pago del préstamo.,111113612607048,2026-06-06 17:49:20,,,AUTORIZADO
101,8129,1257,0.00,0.80,0.80,EXCESO_SIN_APLICAR,Efectivo,,Pago en exceso de $0.80 sin siguiente cuota disponible. Último pago del préstamo.,111113612607048,2026-06-06 17:51:57,,,AUTORIZADO
102,8249,1261,0.00,0.80,0.80,EXCESO_SIN_APLICAR,Efectivo,,Pago en exceso de $0.80 sin siguiente cuota disponible. Último pago del préstamo.,111113612607048,2026-06-06 17:56:02,,,AUTORIZADO
103,8305,1263,0.00,0.80,0.80,EXCESO_SIN_APLICAR,Efectivo,,Pago en exceso de $0.80 sin siguiente cuota disponible. Último pago del préstamo.,111113612607048,2026-06-06 18:01:11,,,AUTORIZADO
104,8336,1264,0.00,0.80,0.80,EXCESO_SIN_APLICAR,Efectivo,,Pago en exceso de $0.80 sin siguiente cuota disponible. Último pago del préstamo.,111113612607048,2026-06-06 18:01:58,,,AUTORIZADO
105,8404,1266,0.00,0.80,0.80,EXCESO_SIN_APLICAR,Efectivo,,Pago en exceso de $0.80 sin siguiente cuota disponible. Último pago del préstamo.,111113612607048,2026-06-06 18:03:31,,,AUTORIZADO
106,8448,1268,0.00,0.80,0.80,EXCESO_SIN_APLICAR,Efectivo,,Pago en exceso de $0.80 sin siguiente cuota disponible. Último pago del préstamo.,111113612607048,2026-06-06 18:04:29,,,AUTORIZADO
107,8525,1270,0.00,0.80,0.80,EXCESO_SIN_APLICAR,Efectivo,,Pago en exceso de $0.80 sin siguiente cuota disponible. Último pago del préstamo.,111113612607048,2026-06-06 18:06:51,,,AUTORIZADO
108,22179,1270,0.00,0.96,0.96,EXCESO_SIN_APLICAR,Efectivo,,Pago en exceso de $0.96 sin siguiente cuota disponible. Último pago del préstamo.,111113612607048,2026-06-06 18:07:26,,,AUTORIZADO
109,8563,1271,0.00,0.80,0.80,EXCESO_SIN_APLICAR,Efectivo,,Pago en exceso de $0.80 sin siguiente cuota disponible. Último pago del préstamo.,111113612607048,2026-06-06 18:08:09,,,AUTORIZADO
110,22180,1271,0.00,0.99,0.99,EXCESO_SIN_APLICAR,Efectivo,,Pago en exceso de $0.99 sin siguiente cuota disponible. Último pago del préstamo.,111113612607048,2026-06-06 18:08:38,,,AUTORIZADO
111,16541,1677,0.00,0.80,0.80,EXCESO_SIN_APLICAR,Efectivo,,Pago en exceso de $0.80 sin siguiente cuota disponible. Último pago del préstamo.,111113612607048,2026-06-06 18:12:39,,,AUTORIZADO
112,8667,1274,0.00,0.80,0.80,EXCESO_SIN_APLICAR,Efectivo,,Pago en exceso de $0.80 sin siguiente cuota disponible. Último pago del préstamo.,111113612607048,2026-06-06 18:13:45,,,AUTORIZADO
113,8840,1279,0.00,0.80,0.80,EXCESO_SIN_APLICAR,Efectivo,,Pago en exceso de $0.80 sin siguiente cuota disponible. Último pago del préstamo.,111113612607048,2026-06-06 18:17:40,,,AUTORIZADO
114,8936,1282,0.00,0.80,0.80,EXCESO_SIN_APLICAR,Efectivo,,Pago en exceso de $0.80 sin siguiente cuota disponible. Último pago del préstamo.,111113612607048,2026-06-06 18:20:59,,,AUTORIZADO
115,9073,1288,0.00,0.80,0.80,EXCESO_SIN_APLICAR,Efectivo,,Pago en exceso de $0.80 sin siguiente cuota disponible. Último pago del préstamo.,111113612607048,2026-06-06 18:26:15,,,AUTORIZADO
116,16967,1696,0.00,0.80,0.80,EXCESO_SIN_APLICAR,Efectivo,,Pago en exceso de $0.80 sin siguiente cuota disponible. Último pago del préstamo.,111113612607048,2026-06-06 18:27:14,,,AUTORIZADO
117,19611,1823,0.00,0.80,0.80,EXCESO_SIN_APLICAR,Efectivo,,Pago en exceso de $0.80 sin siguiente cuota disponible. Último pago del préstamo.,111113612607048,2026-06-06 18:27:51,,,AUTORIZADO
118,9090,1289,0.00,0.70,0.70,EXCESO_SIN_APLICAR,Efectivo,,Pago en exceso de $0.70 sin siguiente cuota disponible. Último pago del préstamo.,111113612607048,2026-06-06 18:32:35,,,AUTORIZADO
119,9125,1290,0.00,0.80,0.80,EXCESO_SIN_APLICAR,Efectivo,,Pago en exceso de $0.80 sin siguiente cuota disponible. Último pago del préstamo.,111113612607048,2026-06-06 18:36:01,,,AUTORIZADO
120,9303,1296,0.00,0.72,0.72,EXCESO_SIN_APLICAR,Efectivo,,Pago en exceso de $0.72 sin siguiente cuota disponible. Último pago del préstamo.,111113612607048,2026-06-06 18:39:44,,,AUTORIZADO
121,9304,1296,0.00,0.86,0.86,EXCESO_SIN_APLICAR,Efectivo,,Pago en exceso de $0.86 sin siguiente cuota disponible. Último pago del préstamo.,111113612607048,2026-06-06 18:39:55,,,AUTORIZADO
122,18423,1764,0.00,0.77,0.77,EXCESO_SIN_APLICAR,Efectivo,,Pago en exceso de $0.77 sin siguiente cuota disponible. Último pago del préstamo.,111113612607048,2026-06-06 18:40:46,,,AUTORIZADO
123,9337,1297,0.00,0.72,0.72,EXCESO_SIN_APLICAR,Efectivo,,Pago en exceso de $0.72 sin siguiente cuota disponible. Último pago del préstamo.,111113612607048,2026-06-06 18:45:56,,,AUTORIZADO
124,9338,1297,0.00,0.86,0.86,EXCESO_SIN_APLICAR,Efectivo,,Pago en exceso de $0.86 sin siguiente cuota disponible. Último pago del préstamo.,111113612607048,2026-06-06 18:46:08,,,AUTORIZADO
125,9434,1300,0.00,0.70,0.70,EXCESO_SIN_APLICAR,Efectivo,,Pago en exceso de $0.70 sin siguiente cuota disponible. Último pago del préstamo.,111113612607048,2026-06-06 18:48:59,,,AUTORIZADO
126,9763,1311,0.00,0.72,0.72,EXCESO_SIN_APLICAR,Efectivo,,Pago en exceso de $0.72 sin siguiente cuota disponible. Último pago del préstamo.,111113612607048,2026-06-06 18:58:42,,,AUTORIZADO
127,9764,1311,0.00,0.86,0.86,EXCESO_SIN_APLICAR,Efectivo,,Pago en exceso de $0.86 sin siguiente cuota disponible. Último pago del préstamo.,111113612607048,2026-06-06 18:58:53,,,AUTORIZADO
128,9971,1319,0.00,0.80,0.80,EXCESO_SIN_APLICAR,Efectivo,,Pago en exceso de $0.80 sin siguiente cuota disponible. Último pago del préstamo.,111113612607048,2026-06-06 19:05:22,,,AUTORIZADO
129,9955,1318,0.00,0.80,0.80,EXCESO_SIN_APLICAR,Efectivo,,Pago en exceso de $0.80 sin siguiente cuota disponible. Último pago del préstamo.,111113612607048,2026-06-06 19:06:14,,,AUTORIZADO
130,15643,1642,0.00,0.80,0.80,EXCESO_SIN_APLICAR,Efectivo,,Pago en exceso de $0.80 sin siguiente cuota disponible. Último pago del préstamo.,111113612607048,2026-06-06 19:11:23,,,AUTORIZADO
131,15667,1643,0.00,0.80,0.80,EXCESO_SIN_APLICAR,Efectivo,,Pago en exceso de $0.80 sin siguiente cuota disponible. Último pago del préstamo.,111113612607048,2026-06-06 19:12:08,,,AUTORIZADO
132,18652,1776,0.00,0.90,0.90,EXCESO_SIN_APLICAR,Efectivo,,Pago en exceso de $0.90 sin siguiente cuota disponible. Último pago del préstamo.,111113612607048,2026-06-06 19:13:14,,,AUTORIZADO
133,1246,894,0.00,0.88,0.88,EXCESO_SIN_APLICAR,Efectivo,,Pago en exceso de $0.88 sin siguiente cuota disponible. Último pago del préstamo.,111113612607048,2026-06-06 19:16:57,,,AUTORIZADO
134,15123,1617,0.00,0.81,0.81,EXCESO_SIN_APLICAR,Efectivo,,Pago en exceso de $0.81 sin siguiente cuota disponible. Último pago del préstamo.,111113612607048,2026-06-06 19:18:49,,,AUTORIZADO
135,15143,1618,0.00,0.88,0.88,EXCESO_SIN_APLICAR,Efectivo,,Pago en exceso de $0.88 sin siguiente cuota disponible. Último pago del préstamo.,111113612607048,2026-06-06 19:20:06,,,AUTORIZADO
136,15124,1617,0.00,0.94,0.94,EXCESO_SIN_APLICAR,Efectivo,,Pago en exceso de $0.94 sin siguiente cuota disponible. Último pago del préstamo.,111113612607048,2026-06-06 19:20:57,,,AUTORIZADO
137,15127,1617,0.00,0.80,0.80,EXCESO_SIN_APLICAR,Efectivo,,Pago en exceso de $0.80 sin siguiente cuota disponible. Último pago del préstamo.,111113612607048,2026-06-06 19:21:32,,,AUTORIZADO
138,7310,1201,0.00,0.80,0.80,EXCESO_SIN_APLICAR,Efectivo,,Pago en exceso de $0.80 sin siguiente cuota disponible. Último pago del préstamo.,111113612607048,2026-06-06 19:22:55,,,AUTORIZADO
139,10184,1325,0.00,0.93,0.93,EXCESO_SIN_APLICAR,Efectivo,,Pago en exceso de $0.93 sin siguiente cuota disponible. Último pago del préstamo.,111113612607048,2026-06-06 19:24:10,,,AUTORIZADO
140,10186,1325,0.00,0.87,0.87,EXCESO_SIN_APLICAR,Efectivo,,Pago en exceso de $0.87 sin siguiente cuota disponible. Último pago del préstamo.,111113612607048,2026-06-06 19:24:33,,,AUTORIZADO
141,10236,1327,0.00,0.93,0.93,EXCESO_SIN_APLICAR,Efectivo,,Pago en exceso de $0.93 sin siguiente cuota disponible. Último pago del préstamo.,111113612607048,2026-06-06 19:25:35,,,AUTORIZADO
142,10238,1327,0.00,0.87,0.87,EXCESO_SIN_APLICAR,Efectivo,,Pago en exceso de $0.87 sin siguiente cuota disponible. Último pago del préstamo.,111113612607048,2026-06-06 19:25:57,,,AUTORIZADO
143,15322,1626,0.00,0.75,0.75,EXCESO_SIN_APLICAR,Efectivo,,Pago en exceso de $0.75 sin siguiente cuota disponible. Último pago del préstamo.,111113612607048,2026-06-06 19:27:20,,,AUTORIZADO
144,10446,1362,0.00,0.91,0.91,EXCESO_SIN_APLICAR,Efectivo,,Pago en exceso de $0.91 sin siguiente cuota disponible. Último pago del préstamo.,111113612607048,2026-06-06 19:33:28,,,AUTORIZADO
145,10449,1362,0.00,0.99,0.99,EXCESO_SIN_APLICAR,Efectivo,,Pago en exceso de $0.99 sin siguiente cuota disponible. Último pago del préstamo.,111113612607048,2026-06-06 19:33:59,,,AUTORIZADO
146,15394,1629,0.00,0.75,0.75,EXCESO_SIN_APLICAR,Efectivo,,Pago en exceso de $0.75 sin siguiente cuota disponible. Último pago del préstamo.,111113612607048,2026-06-06 19:38:31,,,AUTORIZADO
147,10497,1363,0.00,0.80,0.80,EXCESO_SIN_APLICAR,Efectivo,,Pago en exceso de $0.80 sin siguiente cuota disponible. Último pago del préstamo.,111113612607048,2026-06-06 19:44:15,,,AUTORIZADO
148,11875,1416,0.00,0.83,0.83,EXCESO_SIN_APLICAR,Efectivo,,Pago en exceso de $0.83 sin siguiente cuota disponible. Último pago del préstamo.,111113612004634,2026-07-24 16:42:24,,,AUTORIZADO
149,11876,1416,0.00,0.83,0.83,EXCESO_SIN_APLICAR,Efectivo,,Pago en exceso de $0.83 sin siguiente cuota disponible. Último pago del préstamo.,111113612004634,2026-07-24 16:42:32,,,AUTORIZADO
150,11877,1416,0.00,0.83,0.83,EXCESO_SIN_APLICAR,Efectivo,,Pago en exceso de $0.83 sin siguiente cuota disponible. Último pago del préstamo.,111113612004634,2026-07-24 16:42:39,,,AUTORIZADO
151,11878,1416,0.00,0.83,0.83,EXCESO_SIN_APLICAR,Efectivo,,Pago en exceso de $0.83 sin siguiente cuota disponible. Último pago del préstamo.,111113612004634,2026-07-24 16:42:45,,,AUTORIZADO
