id_grupo,id_cliente,rol_en_grupo,estatus,fecha_creacion,fecha_actualizacion,id_registro,fecha_asignacion_rol
1,11112839233,Miembro,Activo,2025-06-05 19:26:11,2025-12-17 22:44:46,1,2025-12-17 22:44:46
14,11112925238,Miembro,Activo,2025-06-25 00:15:07,2025-08-07 22:01:08,7,2025-06-25 00:15:07
1,11112903012,Miembro,Activo,2025-06-26 00:35:06,2025-06-26 00:35:06,8,2025-06-26 00:35:06
14,11113008579,Miembro,Activo,2025-06-27 19:48:33,2025-08-07 22:01:27,9,2025-06-27 19:48:33
1,11112984597,Miembro,Activo,2025-06-27 20:56:34,2025-06-27 20:56:34,10,2025-06-27 20:56:34
3,11113057488,Jefa de Centro,Activo,2025-07-04 17:45:24,2025-12-18 17:49:37,13,2025-12-18 17:49:37
4,11112919810,Tesorera,Activo,2025-07-15 20:23:41,2025-12-18 16:19:03,14,2025-12-18 16:19:03
4,11112861463,Miembro,Activo,2025-07-15 20:48:21,2025-07-15 20:48:21,15,2025-07-15 20:48:21
4,11112899272,Jefa de Centro,Activo,2025-07-15 21:49:19,2025-12-18 16:18:52,16,2025-12-18 16:18:52
5,11112985973,Miembro,Activo,2025-07-15 22:07:01,2025-08-05 19:06:39,17,2025-07-15 22:07:01
5,11112821963,Miembro,Activo,2025-07-15 22:51:40,2025-07-16 16:46:01,18,2025-07-15 22:51:40
4,11112918184,Miembro,Activo,2025-07-16 15:33:04,2025-07-16 15:33:04,19,2025-07-16 15:33:04
4,11112922068,Miembro,Activo,2025-07-16 15:43:27,2025-07-16 15:43:27,20,2025-07-16 15:43:27
12,11113129537,Miembro,Activo,2025-07-16 16:30:35,2025-07-30 22:57:35,21,2025-07-16 16:30:35
42,11113204127,Jefa de Centro,Activo,2025-07-22 20:11:26,2025-09-16 21:51:36,22,2025-09-11 22:48:56
7,11112971766,Miembro,Activo,2025-07-30 18:29:52,2025-07-30 18:29:52,25,2025-07-30 18:29:52
47,11112979148,Miembro,Activo,2025-07-30 18:44:45,2025-08-07 22:06:02,26,2025-07-30 18:44:45
15,11113029053,Miembro,Activo,2025-07-30 19:08:11,2026-03-31 23:11:47,27,2025-07-30 19:08:11
15,11113017302,Miembro,Activo,2025-07-30 19:25:23,2025-07-30 19:25:23,28,2025-07-30 19:25:23
47,11112966560,Miembro,Activo,2025-07-30 20:09:15,2025-08-07 22:05:08,30,2025-07-30 20:09:15
3,11112805333,Miembro,Activo,2025-07-30 21:49:35,2025-07-30 21:49:35,31,2025-07-30 21:49:35
13,11112909806,Miembro,Activo,2025-07-30 23:47:47,2025-08-07 22:11:47,35,2025-07-30 23:47:47
21,11112949301,Miembro,Activo,2025-08-01 16:35:45,2025-08-01 16:35:45,36,2025-08-01 16:35:45
21,11112913368,Miembro,Activo,2025-08-01 17:06:08,2025-08-01 17:06:08,37,2025-08-01 17:06:08
12,11112996211,Tesorera,Activo,2025-08-01 18:46:56,2025-12-16 18:55:11,38,2025-12-16 18:55:11
12,11113025167,Miembro,Activo,2025-08-01 19:15:29,2025-08-01 19:15:29,40,2025-08-01 19:15:29
22,11112765503,Tesorera,Activo,2025-08-05 15:31:54,2025-12-16 19:27:49,43,2025-12-16 19:27:49
22,11112905319,Jefa de Centro,Activo,2025-08-05 17:49:37,2025-12-16 19:27:34,47,2025-12-16 19:27:34
22,11112972021,Miembro,Activo,2025-08-05 17:59:03,2025-08-05 17:59:03,48,2025-08-05 17:59:03
22,11112744466,Miembro,Activo,2025-08-05 18:42:26,2025-08-05 18:42:26,50,2025-08-05 18:42:26
22,11113176710,Miembro,Activo,2025-08-05 18:42:35,2025-08-05 18:42:35,51,2025-08-05 18:42:35
27,11112997957,Miembro,Activo,2025-08-05 19:24:23,2025-08-07 17:09:25,54,2025-08-05 19:24:23
29,11113018670,Miembro,Activo,2025-08-05 19:44:45,2025-08-05 19:44:45,55,2025-08-05 19:44:45
28,11112962530,Miembro,Activo,2025-08-05 20:05:18,2025-08-05 20:05:18,56,2025-08-05 20:05:18
29,11112873397,Miembro,Activo,2025-08-05 20:14:38,2025-08-05 20:14:38,57,2025-08-05 20:14:38
27,11113101807,Miembro,Activo,2025-08-05 20:30:38,2025-08-05 20:30:38,58,2025-08-05 20:30:38
30,11112933824,Miembro,Activo,2025-08-05 20:44:56,2026-04-01 15:35:14,59,2025-08-05 20:44:56
12,11112934778,Miembro,Activo,2025-08-05 20:59:47,2025-08-05 20:59:47,60,2025-08-05 20:59:47
32,11112707655,Miembro,Activo,2025-08-05 23:09:16,2026-04-15 21:08:03,61,2026-04-15 21:08:03
32,11112994926,Miembro,Activo,2025-08-05 23:28:16,2025-08-05 23:28:16,62,2025-08-05 23:28:16
34,11112998182,Jefa de Centro,Activo,2025-08-05 23:41:35,2025-12-19 17:53:34,63,2025-12-19 17:53:34
42,11113204612,Miembro,Activo,2025-08-06 19:09:29,2025-08-06 19:09:29,65,2025-08-06 19:09:29
20,11112997831,Miembro,Activo,2025-08-07 17:29:53,2025-08-07 17:29:53,68,2025-08-07 17:29:53
20,11112926916,Miembro,Activo,2025-08-07 17:30:29,2025-08-07 22:13:25,70,2025-08-07 17:30:29
34,11112844764,Miembro,Activo,2025-08-07 18:33:52,2025-08-07 18:33:52,76,2025-08-07 18:33:52
1,11113034548,Jefa de Centro,Activo,2025-08-07 22:00:28,2025-12-17 22:44:56,86,2025-12-17 22:44:56
3,11112835706,Miembro,Activo,2025-08-07 22:03:30,2025-08-07 22:03:30,87,2025-08-07 22:03:30
3,11113098291,Tesorera,Activo,2025-08-07 22:04:23,2025-12-18 17:49:53,88,2025-12-18 17:49:53
12,11113129161,Miembro,Activo,2025-08-07 22:11:13,2026-03-31 23:22:59,89,2025-08-07 22:11:13
23,11112846629,Miembro,Activo,2025-08-07 22:15:43,2025-08-07 22:15:43,90,2025-08-07 22:15:43
48,11113182605,Jefa de Centro,Activo,2025-08-07 23:36:26,2025-09-16 21:51:36,91,2025-08-07 23:36:26
48,11113112747,Miembro,Activo,2025-08-07 23:53:48,2025-08-07 23:53:48,92,2025-08-07 23:53:48
50,11112863347,Miembro,Activo,2025-08-08 17:10:35,2026-04-01 17:07:20,93,2025-08-08 17:10:35
49,11112669629,Miembro,Activo,2025-08-08 17:24:19,2026-04-01 17:02:44,94,2025-08-08 17:24:19
49,11112904459,Miembro,Activo,2025-08-08 17:34:43,2025-08-08 17:34:43,95,2025-08-08 17:34:43
48,11112714868,Miembro,Activo,2025-08-08 17:47:14,2025-08-08 17:47:14,96,2025-08-08 17:47:14
53,11112954461,Miembro,Activo,2025-08-08 18:05:07,2026-04-01 18:17:47,97,2025-08-08 18:05:07
52,11112954311,Miembro,Activo,2025-08-08 18:22:38,2025-08-08 18:22:38,98,2025-08-08 18:22:38
52,11113043010,Miembro,Activo,2025-08-08 18:34:03,2025-08-08 18:34:03,99,2025-08-08 18:34:03
52,11112726320,Miembro,Activo,2025-08-08 18:49:22,2026-04-01 18:15:42,100,2025-08-08 18:49:22
58,11113037708,Miembro,Activo,2025-08-08 20:18:58,2025-08-08 20:18:58,101,2025-08-08 20:18:58
57,11113009751,Miembro,Activo,2025-08-08 20:33:20,2025-08-08 20:33:20,102,2025-08-08 20:33:20
61,11112917272,Miembro,Activo,2025-08-11 17:05:25,2025-08-11 17:05:25,109,2025-08-11 17:05:25
60,11112849831,Miembro,Activo,2025-08-11 17:23:33,2025-08-11 17:23:33,110,2025-08-11 17:23:33
60,11113131595,Miembro,Activo,2025-08-11 17:40:40,2025-08-11 17:40:40,111,2025-08-11 17:40:40
62,11113105160,Miembro,Activo,2025-08-11 17:52:45,2026-04-01 17:28:00,112,2025-08-11 17:52:45
72,11112846773,Miembro,Activo,2025-08-11 20:28:24,2025-08-11 20:28:24,121,2025-08-11 20:28:24
20,11112871513,Jefa de Centro,Activo,2025-08-12 18:45:16,2025-09-16 21:51:36,125,2025-08-12 18:45:16
45,11112984989,Miembro,Activo,2025-08-12 18:58:22,2025-08-12 18:58:22,126,2025-08-12 18:58:22
34,11112903380,Miembro,Activo,2025-08-12 20:33:40,2025-08-12 20:33:40,131,2025-08-12 20:33:40
76,11113315176,Miembro,Activo,2025-08-12 20:43:55,2026-06-18 15:09:56,132,2025-08-12 20:43:55
80,11113102396,Tesorera,Activo,2025-08-12 20:54:48,2025-08-12 20:54:48,133,2025-08-12 20:54:48
79,11112748267,Jefa de Centro,Activo,2025-08-12 21:05:49,2025-09-16 21:51:36,134,2025-08-12 21:05:49
82,11113134860,Miembro,Activo,2025-08-12 21:25:35,2025-08-12 21:25:35,135,2025-08-12 21:25:35
82,11113061406,Jefa de Centro,Activo,2025-08-12 21:42:56,2025-12-18 20:49:49,136,2025-12-18 20:49:49
82,11113008351,Miembro,Activo,2025-08-12 21:50:55,2025-08-12 21:50:55,137,2025-08-12 21:50:55
35,11112864353,Miembro,Activo,2025-08-12 23:10:13,2025-08-12 23:10:13,138,2025-08-12 23:10:13
84,11112669206,Jefa de Centro,Activo,2025-08-12 23:33:12,2026-05-25 15:59:09,139,2026-05-25 15:59:09
84,11112939609,Miembro,Activo,2025-08-12 23:42:37,2025-08-12 23:42:37,140,2025-08-12 23:42:37
84,11113049802,Miembro,Activo,2025-08-12 23:53:12,2025-08-12 23:53:12,141,2025-08-12 23:53:12
152,11113203887,Miembro,Activo,2025-08-13 16:39:44,2026-04-01 15:23:15,142,2025-08-13 16:39:44
86,11112895240,Miembro,Activo,2025-08-13 16:47:33,2025-08-13 16:47:33,143,2025-08-13 16:47:33
102,11112974117,Miembro,Activo,2025-08-13 16:56:05,2025-08-13 16:56:05,144,2025-08-13 16:56:05
29,11112988424,Miembro,Activo,2025-08-13 17:29:46,2025-08-13 17:29:46,145,2025-08-13 17:29:46
88,11113163277,Jefa de Centro,Activo,2025-08-13 17:44:50,2026-04-25 18:09:20,146,2026-04-25 18:09:20
93,11113068907,Miembro,Activo,2025-08-13 18:26:00,2026-04-01 16:55:15,149,2025-08-13 18:26:00
94,11112804263,Miembro,Activo,2025-08-13 20:07:11,2026-04-01 16:59:36,155,2025-08-13 20:07:11
94,11113266313,Jefa de Centro,Activo,2025-08-13 20:20:42,2025-12-18 20:30:28,156,2025-12-18 20:30:28
94,11112979236,Miembro,Activo,2025-08-13 20:38:02,2025-08-13 20:38:02,157,2025-08-13 20:38:02
94,11113062074,Miembro,Activo,2025-08-13 20:45:53,2025-08-13 20:45:53,158,2025-08-13 20:45:53
124,11112716131,Miembro,Activo,2025-08-13 21:01:21,2026-02-09 22:29:05,159,2025-08-13 21:01:21
31,11112739966,Miembro,Activo,2025-08-13 22:45:18,2025-08-13 22:45:18,160,2025-08-13 22:45:18
30,11112973790,Miembro,Activo,2025-08-13 22:56:23,2025-08-13 22:56:23,161,2025-08-13 22:56:23
124,11113061706,Miembro,Activo,2025-08-14 15:57:04,2026-02-09 22:30:38,162,2025-08-14 15:57:04
30,11112967766,Jefa de Centro,Activo,2025-08-14 16:37:10,2025-09-16 21:51:36,163,2025-08-14 16:37:10
30,11113048867,Miembro,Activo,2025-08-14 16:51:28,2025-08-14 16:51:28,164,2025-08-14 16:51:28
31,11113053110,Miembro,Activo,2025-08-14 17:13:18,2025-08-14 17:13:18,165,2025-08-14 17:13:18
31,11112979691,Miembro,Activo,2025-08-14 17:58:27,2026-04-01 15:36:29,166,2025-08-14 17:58:27
32,11113205041,Jefa de Centro,Activo,2025-08-14 18:30:12,2026-04-15 21:08:41,167,2026-04-15 21:08:41
32,11112907887,Miembro,Activo,2025-08-14 19:11:36,2026-04-15 21:08:24,168,2026-04-15 21:08:24
72,11112889700,Miembro,Activo,2025-08-14 21:12:11,2026-04-01 17:11:25,169,2025-08-14 21:12:11
17,11113168762,Miembro,Activo,2025-08-15 15:45:23,2025-08-15 15:45:23,171,2025-08-15 15:45:23
99,11113237911,Jefa de Centro,Activo,2025-08-15 15:59:48,2025-12-19 18:02:26,172,2025-12-19 18:02:26
92,11113018033,Miembro,Activo,2025-08-15 17:07:57,2026-04-01 16:53:57,174,2025-08-15 17:07:57
67,11113028726,Miembro,Activo,2025-08-15 18:40:15,2026-04-01 17:35:42,176,2025-08-15 18:40:15
58,11112974293,Miembro,Activo,2025-08-15 18:54:13,2026-04-01 16:28:15,177,2025-08-15 18:54:13
7,11112854485,Tesorera,Activo,2025-08-15 19:18:10,2025-12-18 18:03:22,178,2025-12-18 18:03:22
48,11112937194,Miembro,Activo,2025-08-15 19:39:11,2025-08-15 19:39:11,179,2025-08-15 19:39:11
14,11113202376,Miembro,Activo,2025-08-15 19:52:28,2025-08-15 19:52:28,180,2025-08-15 19:52:28
14,11112935428,Miembro,Activo,2025-08-15 20:15:11,2025-08-15 20:15:11,181,2025-08-15 20:15:11
92,11112954121,Miembro,Activo,2025-08-15 21:01:39,2026-04-01 16:54:41,182,2025-08-15 21:01:39
30,11112859053,Miembro,Activo,2025-08-16 15:32:49,2025-08-16 15:32:49,183,2025-08-16 15:32:49
60,11113207666,Jefa de Centro,Activo,2025-09-06 19:30:09,2025-12-18 20:31:20,184,2025-12-18 20:31:20
24,11113053166,Miembro,Activo,2025-09-06 19:41:37,2026-04-01 15:07:23,185,2025-09-06 19:41:37
16,11112981072,Miembro,Activo,2025-09-07 15:41:28,2025-09-07 15:41:28,186,2025-09-07 15:41:28
60,11112816492,Miembro,Activo,2025-09-07 15:54:18,2025-09-07 15:54:18,187,2025-09-07 15:54:18
61,11112772748,Miembro,Activo,2025-09-07 16:04:00,2025-09-07 16:04:00,188,2025-09-07 16:04:00
52,11113036043,Miembro,Activo,2025-09-07 17:10:08,2026-04-01 18:16:40,191,2025-09-07 17:10:08
60,11112871359,Miembro,Activo,2025-09-07 17:30:03,2025-09-07 17:30:03,192,2025-09-07 17:30:03
103,11113091669,Jefa de Centro,Activo,2025-09-07 17:51:01,2026-04-27 20:30:06,193,2026-04-27 20:30:06
151,11112842889,Miembro,Activo,2025-09-07 18:03:22,2026-04-01 15:04:44,194,2025-09-07 18:03:22
44,11113001966,Jefa de Centro,Activo,2025-09-07 19:09:55,2026-05-18 20:01:42,196,2026-05-18 20:01:42
90,11113203334,Miembro,Activo,2025-09-08 20:42:47,2026-04-01 16:50:51,198,2025-09-08 20:42:47
77,11112939687,Miembro,Activo,2025-09-08 21:26:23,2026-04-01 16:39:49,202,2025-09-08 21:26:23
105,11113003674,Miembro,Activo,2025-09-08 21:45:45,2025-09-08 21:45:45,203,2025-09-08 21:45:45
105,11112989633,Jefa de Centro,Activo,2025-09-08 21:45:59,2025-12-18 19:55:55,204,2025-12-18 19:55:55
105,11113186700,Miembro,Activo,2025-09-08 21:52:24,2025-09-08 21:52:24,205,2025-09-08 21:52:24
71,11113161382,Miembro,Activo,2025-09-20 15:28:11,2025-09-20 15:28:11,206,2025-09-20 15:28:11
46,11112947469,Miembro,Activo,2025-09-20 16:48:10,2026-04-01 15:58:04,209,2025-09-20 16:48:10
106,11112788121,Miembro,Activo,2025-09-20 18:29:55,2025-09-20 18:29:55,210,2025-09-20 18:29:55
87,11113045113,Miembro,Activo,2025-09-20 19:33:15,2025-09-20 19:33:15,213,2025-09-20 19:33:15
87,11112889189,Miembro,Activo,2025-09-20 19:43:36,2025-09-20 19:43:36,214,2025-09-20 19:43:36
48,11112816934,Miembro,Activo,2025-09-20 20:11:47,2026-04-01 17:02:18,215,2025-09-20 20:11:47
107,11112842211,Miembro,Activo,2025-09-23 21:57:03,2025-09-23 21:57:03,217,2025-09-23 21:57:03
107,11112936286,Jefa de Centro,Activo,2025-09-23 21:57:19,2025-12-19 17:55:45,218,2025-12-19 17:55:45
105,11112957047,Miembro,Activo,2025-09-23 21:58:42,2026-04-01 16:15:51,219,2025-09-23 21:58:42
105,11113168554,Miembro,Activo,2025-09-23 21:58:54,2026-04-01 16:16:10,220,2025-09-23 21:58:54
29,11112886571,Jefa de Centro,Activo,2025-10-28 19:30:04,2025-12-19 17:48:01,221,2025-12-19 17:48:01
88,11112828093,Miembro,Activo,2025-10-31 20:43:43,2026-07-03 21:36:25,222,2025-10-31 20:43:43
79,11112658700,Miembro,Activo,2025-11-05 18:35:38,2026-04-01 17:19:44,223,2025-11-05 18:35:38
8,11112771908,Miembro,Activo,2025-11-05 18:53:49,2025-12-18 18:06:39,224,2025-11-05 18:53:49
57,11113094138,Miembro,Activo,2025-11-10 23:09:12,2026-04-01 16:25:37,225,2025-11-10 23:09:12
7,11112728771,Jefa de Centro,Activo,2025-11-11 19:04:34,2026-04-13 19:01:01,226,2026-04-13 19:01:01
76,11113072620,Miembro,Activo,2025-11-14 16:23:42,2026-04-01 16:36:57,230,2025-11-14 16:23:42
137,11113194053,Miembro,Activo,2025-11-14 17:48:40,2026-04-01 15:29:30,235,2025-11-14 17:48:40
71,11112795043,Jefa de Centro,Activo,2025-11-14 17:55:07,2026-05-11 18:36:27,236,2026-05-11 18:36:27
87,11113218407,Miembro,Activo,2025-11-14 18:04:49,2026-04-01 18:13:29,237,2025-11-14 18:04:49
88,11112814562,Miembro,Activo,2025-11-21 02:34:30,2025-11-21 02:34:30,242,2025-11-21 02:34:30
86,11112907237,Jefa de Centro,Activo,2025-11-21 02:41:02,2026-04-13 18:23:31,243,2026-04-13 18:23:31
57,11112962070,Miembro,Activo,2025-11-21 03:00:27,2026-04-01 16:23:44,245,2025-11-21 03:00:27
56,11112965092,Miembro,Activo,2025-11-21 03:01:38,2026-04-01 16:23:15,246,2025-11-21 03:01:38
59,11113138946,Miembro,Activo,2025-11-21 03:01:59,2025-11-21 03:01:59,247,2025-11-21 03:01:59
57,11113082146,Miembro,Activo,2025-11-21 03:02:19,2026-04-01 16:25:55,248,2025-11-21 03:02:19
53,11113146282,Miembro,Activo,2025-11-21 03:11:06,2026-04-01 18:17:10,249,2025-11-21 03:11:06
153,11112802275,Miembro,Activo,2025-11-21 03:18:18,2026-07-03 21:37:00,250,2025-11-21 03:18:18
35,11112917095,Miembro,Activo,2025-11-21 03:39:53,2025-11-21 03:39:53,251,2025-11-21 03:39:53
85,11113214056,Miembro,Activo,2025-11-21 04:08:55,2025-11-21 04:08:55,253,2025-11-21 04:08:55
47,11113003608,Miembro,Activo,2025-12-03 15:37:55,2025-12-03 15:37:55,254,2025-12-03 15:37:55
113,11112939602,Miembro,Activo,2025-12-18 15:41:08,2025-12-18 15:41:08,256,2025-12-18 15:41:08
113,11112996848,Miembro,Activo,2025-12-18 15:57:33,2025-12-18 15:57:33,257,2025-12-18 15:57:33
113,11113033563,Miembro,Activo,2025-12-18 16:04:16,2025-12-18 16:04:16,258,2025-12-18 16:04:16
5,11113013620,Miembro,Activo,2025-12-18 16:20:39,2025-12-18 16:20:39,259,2025-12-18 16:20:39
5,11112973194,Miembro,Activo,2025-12-18 16:21:27,2025-12-18 16:21:27,260,2025-12-18 16:21:27
6,11113006375,Miembro,Activo,2025-12-18 16:56:24,2025-12-18 16:56:24,261,2025-12-18 16:56:24
6,11112938595,Miembro,Activo,2025-12-18 17:06:14,2025-12-18 17:06:14,262,2025-12-18 17:06:14
3,11112954434,Miembro,Activo,2025-12-18 17:51:09,2025-12-18 17:51:09,263,2025-12-18 17:51:09
1,11113189493,Miembro,Activo,2025-12-18 17:53:17,2025-12-18 17:53:17,264,2025-12-18 17:53:17
14,11112929397,Miembro,Activo,2025-12-18 17:53:53,2025-12-18 17:53:53,265,2025-12-18 17:53:53
7,11112953105,Miembro,Activo,2025-12-18 18:04:08,2025-12-18 18:04:08,266,2025-12-18 18:04:08
7,11112956531,Miembro,Activo,2025-12-18 18:07:37,2025-12-18 18:07:37,267,2025-12-18 18:07:37
8,11112905722,Miembro,Activo,2025-12-18 18:12:02,2025-12-18 18:12:02,268,2025-12-18 18:12:02
8,11112942643,Miembro,Activo,2025-12-18 18:22:37,2025-12-18 18:22:37,269,2025-12-18 18:22:37
15,11113005731,Miembro,Activo,2025-12-18 18:40:42,2025-12-18 18:40:42,270,2025-12-18 18:40:42
125,11112936225,Miembro,Activo,2025-12-18 20:20:01,2026-04-01 15:11:02,271,2025-12-18 20:20:01
125,11112969340,Miembro,Activo,2025-12-18 20:31:22,2026-04-01 15:10:52,272,2025-12-18 20:31:22
146,11112828782,Miembro,Activo,2025-12-18 20:40:53,2026-06-17 18:48:53,273,2025-12-18 20:40:53
106,11112999671,Miembro,Activo,2025-12-19 20:33:20,2025-12-19 20:33:20,275,2025-12-19 20:33:20
113,11112805044,Miembro,Activo,2025-12-24 18:28:21,2025-12-24 18:28:21,276,2025-12-24 18:28:21
113,11112802463,Miembro,Activo,2025-12-24 18:41:55,2025-12-24 18:41:55,277,2025-12-24 18:41:55
51,11112682329,Miembro,Activo,2025-12-29 17:55:45,2025-12-29 17:55:45,278,2025-12-29 17:55:45
6,11112985431,Miembro,Activo,2025-12-29 19:18:17,2025-12-29 19:18:17,279,2025-12-29 19:18:17
5,11112858472,Miembro,Activo,2025-12-29 19:19:17,2025-12-29 19:19:17,280,2025-12-29 19:19:17
6,11112933181,Miembro,Activo,2025-12-29 19:21:32,2025-12-29 19:21:32,281,2025-12-29 19:21:32
6,11112665749,Miembro,Activo,2025-12-29 19:23:04,2025-12-29 19:23:04,282,2025-12-29 19:23:04
125,11112918349,Miembro,Activo,2026-01-02 23:06:42,2026-06-17 20:42:05,283,2026-01-02 23:06:42
50,11112904439,Miembro,Activo,2026-01-02 23:14:55,2026-01-02 23:14:55,284,2026-01-02 23:14:55
50,11112739079,Miembro,Activo,2026-01-02 23:22:10,2026-01-02 23:22:10,285,2026-01-02 23:22:10
55,11113044045,Miembro,Activo,2026-01-02 23:28:53,2026-04-01 16:21:10,286,2026-01-02 23:28:53
102,11112974492,Miembro,Activo,2026-01-02 23:39:09,2026-04-01 15:32:09,287,2026-01-02 23:39:09
35,11112863299,Miembro,Activo,2026-01-02 23:45:52,2026-01-02 23:45:52,288,2026-01-02 23:45:52
56,11113042756,Miembro,Activo,2026-01-03 01:04:28,2026-04-01 16:22:57,290,2026-01-03 01:04:28
13,11112824835,Miembro,Activo,2026-01-05 17:23:18,2026-01-05 17:23:18,291,2026-01-05 17:23:18
34,11112887138,Miembro,Activo,2026-01-14 21:59:31,2026-04-01 16:08:53,295,2026-01-14 21:59:31
66,11112773739,Miembro,Activo,2026-01-15 20:02:08,2026-04-01 17:34:22,298,2026-01-15 20:02:08
86,11113013674,Miembro,Activo,2026-01-16 20:27:59,2026-01-16 20:27:59,302,2026-01-16 20:27:59
74,11112922583,Jefa de Centro,Activo,2026-01-16 21:07:02,2026-04-13 18:50:21,303,2026-04-13 18:50:21
17,11112807346,Miembro,Activo,2026-01-16 22:40:29,2026-03-31 23:14:14,306,2026-01-16 22:40:29
17,11112783089,Miembro,Activo,2026-01-16 22:53:52,2026-03-31 23:13:57,307,2026-01-16 22:53:52
153,11113093885,Miembro,Activo,2026-01-23 19:18:45,2026-04-17 23:34:10,314,2026-01-23 19:18:45
86,11112957025,Miembro,Activo,2026-01-23 20:02:59,2026-01-23 20:02:59,315,2026-01-23 20:02:59
137,11112919388,Miembro,Activo,2026-01-28 19:35:24,2026-04-01 15:28:59,316,2026-01-28 19:35:24
115,11112946341,Miembro,Activo,2026-01-31 19:04:47,2026-01-31 19:04:47,319,2026-01-31 19:04:47
116,11112949092,Miembro,Activo,2026-01-31 19:20:19,2026-01-31 19:20:19,320,2026-01-31 19:20:19
69,11112881178,Miembro,Activo,2026-02-03 19:09:06,2026-02-03 19:09:06,324,2026-02-03 19:09:06
59,11112972833,Miembro,Activo,2026-02-06 15:52:51,2026-02-06 15:52:51,326,2026-02-06 15:52:51
166,11113085031,Miembro,Activo,2026-02-06 18:06:23,2026-05-06 20:06:07,327,2026-02-06 18:06:23
66,11112872212,Miembro,Activo,2026-02-06 22:41:15,2026-04-01 17:34:46,329,2026-02-06 22:41:15
118,11113232046,Miembro,Activo,2026-02-07 18:10:56,2026-02-07 18:10:56,331,2026-02-07 18:10:56
119,11113109760,Jefa de Centro,Activo,2026-02-07 20:05:45,2026-05-25 21:56:40,333,2026-05-25 21:56:40
119,11112998765,Miembro,Activo,2026-02-07 20:05:59,2026-02-07 20:05:59,334,2026-02-07 20:05:59
119,11112905127,Miembro,Activo,2026-02-07 20:06:15,2026-02-07 20:06:15,335,2026-02-07 20:06:15
119,11113047273,Miembro,Activo,2026-02-07 20:06:51,2026-02-07 20:06:51,336,2026-02-07 20:06:51
49,11112987118,Miembro,Activo,2026-02-09 17:24:19,2026-04-01 17:05:44,339,2026-02-09 17:24:19
49,11113035478,Miembro,Activo,2026-02-09 17:34:20,2026-04-01 17:05:25,340,2026-02-09 17:34:20
122,11112916570,Miembro,Activo,2026-02-09 20:26:11,2026-02-09 20:26:11,341,2026-02-09 20:26:11
79,11113101306,Miembro,Activo,2026-02-09 22:03:07,2026-02-09 22:03:07,342,2026-02-09 22:03:07
79,11113022524,Miembro,Activo,2026-02-09 22:05:46,2026-02-09 22:05:46,343,2026-02-09 22:05:46
79,11112754934,Miembro,Activo,2026-02-09 22:07:09,2026-02-09 22:07:09,344,2026-02-09 22:07:09
80,11112777895,Miembro,Activo,2026-02-09 22:08:19,2026-02-09 22:08:19,345,2026-02-09 22:08:19
123,11112818097,Miembro,Activo,2026-02-09 22:22:04,2026-02-09 22:26:14,346,2026-02-09 22:22:04
123,11113169180,Miembro,Activo,2026-02-09 22:27:19,2026-02-09 22:27:19,347,2026-02-09 22:27:19
123,11112789848,Miembro,Activo,2026-02-09 22:27:39,2026-02-09 22:27:39,348,2026-02-09 22:27:39
123,11112993402,Miembro,Activo,2026-02-09 22:27:57,2026-02-09 22:27:57,349,2026-02-09 22:27:57
123,11112962972,Miembro,Activo,2026-02-09 22:28:21,2026-02-09 22:28:21,350,2026-02-09 22:28:21
122,11113058523,Miembro,Activo,2026-02-10 15:43:05,2026-02-10 15:43:05,351,2026-02-10 15:43:05
122,11112839763,Miembro,Activo,2026-02-10 15:44:41,2026-02-10 15:44:41,352,2026-02-10 15:44:41
122,11112946258,Jefa de Centro,Activo,2026-02-10 15:48:42,2026-05-11 18:55:02,353,2026-05-11 18:55:02
114,11112988227,Miembro,Activo,2026-02-10 18:25:17,2026-02-10 18:25:17,354,2026-02-10 18:25:17
68,11112751250,Miembro,Activo,2026-02-10 19:38:12,2026-04-01 17:36:49,355,2026-02-10 19:38:12
23,11112908304,Miembro,Activo,2026-02-10 20:04:33,2026-02-10 20:04:33,356,2026-02-10 20:04:33
122,11112942297,Miembro,Activo,2026-02-10 20:18:12,2026-02-10 21:39:35,357,2026-02-10 20:18:12
130,11112732871,Miembro,Activo,2026-02-10 20:35:03,2026-04-01 15:36:39,358,2026-02-10 20:35:03
82,11112787203,Miembro,Activo,2026-02-10 21:06:59,2026-02-10 21:06:59,359,2026-02-10 21:06:59
47,11113033055,Miembro,Activo,2026-02-12 15:40:22,2026-02-12 15:40:22,360,2026-02-12 15:40:22
71,11112962910,Miembro,Activo,2026-02-12 16:20:10,2026-02-12 16:20:10,361,2026-02-12 16:20:10
118,11113052056,Miembro,Activo,2026-02-12 18:30:09,2026-02-12 18:30:09,364,2026-02-12 18:30:09
61,11112982584,Miembro,Activo,2026-02-12 19:22:46,2026-02-12 19:22:46,365,2026-02-12 19:22:46
26,11113076219,Miembro,Activo,2026-02-12 21:59:01,2026-04-01 15:10:10,366,2026-02-12 21:59:01
127,11113026843,Jefa de Centro,Activo,2026-02-12 22:05:48,2026-06-29 23:01:55,367,2026-06-29 23:01:55
126,11112984529,Miembro,Activo,2026-02-12 22:06:17,2026-02-12 22:06:17,368,2026-02-12 22:06:17
126,11112929341,Miembro,Activo,2026-02-12 22:06:41,2026-02-12 22:06:41,369,2026-02-12 22:06:41
126,11112878795,Miembro,Activo,2026-02-12 22:07:19,2026-02-12 22:07:19,370,2026-02-12 22:07:19
126,11113004593,Miembro,Activo,2026-02-12 22:07:52,2026-02-12 22:07:52,371,2026-02-12 22:07:52
55,11112888569,Jefa de Centro,Activo,2026-02-13 17:28:12,2026-05-04 21:13:45,375,2026-05-04 21:13:45
56,11113058061,Miembro,Activo,2026-02-13 17:35:59,2026-02-13 17:35:59,377,2026-02-13 17:35:59
51,11112822564,Miembro,Activo,2026-02-13 17:55:04,2026-04-01 18:14:46,378,2026-02-13 17:55:04
82,11113137321,Miembro,Activo,2026-02-13 18:15:10,2026-02-13 18:15:10,379,2026-02-13 18:15:10
75,11113139475,Miembro,Activo,2026-02-13 20:40:53,2026-02-13 20:40:53,384,2026-02-13 20:40:53
121,11112831329,Miembro,Activo,2026-02-13 20:59:24,2026-04-01 15:22:14,388,2026-02-13 20:59:24
29,11113042585,Miembro,Activo,2026-02-13 21:02:02,2026-02-13 21:02:02,390,2026-02-13 21:02:02
114,11113113239,Miembro,Activo,2026-02-17 21:13:59,2026-02-17 21:13:59,394,2026-02-17 21:13:59
114,11113112491,Miembro,Activo,2026-02-18 16:32:19,2026-02-18 16:32:19,395,2026-02-18 16:32:19
16,11112623811,Miembro,Activo,2026-02-18 17:01:42,2026-03-31 23:12:25,396,2026-02-18 17:01:42
121,11112778298,Miembro,Activo,2026-02-18 17:09:45,2026-02-18 17:09:45,398,2026-02-18 17:09:45
57,11113188904,Miembro,Activo,2026-02-18 17:18:03,2026-04-01 16:26:55,399,2026-02-18 17:18:03
75,11113242625,Miembro,Activo,2026-02-18 17:43:48,2026-04-01 16:44:14,400,2026-02-18 17:43:48
55,11113279742,Miembro,Activo,2026-02-18 17:45:30,2026-04-01 16:21:42,401,2026-02-18 17:45:30
24,11113299859,Miembro,Activo,2026-02-18 17:46:46,2026-04-01 15:07:00,402,2026-02-18 17:46:46
130,11113101552,Miembro,Activo,2026-02-18 17:50:44,2026-04-01 15:36:18,403,2026-02-18 17:50:44
128,11113101701,Miembro,Activo,2026-02-18 18:38:05,2026-02-18 18:38:05,404,2026-02-18 18:38:05
51,11113113098,Miembro,Activo,2026-02-18 18:41:14,2026-04-01 18:14:55,405,2026-02-18 18:41:14
35,11112874979,Miembro,Activo,2026-02-20 17:23:22,2026-02-20 17:23:22,406,2026-02-20 17:23:22
139,11113089746,Miembro,Activo,2026-02-20 20:50:05,2026-03-31 23:26:19,407,2026-02-20 20:50:05
139,11112977454,Miembro,Activo,2026-02-20 21:40:19,2026-03-31 23:26:36,408,2026-02-20 21:40:19
114,11113192667,Miembro,Activo,2026-03-31 23:06:34,2026-03-31 23:06:34,409,2026-03-31 23:06:34
47,11113038739,Miembro,Activo,2026-03-31 23:08:43,2026-03-31 23:08:43,410,2026-03-31 23:08:43
158,11112932017,Miembro,Activo,2026-03-31 23:11:23,2026-04-25 17:14:42,411,2026-03-31 23:11:23
16,11112884593,Miembro,Activo,2026-03-31 23:13:03,2026-03-31 23:13:03,412,2026-03-31 23:13:03
16,11112834115,Miembro,Activo,2026-03-31 23:13:12,2026-03-31 23:13:12,413,2026-03-31 23:13:12
142,11113152077,Miembro,Activo,2026-03-31 23:15:28,2026-03-31 23:15:28,415,2026-03-31 23:15:28
143,11112791994,Miembro,Activo,2026-03-31 23:16:43,2026-03-31 23:16:43,416,2026-03-31 23:16:43
143,11112901442,Miembro,Activo,2026-03-31 23:16:58,2026-03-31 23:16:58,417,2026-03-31 23:16:58
144,11113105293,Miembro,Activo,2026-03-31 23:18:56,2026-03-31 23:18:56,418,2026-03-31 23:18:56
144,11113024141,Miembro,Activo,2026-03-31 23:19:13,2026-03-31 23:19:13,419,2026-03-31 23:19:13
144,11112826391,Miembro,Activo,2026-03-31 23:21:05,2026-03-31 23:21:05,421,2026-03-31 23:21:05
144,11112817849,Miembro,Activo,2026-03-31 23:21:23,2026-03-31 23:21:23,422,2026-03-31 23:21:23
13,11112931340,Jefa de Centro,Activo,2026-03-31 23:23:19,2026-04-21 16:12:10,423,2026-04-21 16:12:10
146,11112952009,Miembro,Activo,2026-03-31 23:24:40,2026-03-31 23:24:40,424,2026-03-31 23:24:40
131,11112971322,Jefa de Centro,Activo,2026-03-31 23:25:15,2026-04-20 19:54:34,425,2026-04-20 19:54:34
131,11113066526,Miembro,Activo,2026-03-31 23:25:31,2026-03-31 23:25:31,426,2026-03-31 23:25:31
131,11112994997,Miembro,Activo,2026-03-31 23:25:44,2026-03-31 23:25:44,427,2026-03-31 23:25:44
139,11113019509,Miembro,Activo,2026-03-31 23:27:01,2026-03-31 23:27:01,428,2026-03-31 23:27:01
21,11113043290,Miembro,Activo,2026-03-31 23:29:09,2026-03-31 23:29:09,429,2026-03-31 23:29:09
21,11112815237,Miembro,Activo,2026-03-31 23:29:39,2026-03-31 23:29:39,430,2026-03-31 23:29:39
21,11112837047,Miembro,Activo,2026-03-31 23:29:50,2026-03-31 23:29:50,431,2026-03-31 23:29:50
128,11113046199,Miembro,Activo,2026-03-31 23:47:27,2026-03-31 23:47:27,432,2026-03-31 23:47:27
128,11112948100,Jefa de Centro,Activo,2026-03-31 23:47:42,2026-05-04 20:13:36,433,2026-05-04 20:13:36
128,11112819235,Miembro,Activo,2026-03-31 23:48:38,2026-03-31 23:48:38,434,2026-03-31 23:48:38
129,11112842761,Miembro,Activo,2026-03-31 23:49:18,2026-03-31 23:51:07,435,2026-03-31 23:49:18
129,11112846982,Miembro,Activo,2026-03-31 23:49:36,2026-03-31 23:49:36,436,2026-03-31 23:49:36
129,11112908291,Miembro,Activo,2026-03-31 23:49:50,2026-03-31 23:49:50,437,2026-03-31 23:49:50
147,11112892924,Jefa de Centro,Activo,2026-04-01 14:54:45,2026-05-04 17:49:00,438,2026-05-04 17:49:00
147,11113005775,Miembro,Activo,2026-04-01 14:55:02,2026-04-01 14:55:02,439,2026-04-01 14:55:02
147,11112975417,Miembro,Activo,2026-04-01 14:55:16,2026-04-01 14:55:16,440,2026-04-01 14:55:16
147,11112859540,Miembro,Activo,2026-04-01 14:55:30,2026-04-01 14:55:30,441,2026-04-01 14:55:30
147,11112763649,Miembro,Activo,2026-04-01 14:55:45,2026-04-01 14:55:45,442,2026-04-01 14:55:45
148,11113011924,Miembro,Activo,2026-04-01 14:56:03,2026-04-01 14:56:03,443,2026-04-01 14:56:03
148,11112884857,Miembro,Activo,2026-04-01 14:56:20,2026-04-01 14:56:20,444,2026-04-01 14:56:20
148,11113063797,Miembro,Activo,2026-04-01 14:56:42,2026-04-01 14:56:42,445,2026-04-01 14:56:42
23,11112942147,Miembro,Activo,2026-04-01 14:57:48,2026-04-01 14:57:48,446,2026-04-01 14:57:48
149,11112759993,Miembro,Activo,2026-04-01 15:00:17,2026-04-01 15:00:17,447,2026-04-01 15:00:17
149,11112892478,Miembro,Activo,2026-04-01 15:00:33,2026-04-01 15:00:33,448,2026-04-01 15:00:33
149,11112747162,Miembro,Activo,2026-04-01 15:00:46,2026-04-01 15:00:46,449,2026-04-01 15:00:46
149,11113208007,Miembro,Activo,2026-04-01 15:01:04,2026-04-01 15:01:04,450,2026-04-01 15:01:04
149,11112869400,Miembro,Activo,2026-04-01 15:01:18,2026-04-01 15:01:18,451,2026-04-01 15:01:18
150,11112967853,Miembro,Activo,2026-04-01 15:01:36,2026-04-01 15:01:36,452,2026-04-01 15:01:36
150,11112867155,Miembro,Activo,2026-04-01 15:01:56,2026-04-01 15:01:56,453,2026-04-01 15:01:56
150,11112946151,Miembro,Activo,2026-04-01 15:02:12,2026-04-01 15:02:12,454,2026-04-01 15:02:12
150,11113039501,Miembro,Activo,2026-04-01 15:02:28,2026-04-01 15:02:28,455,2026-04-01 15:02:28
151,11112947405,Miembro,Activo,2026-04-01 15:03:24,2026-04-01 15:03:24,456,2026-04-01 15:03:24
24,11112847319,Jefa de Centro,Activo,2026-04-01 15:06:38,2026-04-13 16:15:49,457,2026-04-13 16:15:49
24,11113115541,Miembro,Activo,2026-04-01 15:07:13,2026-04-01 15:07:13,458,2026-04-01 15:07:13
25,11112716716,Miembro,Activo,2026-04-01 15:07:37,2026-04-01 15:07:37,459,2026-04-01 15:07:37
25,11112821419,Miembro,Activo,2026-04-01 15:07:52,2026-04-01 15:07:52,460,2026-04-01 15:07:52
25,11112792952,Miembro,Activo,2026-04-01 15:09:06,2026-04-01 15:09:06,461,2026-04-01 15:09:06
25,11113102023,Miembro,Activo,2026-04-01 15:09:22,2026-04-01 15:09:22,462,2026-04-01 15:09:22
25,11112973962,Miembro,Activo,2026-04-01 15:09:37,2026-04-01 15:09:37,463,2026-04-01 15:09:37
26,11113117861,Miembro,Activo,2026-04-01 15:09:59,2026-04-01 15:09:59,464,2026-04-01 15:09:59
26,11112724518,Miembro,Activo,2026-04-01 15:10:20,2026-04-01 15:10:20,465,2026-04-01 15:10:20
26,11113209269,Miembro,Activo,2026-04-01 15:11:23,2026-04-01 15:11:23,466,2026-04-01 15:11:23
26,11112706693,Miembro,Activo,2026-04-01 15:11:38,2026-04-01 15:11:38,467,2026-04-01 15:11:38
121,11112972707,Miembro,Activo,2026-04-01 15:21:36,2026-04-01 15:21:36,468,2026-04-01 15:21:36
121,11112815619,Miembro,Activo,2026-04-01 15:21:54,2026-04-01 15:21:54,469,2026-04-01 15:21:54
121,11112731837,Miembro,Activo,2026-04-01 15:22:29,2026-04-01 15:22:29,470,2026-04-01 15:22:29
152,11113093502,Miembro,Activo,2026-04-01 15:22:59,2026-04-01 15:22:59,471,2026-04-01 15:22:59
152,11113023290,Miembro,Activo,2026-04-01 15:23:31,2026-04-01 15:23:31,472,2026-04-01 15:23:31
152,11113169116,Miembro,Activo,2026-04-01 15:23:51,2026-04-01 15:23:51,473,2026-04-01 15:23:51
152,11113042732,Jefa de Centro,Activo,2026-04-01 15:24:09,2026-06-08 16:07:29,474,2026-06-08 16:07:29
115,11113033057,Jefa de Centro,Activo,2026-04-01 15:24:42,2026-04-13 18:34:44,475,2026-04-13 18:34:44
115,11112992988,Miembro,Activo,2026-04-01 15:25:13,2026-04-01 15:25:13,476,2026-04-01 15:25:13
115,11112957246,Miembro,Activo,2026-04-01 15:25:28,2026-04-01 15:25:28,477,2026-04-01 15:25:28
115,11113066416,Miembro,Activo,2026-04-01 15:26:16,2026-04-01 15:26:16,478,2026-04-01 15:26:16
135,11113022051,Miembro,Activo,2026-04-01 15:26:45,2026-04-01 15:26:45,479,2026-04-01 15:26:45
86,11113086011,Miembro,Activo,2026-04-01 15:32:47,2026-04-01 15:32:47,480,2026-04-01 15:32:47
31,11112917978,Miembro,Activo,2026-04-01 15:35:28,2026-04-01 15:35:28,481,2026-04-01 15:35:28
31,11113121732,Miembro,Activo,2026-04-01 15:36:51,2026-04-01 15:36:51,482,2026-04-01 15:36:51
154,11112986899,Miembro,Activo,2026-04-01 15:51:16,2026-04-01 15:51:16,483,2026-04-01 15:51:16
44,11112984205,Miembro,Activo,2026-04-01 15:54:38,2026-04-01 15:54:38,484,2026-04-01 15:54:38
44,11112924678,Miembro,Activo,2026-04-01 15:54:52,2026-04-01 15:54:52,485,2026-04-01 15:54:52
44,11113148873,Miembro,Activo,2026-04-01 15:55:20,2026-04-01 15:55:20,486,2026-04-01 15:55:20
44,11113141758,Miembro,Activo,2026-04-01 15:55:33,2026-04-01 15:55:33,487,2026-04-01 15:55:33
45,11112708888,Miembro,Activo,2026-04-01 15:55:47,2026-04-01 15:55:47,488,2026-04-01 15:55:47
45,11112856649,Miembro,Activo,2026-04-01 15:55:58,2026-04-01 15:55:58,489,2026-04-01 15:55:58
45,11113136238,Miembro,Activo,2026-04-01 15:58:20,2026-04-01 15:58:20,490,2026-04-01 15:58:20
46,11113104303,Miembro,Activo,2026-04-01 15:59:12,2026-04-01 15:59:12,491,2026-04-01 15:59:12
46,11113289382,Miembro,Activo,2026-04-01 15:59:29,2026-04-01 15:59:29,492,2026-04-01 15:59:29
46,11112941544,Miembro,Activo,2026-04-01 15:59:40,2026-04-01 15:59:40,493,2026-04-01 15:59:40
46,11112837073,Miembro,Activo,2026-04-01 15:59:54,2026-04-01 15:59:54,494,2026-04-01 15:59:54
155,11113007557,Miembro,Activo,2026-04-01 16:00:06,2026-04-01 16:00:06,495,2026-04-01 16:00:06
155,11113102542,Miembro,Activo,2026-04-01 16:00:37,2026-04-01 16:00:37,496,2026-04-01 16:00:37
155,11112968122,Miembro,Activo,2026-04-01 16:01:41,2026-04-01 16:01:41,497,2026-04-01 16:01:41
155,11112971296,Miembro,Activo,2026-04-01 16:02:22,2026-04-01 16:02:22,498,2026-04-01 16:02:22
155,11113121146,Miembro,Activo,2026-04-01 16:02:45,2026-04-01 16:02:45,499,2026-04-01 16:02:45
156,11113036790,Miembro,Activo,2026-04-01 16:02:58,2026-04-01 16:02:58,500,2026-04-01 16:02:58
32,11112982523,Miembro,Activo,2026-04-01 16:04:29,2026-04-01 16:04:29,501,2026-04-01 16:04:29
33,11112866249,Miembro,Activo,2026-04-01 16:05:26,2026-04-01 16:05:26,502,2026-04-01 16:05:26
33,11112928768,Miembro,Activo,2026-04-01 16:05:42,2026-04-01 16:05:42,503,2026-04-01 16:05:42
33,11112792766,Miembro,Activo,2026-04-01 16:06:07,2026-04-01 16:06:07,504,2026-04-01 16:06:07
34,11112861770,Miembro,Activo,2026-04-01 16:08:27,2026-04-01 16:08:27,505,2026-04-01 16:08:27
35,11112935138,Miembro,Activo,2026-04-01 16:10:37,2026-04-01 16:10:37,506,2026-04-01 16:10:37
107,11112924808,Miembro,Activo,2026-04-01 16:13:32,2026-04-01 16:13:32,507,2026-04-01 16:13:32
107,11112981187,Miembro,Activo,2026-04-01 16:13:54,2026-04-01 16:13:54,508,2026-04-01 16:13:54
107,11112788591,Miembro,Activo,2026-04-01 16:14:13,2026-04-01 16:14:13,509,2026-04-01 16:14:13
157,11112931322,Miembro,Activo,2026-04-01 16:14:32,2026-04-01 16:14:32,510,2026-04-01 16:14:32
157,11112932922,Miembro,Activo,2026-04-01 16:14:50,2026-04-01 16:14:50,511,2026-04-01 16:14:50
157,11113052405,Miembro,Activo,2026-04-01 16:15:13,2026-04-01 16:15:13,512,2026-04-01 16:15:13
55,11113023238,Miembro,Activo,2026-04-01 16:21:27,2026-04-01 16:21:27,513,2026-04-01 16:21:27
55,11113005465,Miembro,Activo,2026-04-01 16:22:10,2026-04-01 16:22:10,514,2026-04-01 16:22:10
56,11112862917,Miembro,Activo,2026-04-01 16:22:33,2026-04-01 16:22:33,515,2026-04-01 16:22:33
56,11112952328,Miembro,Activo,2026-04-01 16:22:46,2026-04-01 16:22:46,516,2026-04-01 16:22:46
58,11113097725,Miembro,Activo,2026-04-01 16:27:17,2026-04-01 16:27:17,517,2026-04-01 16:27:17
58,11112837856,Miembro,Activo,2026-04-01 16:27:57,2026-04-01 16:27:57,518,2026-04-01 16:27:57
58,11112918295,Miembro,Activo,2026-04-01 16:28:04,2026-04-01 16:28:04,519,2026-04-01 16:28:04
74,11113098282,Miembro,Activo,2026-04-01 16:33:27,2026-04-01 16:43:09,520,2026-04-01 16:33:27
74,11112895952,Miembro,Activo,2026-04-01 16:33:47,2026-04-01 16:33:47,521,2026-04-01 16:33:47
74,11112808669,Miembro,Activo,2026-04-01 16:34:13,2026-04-01 16:34:13,522,2026-04-01 16:34:13
74,11112893766,Miembro,Activo,2026-04-01 16:34:37,2026-04-01 16:34:37,523,2026-04-01 16:34:37
75,11113099230,Miembro,Activo,2026-04-01 16:35:40,2026-04-01 16:35:40,524,2026-04-01 16:35:40
75,11112777460,Miembro,Activo,2026-04-01 16:36:00,2026-04-01 16:36:00,525,2026-04-01 16:36:00
75,11112924092,Miembro,Activo,2026-04-01 16:36:16,2026-04-01 16:36:16,526,2026-04-01 16:36:16
76,11112958035,Miembro,Activo,2026-04-01 16:38:19,2026-04-01 16:38:19,527,2026-04-01 16:38:19
76,11112925822,Miembro,Activo,2026-04-01 16:38:36,2026-04-01 16:38:36,528,2026-04-01 16:38:36
76,11112859703,Miembro,Activo,2026-04-01 16:38:48,2026-04-01 16:38:48,529,2026-04-01 16:38:48
78,11113005693,Miembro,Activo,2026-04-01 16:38:57,2026-04-11 16:11:03,530,2026-04-01 16:38:57
77,11112813759,Miembro,Activo,2026-04-01 16:40:09,2026-04-01 16:40:09,531,2026-04-01 16:40:09
77,11113116034,Miembro,Activo,2026-04-01 16:40:23,2026-04-01 16:40:23,532,2026-04-01 16:40:23
77,11113007902,Miembro,Activo,2026-04-01 16:40:55,2026-06-18 17:10:37,533,2026-04-01 16:40:55
78,11112894601,Miembro,Activo,2026-04-01 16:41:09,2026-04-01 16:41:09,534,2026-04-01 16:41:09
77,11113037690,Miembro,Activo,2026-04-01 16:46:10,2026-04-01 16:46:10,535,2026-04-01 16:46:10
89,11113172495,Miembro,Activo,2026-04-01 16:49:13,2026-04-01 16:49:13,536,2026-04-01 16:49:13
89,11113016352,Miembro,Activo,2026-04-01 16:49:25,2026-04-01 16:49:25,537,2026-04-01 16:49:25
89,11113066481,Jefa de Centro,Activo,2026-04-01 16:49:38,2026-04-27 16:32:57,538,2026-04-27 16:32:57
89,11113049905,Miembro,Activo,2026-04-01 16:49:49,2026-04-01 16:49:49,539,2026-04-01 16:49:49
90,11112821422,Miembro,Activo,2026-04-01 16:50:15,2026-04-01 16:50:15,540,2026-04-01 16:50:15
90,11112911592,Miembro,Activo,2026-04-01 16:50:27,2026-04-01 16:50:27,541,2026-04-01 16:50:27
90,11112874869,Miembro,Activo,2026-04-01 16:50:40,2026-04-01 16:50:40,542,2026-04-01 16:50:40
90,11113051729,Miembro,Activo,2026-04-01 16:51:05,2026-04-01 16:51:05,543,2026-04-01 16:51:05
91,11112855051,Miembro,Activo,2026-04-01 16:52:51,2026-04-01 16:52:51,544,2026-04-01 16:52:51
91,11112915373,Miembro,Activo,2026-04-01 16:53:06,2026-04-01 16:53:06,545,2026-04-01 16:53:06
91,11112857142,Miembro,Activo,2026-04-01 16:53:21,2026-04-01 16:53:21,546,2026-04-01 16:53:21
91,11113028141,Miembro,Activo,2026-04-01 16:53:33,2026-04-01 16:53:33,547,2026-04-01 16:53:33
91,11113004040,Miembro,Activo,2026-04-01 16:53:44,2026-04-01 16:53:44,548,2026-04-01 16:53:44
92,11112879732,Miembro,Activo,2026-04-01 16:54:14,2026-04-01 16:54:14,549,2026-04-01 16:54:14
92,11113188998,Miembro,Activo,2026-04-01 16:54:27,2026-04-01 16:54:27,550,2026-04-01 16:54:27
93,11112849049,Miembro,Activo,2026-04-01 16:55:06,2026-04-01 16:55:06,551,2026-04-01 16:55:06
92,11112897851,Miembro,Activo,2026-04-01 16:55:27,2026-04-01 16:55:27,552,2026-04-01 16:55:27
93,11113119485,Miembro,Activo,2026-04-01 16:55:42,2026-04-01 16:55:42,553,2026-04-01 16:55:42
93,11112896125,Miembro,Activo,2026-04-01 16:55:58,2026-04-01 16:55:58,554,2026-04-01 16:55:58
93,11112864704,Miembro,Activo,2026-04-01 16:56:10,2026-04-01 16:56:10,555,2026-04-01 16:56:10
99,11112926863,Miembro,Activo,2026-04-01 17:00:13,2026-04-01 17:00:13,556,2026-04-01 17:00:13
99,11113114310,Miembro,Activo,2026-04-01 17:00:28,2026-04-01 17:00:28,557,2026-04-01 17:00:28
99,11112922496,Miembro,Activo,2026-04-01 17:00:43,2026-04-01 17:00:43,558,2026-04-01 17:00:43
49,11113002299,Miembro,Activo,2026-04-01 17:07:46,2026-04-01 17:07:46,559,2026-04-01 17:07:46
71,11113205769,Miembro,Activo,2026-04-01 17:11:04,2026-04-01 17:11:04,560,2026-04-01 17:11:04
71,11113036082,Miembro,Activo,2026-04-01 17:11:36,2026-04-01 17:11:36,561,2026-04-01 17:11:36
72,11113042991,Miembro,Activo,2026-04-01 17:11:52,2026-04-01 17:11:52,562,2026-04-01 17:11:52
61,11112872200,Miembro,Activo,2026-04-01 17:17:45,2026-04-01 17:17:45,563,2026-04-01 17:17:45
158,11113264674,Miembro,Activo,2026-04-01 17:19:20,2026-04-01 17:19:20,564,2026-04-01 17:19:20
80,11112622956,Miembro,Activo,2026-04-01 17:20:29,2026-04-01 17:20:29,565,2026-04-01 17:20:29
80,11112626649,Miembro,Activo,2026-04-01 17:20:38,2026-04-01 17:20:38,566,2026-04-01 17:20:38
84,11112933315,Miembro,Activo,2026-04-01 17:25:22,2026-04-01 17:25:22,567,2026-04-01 17:25:22
84,11113091556,Miembro,Activo,2026-04-01 17:25:37,2026-04-01 17:25:37,568,2026-04-01 17:25:37
62,11113073181,Miembro,Activo,2026-04-01 17:27:20,2026-04-01 17:27:20,569,2026-04-01 17:27:20
62,11113085560,Miembro,Activo,2026-04-01 17:27:33,2026-04-01 17:27:33,570,2026-04-01 17:27:33
62,11112958983,Miembro,Activo,2026-04-01 17:27:44,2026-04-01 17:27:44,571,2026-04-01 17:27:44
63,11112893338,Miembro,Activo,2026-04-01 17:28:14,2026-04-01 17:28:14,572,2026-04-01 17:28:14
159,11112699307,Jefa de Centro,Activo,2026-04-01 17:29:10,2026-04-20 18:41:10,573,2026-04-20 18:41:10
159,11113033618,Miembro,Activo,2026-04-01 17:30:13,2026-04-01 17:30:13,574,2026-04-01 17:30:13
65,11113021078,Jefa de Centro,Activo,2026-04-01 17:32:46,2026-04-13 18:03:00,575,2026-04-13 18:03:00
65,11112927981,Miembro,Activo,2026-04-01 17:33:01,2026-04-01 17:33:01,576,2026-04-01 17:33:01
65,11112764956,Miembro,Activo,2026-04-01 17:33:14,2026-04-01 17:33:14,577,2026-04-01 17:33:14
65,11112979940,Miembro,Activo,2026-04-01 17:33:29,2026-04-01 17:33:29,578,2026-04-01 17:33:29
65,11112882874,Miembro,Activo,2026-04-01 17:33:43,2026-04-01 17:33:43,579,2026-04-01 17:33:43
66,11112924530,Miembro,Activo,2026-04-01 17:33:59,2026-04-01 17:33:59,580,2026-04-01 17:33:59
66,11112971667,Miembro,Activo,2026-04-01 17:34:36,2026-04-01 17:34:36,581,2026-04-01 17:34:36
66,11112963613,Miembro,Activo,2026-04-01 17:35:04,2026-04-01 17:35:04,582,2026-04-01 17:35:04
67,11112828133,Miembro,Activo,2026-04-01 17:35:19,2026-04-01 17:35:19,583,2026-04-01 17:35:19
67,11113046154,Miembro,Activo,2026-04-01 17:35:31,2026-04-01 17:35:31,584,2026-04-01 17:35:31
67,11112763680,Miembro,Activo,2026-04-01 17:35:55,2026-04-01 17:35:55,585,2026-04-01 17:35:55
67,11112996430,Miembro,Activo,2026-04-01 17:36:11,2026-04-01 17:36:11,586,2026-04-01 17:36:11
68,11112833441,Miembro,Activo,2026-04-01 17:36:34,2026-04-01 17:36:34,587,2026-04-01 17:36:34
68,11112956989,Miembro,Activo,2026-04-01 17:37:00,2026-04-01 17:37:00,588,2026-04-01 17:37:00
68,11112985867,Miembro,Activo,2026-04-01 17:37:49,2026-04-01 17:37:49,589,2026-04-01 17:37:49
68,11113081447,Miembro,Activo,2026-04-01 17:38:24,2026-04-01 17:40:14,590,2026-04-01 17:38:24
69,11112846271,Miembro,Activo,2026-04-01 17:40:33,2026-04-01 17:40:33,591,2026-04-01 17:40:33
69,11113012821,Miembro,Activo,2026-04-01 17:40:52,2026-04-01 17:40:52,592,2026-04-01 17:40:52
69,11113053191,Miembro,Activo,2026-04-01 18:00:35,2026-04-01 18:00:35,593,2026-04-01 18:00:35
69,11112863857,Miembro,Activo,2026-04-01 18:01:01,2026-04-01 18:01:01,594,2026-04-01 18:01:01
70,11113096161,Miembro,Activo,2026-04-01 18:04:19,2026-04-01 18:04:19,595,2026-04-01 18:04:19
70,11112902202,Miembro,Activo,2026-04-01 18:04:34,2026-04-01 18:04:34,596,2026-04-01 18:04:34
70,11112801054,Miembro,Activo,2026-04-01 18:04:46,2026-04-01 18:04:46,597,2026-04-01 18:04:46
70,11112933863,Miembro,Activo,2026-04-01 18:05:03,2026-04-01 18:05:03,598,2026-04-01 18:05:03
70,11113184661,Miembro,Activo,2026-04-01 18:05:36,2026-04-01 18:05:36,599,2026-04-01 18:05:36
160,11112761450,Miembro,Activo,2026-04-01 18:05:54,2026-04-01 18:05:54,600,2026-04-01 18:05:54
160,11112998003,Miembro,Activo,2026-04-01 18:06:21,2026-04-01 18:06:21,601,2026-04-01 18:06:21
160,11113102519,Miembro,Activo,2026-04-01 18:06:35,2026-04-01 18:06:35,602,2026-04-01 18:06:35
160,11112802259,Miembro,Activo,2026-04-01 18:08:17,2026-04-01 18:08:17,603,2026-04-01 18:08:17
160,11113113052,Miembro,Activo,2026-04-01 18:09:13,2026-04-01 18:09:13,604,2026-04-01 18:09:13
161,11113051816,Miembro,Activo,2026-04-01 18:10:14,2026-04-01 18:10:14,605,2026-04-01 18:10:14
161,11112666627,Miembro,Activo,2026-04-01 18:10:39,2026-04-01 18:10:39,606,2026-04-01 18:10:39
161,11113036993,Miembro,Activo,2026-04-01 18:10:53,2026-04-01 18:10:53,607,2026-04-01 18:10:53
161,11112939631,Miembro,Activo,2026-04-01 18:11:04,2026-04-01 18:11:04,608,2026-04-01 18:11:04
109,11112946318,Jefa de Centro,Activo,2026-04-01 18:11:26,2026-05-18 19:15:55,609,2026-05-18 19:15:55
109,11112833520,Miembro,Activo,2026-04-01 18:11:45,2026-04-01 18:11:45,610,2026-04-01 18:11:45
87,11112908135,Miembro,Activo,2026-04-01 18:12:10,2026-04-01 18:12:10,611,2026-04-01 18:12:10
87,11112937209,Miembro,Activo,2026-04-01 18:12:45,2026-04-01 18:12:45,612,2026-04-01 18:12:45
88,11112938387,Miembro,Activo,2026-04-01 18:14:19,2026-04-01 18:14:19,613,2026-04-01 18:14:19
51,11112887993,Miembro,Activo,2026-04-01 18:15:08,2026-04-01 18:15:08,614,2026-04-01 18:15:08
51,11112878524,Miembro,Activo,2026-04-01 18:15:29,2026-04-01 18:15:29,615,2026-04-01 18:15:29
52,11112854697,Miembro,Activo,2026-04-01 18:16:29,2026-04-01 18:16:29,616,2026-04-01 18:16:29
53,11112886913,Jefa de Centro,Activo,2026-04-01 18:17:25,2026-07-15 16:28:16,617,2026-07-15 16:28:16
53,11112984818,Miembro,Activo,2026-04-01 18:18:04,2026-04-01 18:18:07,618,2026-04-01 18:18:04
162,11112779406,Miembro,Activo,2026-04-01 18:22:24,2026-04-01 18:22:24,619,2026-04-01 18:22:24
162,11112852646,Miembro,Activo,2026-04-01 18:27:15,2026-04-01 18:27:15,620,2026-04-01 18:27:15
62,11113054433,Miembro,Activo,2026-04-01 18:31:16,2026-04-01 18:31:16,621,2026-04-01 18:31:16
118,11113025129,Miembro,Activo,2026-04-01 18:31:33,2026-04-01 18:31:33,622,2026-04-01 18:31:33
162,11112968070,Miembro,Activo,2026-04-01 18:33:07,2026-04-01 18:33:07,623,2026-04-01 18:33:07
162,11112944716,Miembro,Activo,2026-04-01 18:33:38,2026-04-01 18:33:38,624,2026-04-01 18:33:38
162,11112934036,Miembro,Activo,2026-04-01 18:34:02,2026-04-01 18:34:02,625,2026-04-01 18:34:02
157,11112919969,Miembro,Activo,2026-04-01 18:36:27,2026-04-01 18:36:27,626,2026-04-01 18:36:27
163,11112836635,Miembro,Activo,2026-04-01 18:45:40,2026-04-01 18:45:40,627,2026-04-01 18:45:40
126,11112948571,Miembro,Activo,2026-04-02 17:05:48,2026-06-17 20:16:04,628,2026-04-02 17:05:48
93,11112985466,Miembro,Activo,2026-04-02 17:20:41,2026-04-02 17:20:41,629,2026-04-02 17:20:41
93,11112809015,Miembro,Activo,2026-04-02 17:30:07,2026-04-02 17:30:07,630,2026-04-02 17:30:07
118,11113106411,Miembro,Activo,2026-04-08 20:23:44,2026-04-08 20:23:44,631,2026-04-08 20:23:44
139,11113125574,Miembro,Activo,2026-04-10 19:40:00,2026-04-10 19:40:00,632,2026-04-10 19:40:00
164,11112826720,Miembro,Activo,2026-04-10 19:51:37,2026-04-16 21:17:48,633,2026-04-10 19:51:37
164,11112786052,Miembro,Activo,2026-04-11 17:49:32,2026-04-16 21:17:29,634,2026-04-11 17:49:32
139,11113005621,Miembro,Activo,2026-04-11 18:24:14,2026-04-11 18:24:14,635,2026-04-11 18:24:14
164,11112823381,Miembro,Activo,2026-04-16 21:17:13,2026-04-16 21:17:13,636,2026-04-16 21:17:13
165,11112888361,Miembro,Activo,2026-04-17 18:36:09,2026-04-17 18:36:09,637,2026-04-17 18:36:09
118,11112961004,Miembro,Activo,2026-04-17 19:41:26,2026-04-17 19:41:26,638,2026-04-17 19:41:26
118,11112941078,Miembro,Activo,2026-04-20 18:31:30,2026-04-20 18:31:30,639,2026-04-20 18:31:30
165,11112823652,Miembro,Activo,2026-04-22 22:05:09,2026-04-22 22:05:09,640,2026-04-22 22:05:09
165,11113179172,Miembro,Activo,2026-04-22 22:14:31,2026-04-22 22:14:31,641,2026-04-22 22:14:31
118,11113126104,Miembro,Activo,2026-04-22 22:27:12,2026-04-22 22:27:12,642,2026-04-22 22:27:12
165,11113166323,Miembro,Activo,2026-04-29 19:23:52,2026-04-29 19:23:52,644,2026-04-29 19:23:52
164,11113095058,Miembro,Activo,2026-04-29 19:48:36,2026-04-29 19:48:36,645,2026-04-29 19:48:36
164,11113006480,Miembro,Activo,2026-05-04 20:26:49,2026-05-04 20:26:49,646,2026-05-04 20:26:49
82,11112813052,Miembro,Activo,2026-05-06 16:45:40,2026-05-06 16:45:40,647,2026-05-06 16:45:40
166,11112945246,Miembro,Activo,2026-05-06 17:06:38,2026-05-06 17:06:38,648,2026-05-06 17:06:38
130,11112901756,Miembro,Activo,2026-05-08 20:01:40,2026-05-08 20:01:40,649,2026-05-08 20:01:40
74,11112735798,Miembro,Activo,2026-05-09 17:33:27,2026-05-09 17:33:27,650,2026-05-09 17:33:27
81,11112755226,Miembro,Activo,2026-05-14 22:09:51,2026-05-14 22:23:16,652,2026-05-14 22:09:51
118,11113125623,Miembro,Activo,2026-05-16 16:25:26,2026-05-16 16:25:26,653,2026-05-16 16:25:26
93,11112893523,Miembro,Activo,2026-05-16 16:44:24,2026-05-16 16:44:24,654,2026-05-16 16:44:24
165,11112867599,Miembro,Activo,2026-05-20 18:15:49,2026-05-20 18:15:49,655,2026-05-20 18:15:49
78,11112625987,Miembro,Activo,2026-05-22 16:40:52,2026-05-22 16:40:52,656,2026-05-22 16:40:52
114,11113056638,Miembro,Activo,2026-05-22 16:53:04,2026-05-22 16:53:04,657,2026-05-22 16:53:04
50,11112914012,Miembro,Activo,2026-05-26 18:32:49,2026-05-26 18:32:49,658,2026-05-26 18:32:49
119,11113023334,Miembro,Activo,2026-05-29 21:08:55,2026-05-29 21:08:55,659,2026-05-29 21:08:55
114,11112887079,Miembro,Activo,2026-05-30 16:54:25,2026-05-30 16:54:25,660,2026-05-30 16:54:25
118,11113186245,Miembro,Activo,2026-05-30 17:07:35,2026-05-30 17:07:35,661,2026-05-30 17:07:35
118,11113162874,Miembro,Activo,2026-05-30 17:21:34,2026-05-30 17:21:34,662,2026-05-30 17:21:34
73,11112854078,Miembro,Activo,2026-05-30 17:33:22,2026-05-30 17:33:22,663,2026-05-30 17:33:22
93,11113181739,Miembro,Activo,2026-06-03 20:36:29,2026-06-03 20:36:29,664,2026-06-03 20:36:29
35,11112914985,Miembro,Activo,2026-06-10 17:59:45,2026-06-10 17:59:45,665,2026-06-10 17:59:45
166,11113004468,Miembro,Activo,2026-06-10 18:19:10,2026-06-10 18:19:10,666,2026-06-10 18:19:10
166,11113174457,Miembro,Activo,2026-06-10 18:40:39,2026-06-10 18:40:39,667,2026-06-10 18:40:39
78,11112914791,Miembro,Activo,2026-06-10 18:55:08,2026-06-10 18:55:08,668,2026-06-10 18:55:08
125,11113069896,Miembro,Activo,2026-06-12 17:45:34,2026-06-12 17:45:34,669,2026-06-12 17:45:34
135,11113186271,Miembro,Activo,2026-06-12 17:57:12,2026-06-12 21:18:03,670,2026-06-12 17:57:12
133,11112881133,Jefa de Centro,Activo,2026-06-16 16:50:10,2026-06-16 16:50:30,671,2026-06-16 16:50:30
78,11113023526,Miembro,Activo,2026-06-16 17:15:13,2026-06-16 17:15:13,672,2026-06-16 17:15:13
78,11112911821,Miembro,Activo,2026-06-17 18:22:53,2026-06-17 18:22:53,673,2026-06-17 18:22:53
140,11113177745,Miembro,Activo,2026-06-17 18:58:31,2026-06-17 18:58:31,674,2026-06-17 18:58:31
140,11113062348,Miembro,Activo,2026-06-17 19:09:54,2026-06-17 19:09:54,675,2026-06-17 19:09:54
167,11112838338,Miembro,Activo,2026-06-17 19:42:52,2026-06-19 21:58:38,676,2026-06-17 19:42:52
167,11112987168,Miembro,Activo,2026-06-17 19:51:01,2026-06-19 21:59:14,677,2026-06-17 19:51:01
127,11112886288,Miembro,Activo,2026-06-17 20:16:28,2026-06-17 20:16:28,678,2026-06-17 20:16:28
78,11112994198,Miembro,Activo,2026-06-17 20:26:52,2026-06-17 20:26:52,679,2026-06-17 20:26:52
87,11112936233,Miembro,Activo,2026-06-18 21:54:31,2026-06-18 21:54:31,680,2026-06-18 21:54:31
167,11112903021,Miembro,Activo,2026-06-18 22:11:31,2026-06-18 22:11:31,681,2026-06-18 22:11:31
133,11113095404,Miembro,Activo,2026-06-19 17:26:41,2026-06-19 17:26:41,682,2026-06-19 17:26:41
133,11113003747,Miembro,Activo,2026-06-19 18:07:54,2026-06-19 18:07:54,683,2026-06-19 18:07:54
167,11112866965,Miembro,Activo,2026-06-19 21:58:55,2026-06-19 21:58:55,684,2026-06-19 21:58:55
167,11113031567,Miembro,Activo,2026-06-19 21:59:28,2026-06-19 21:59:28,685,2026-06-19 21:59:28
43,11113208518,Miembro,Activo,2026-06-19 22:50:18,2026-06-19 22:50:18,686,2026-06-19 22:50:18
13,11113223015,Miembro,Activo,2026-06-19 23:23:03,2026-06-19 23:23:03,688,2026-06-19 23:23:03
17,11112934517,Miembro,Activo,2026-06-19 23:23:03,2026-06-19 23:23:03,689,2026-06-19 23:23:03
23,11112739578,Miembro,Activo,2026-06-19 23:23:03,2026-06-19 23:23:03,690,2026-06-19 23:23:03
35,11113168985,Miembro,Activo,2026-06-19 23:23:03,2026-06-19 23:23:03,691,2026-06-19 23:23:03
61,11113005497,Miembro,Activo,2026-06-19 23:23:03,2026-06-19 23:23:03,692,2026-06-19 23:23:03
89,11113028250,Miembro,Activo,2026-06-19 23:23:03,2026-06-19 23:23:03,693,2026-06-19 23:23:03
106,11112943727,Miembro,Activo,2026-06-19 23:23:03,2026-06-19 23:23:03,694,2026-06-19 23:23:03
109,11113026469,Miembro,Activo,2026-06-19 23:23:03,2026-06-19 23:23:03,695,2026-06-19 23:23:03
118,11113102113,Miembro,Activo,2026-06-19 23:23:03,2026-06-19 23:23:03,696,2026-06-19 23:23:03
120,11112785207,Miembro,Activo,2026-06-19 23:23:04,2026-06-19 23:23:04,697,2026-06-19 23:23:04
125,11112952934,Miembro,Activo,2026-06-19 23:23:04,2026-06-19 23:23:04,698,2026-06-19 23:23:04
129,11112949472,Miembro,Activo,2026-06-19 23:23:04,2026-06-19 23:23:04,699,2026-06-19 23:23:04
131,11112955447,Miembro,Activo,2026-06-19 23:23:04,2026-06-19 23:23:04,700,2026-06-19 23:23:04
131,11113121988,Miembro,Activo,2026-06-19 23:23:04,2026-06-19 23:23:04,701,2026-06-19 23:23:04
133,11112952632,Miembro,Activo,2026-06-19 23:23:04,2026-06-19 23:23:04,702,2026-06-19 23:23:04
133,11113068571,Miembro,Activo,2026-06-19 23:23:04,2026-06-19 23:23:04,703,2026-06-19 23:23:04
135,11112869659,Miembro,Activo,2026-06-19 23:23:04,2026-06-19 23:23:04,704,2026-06-19 23:23:04
135,11113031819,Miembro,Activo,2026-06-19 23:23:04,2026-06-19 23:23:04,705,2026-06-19 23:23:04
137,11112833535,Miembro,Activo,2026-06-19 23:23:04,2026-06-19 23:23:04,706,2026-06-19 23:23:04
137,11112897750,Miembro,Activo,2026-06-19 23:23:04,2026-06-19 23:23:04,707,2026-06-19 23:23:04
137,11113053988,Miembro,Activo,2026-06-19 23:23:04,2026-06-19 23:23:04,708,2026-06-19 23:23:04
139,11113271100,Miembro,Activo,2026-06-19 23:23:04,2026-06-19 23:23:04,709,2026-06-19 23:23:04
140,11112897765,Miembro,Activo,2026-06-19 23:23:05,2026-06-19 23:23:05,710,2026-06-19 23:23:05
140,11112958365,Miembro,Activo,2026-06-19 23:23:05,2026-06-19 23:23:05,711,2026-06-19 23:23:05
140,11113004915,Miembro,Activo,2026-06-19 23:23:05,2026-06-19 23:23:05,712,2026-06-19 23:23:05
140,11113229030,Jefa de Centro,Activo,2026-06-19 23:23:05,2026-06-22 17:17:43,713,2026-06-22 17:17:43
1,11112996352,Miembro,Activo,2026-06-24 17:47:53,2026-06-24 17:47:53,714,2026-06-24 17:47:53
118,11112807935,Miembro,Activo,2026-06-24 18:19:35,2026-06-24 18:19:35,715,2026-06-24 18:19:35
78,11112806809,Miembro,Activo,2026-06-27 18:07:52,2026-06-27 18:07:52,716,2026-06-27 18:07:52
158,11112917334,Miembro,Activo,2026-07-03 18:53:04,2026-07-03 18:53:04,718,2026-07-03 18:53:04
171,11112973732,Miembro,Activo,2026-07-03 21:39:09,2026-07-03 21:39:09,719,2026-07-03 21:39:09
172,11113046773,Miembro,Activo,2026-07-04 04:14:15,2026-07-04 04:17:12,720,2026-07-04 04:14:15
169,11113222743,Miembro,Activo,2026-07-04 04:19:07,2026-07-04 04:19:07,721,2026-07-04 04:19:07
169,11112964591,Miembro,Activo,2026-07-04 04:20:01,2026-07-04 04:20:01,722,2026-07-04 04:20:01
169,11113087803,Miembro,Activo,2026-07-04 04:21:09,2026-07-04 04:21:09,723,2026-07-04 04:21:09
169,11113179982,Miembro,Activo,2026-07-04 04:21:45,2026-07-04 04:21:45,724,2026-07-04 04:21:45
165,11112982881,Miembro,Activo,2026-07-07 18:56:26,2026-07-07 18:56:26,725,2026-07-07 18:56:26
50,11113074398,Miembro,Activo,2026-07-09 21:21:14,2026-07-09 21:21:14,726,2026-07-09 21:21:14
84,11112983434,Miembro,Activo,2026-07-09 21:21:58,2026-07-09 21:21:58,727,2026-07-09 21:21:58
174,11112867783,Miembro,Activo,2026-07-16 16:12:18,2026-07-16 16:12:18,728,2026-07-16 16:12:18
174,11113071228,Miembro,Activo,2026-07-16 17:17:35,2026-07-16 17:17:35,729,2026-07-16 17:17:35
81,11113092434,Miembro,Activo,2026-07-16 19:37:32,2026-07-16 19:37:32,730,2026-07-16 19:37:32
80,11112626052,Miembro,Activo,2026-07-16 20:41:35,2026-07-16 20:41:35,731,2026-07-16 20:41:35
6,11113265056,Miembro,Activo,2026-07-16 23:19:46,2026-07-16 23:19:46,732,2026-07-16 23:19:46
175,11112767272,Miembro,Activo,2026-07-17 16:47:12,2026-07-17 16:47:12,733,2026-07-17 16:47:12
175,11112964451,Miembro,Activo,2026-07-17 17:19:38,2026-07-17 17:19:38,734,2026-07-17 17:19:38
175,11112951374,Miembro,Activo,2026-07-17 17:41:11,2026-07-17 17:41:11,735,2026-07-17 17:41:11
141,11112947297,Miembro,Activo,2026-07-17 19:32:12,2026-07-17 19:32:12,736,2026-07-17 19:32:12
175,11112857174,Miembro,Activo,2026-07-17 20:21:20,2026-07-17 20:21:20,737,2026-07-17 20:21:20
176,11112933326,Miembro,Activo,2026-07-17 20:31:06,2026-07-17 20:31:06,738,2026-07-17 20:31:06
175,11113004656,Miembro,Activo,2026-07-17 23:00:10,2026-07-17 23:00:10,739,2026-07-17 23:00:10
177,11112913625,Miembro,Activo,2026-07-20 20:47:43,2026-07-20 20:47:43,740,2026-07-20 20:47:43
177,11112939450,Miembro,Activo,2026-07-20 21:35:13,2026-07-20 21:35:13,741,2026-07-20 21:35:13
178,11113015330,Miembro,Activo,2026-07-20 22:14:46,2026-07-20 22:14:46,742,2026-07-20 22:14:46
131,11113004199,Miembro,Activo,2026-07-22 19:00:40,2026-07-22 19:00:40,743,2026-07-22 19:00:40
177,11113179794,Miembro,Activo,2026-07-22 20:29:59,2026-07-22 20:29:59,744,2026-07-22 20:29:59
177,11113145552,Miembro,Activo,2026-07-22 20:30:18,2026-07-22 20:30:18,745,2026-07-22 20:30:18
178,11113027782,Miembro,Activo,2026-07-22 20:30:38,2026-07-22 20:30:38,746,2026-07-22 20:30:38
127,11113172654,Miembro,Activo,2026-07-23 19:09:10,2026-07-23 19:09:10,747,2026-07-23 19:09:10
133,11112976322,Miembro,Activo,2026-07-24 20:29:35,2026-07-24 20:29:35,748,2026-07-24 20:29:35
