id_ingresos,ingreso_semanal,otro_ingreso,gastos_negocio,gastos_hogar,conyugue,nombre_conyugue,telefono_movil,ocupacion,estado,ciudad,calle,numero_ext,numero_int,codigo_postal,municipio,colonia,credito_precio,nombre_institucion,deuda,actividad_ocupacion,mes_menos_ingreso,fecha_creacion,fecha_actualizacion,id_cliente
3,5000,4000.00,1000.00,1000.00,0,,,,,,,S/N,S/N,,,,3000,Grupo Gramin,282.00,Venta De Pollo,Enero,2025-06-17 23:49:07,2025-06-17 23:49:07,11113025129
4,4500,4000.00,1000.00,500.00,0,,,,,,,S/N,S/N,,,,0,,0.00,Albañil,Enero,2025-06-25 00:15:09,2025-06-25 00:15:09,11112925238
5,7500,6500.00,2500.00,4500.00,0,,,,,,,S/N,S/N,,,,0,,0.00,Empleado,Enero,2025-06-26 00:35:08,2025-06-26 00:35:08,11112903012
6,1500,2000.00,1200.00,1000.00,0,,,,,,,S/N,S/N,,,,0,,0.00,Elaboración Y Venta De Tortillas,Diciembre,2025-06-27 19:48:35,2025-06-27 19:48:35,11113008579
7,2000,2000.00,300.00,300.00,0,,,,,,,S/N,S/N,,,,5000,Compartamos,572.00,Elaboracion Y Venta De Tortillas,Diciembre,2025-06-27 20:56:36,2025-06-27 20:56:36,11112984597
10,5000,3500.00,500.00,2000.00,0,,,,,,,S/N,S/N,,,,22000,Caja Popular,2300.00,Chofer,Julio,2025-07-03 23:55:44,2025-07-03 23:55:44,11113098291
13,1500,0.00,900.00,900.00,0,,,,,,,S/N,S/N,,,,12,Fooax,10896.00,Tienda De Dulces,Diciembre,2025-07-15 20:23:42,2025-07-15 20:23:42,11112919810
14,5700,4000.00,300.00,1000.00,0,,,,,,,S/N,S/N,,,,4000,Fooax,4000.00,Venta De Zapatos Por Catalogo Y Ropa,Octubre,2025-07-15 20:48:23,2025-07-15 20:48:23,11112861463
15,4500,4000.00,1500.00,500.00,0,,,,,,,S/N,S/N,,,,12000,Fooax,8000.00,Taqueria,Diciembre,2025-07-15 21:49:21,2025-07-15 21:49:21,11112899272
16,5000,4500.00,1000.00,2500.00,0,,,,,,,S/N,S/N,,,,4000,Fooax,4800.00,Albañil,Marzo,2025-07-15 22:07:03,2025-07-15 22:07:03,11112985973
17,4000,0.00,1000.00,1500.00,0,,,,,,,S/N,S/N,,,,0,,0.00,Comida,Noviembre,2025-07-15 22:51:42,2025-07-15 22:51:42,11112821963
18,5000,0.00,1000.00,1500.00,0,,,,,,,S/N,S/N,,,,0,,0.00,Cenaduria ,Julio,2025-07-16 15:33:05,2025-07-16 15:33:05,11112918184
19,3000,0.00,1.00,1000.00,0,,,,,,,S/N,S/N,,,,0,,0.00,Ama De Casa,Diciembre,2025-07-16 15:43:29,2025-07-16 15:43:29,11112922068
20,6000,6000.00,2000.00,1500.00,0,,,,,,,S/N,S/N,,,,0,,0.00,Manualidades,Agosto,2025-07-16 16:30:36,2025-07-16 16:30:36,11113129537
21,1,0.00,1.00,1.00,0,,,,,,,S/N,S/N,,,,0,,0.00,Venta De Pollos Asados,Enero,2025-07-22 20:11:28,2025-07-22 20:11:28,11113204127
22,1,0.00,1.00,1.00,0,,,,,,,S/N,S/N,,,,0,,0.00,Venta De Pollos Asados,Enero,2025-07-22 20:31:22,2025-07-22 20:31:22,11113208518
23,5000,5000.00,1500.00,450.00,0,,,,,,,S/N,S/N,,,,13000,Compartamos,13000.00,Venta De Alimentos,Julio,2025-07-30 18:07:59,2025-07-30 18:07:59,11112791994
24,3750,0.00,1000.00,600.00,0,,,,,,,S/N,S/N,,,,15000,Coppel,1500.00,Renta Cuartos,Diciembre,2025-07-30 18:29:53,2025-07-30 18:29:53,11112971766
25,8000,0.00,3500.00,1500.00,0,,,,,,,S/N,S/N,,,,9800,Fooax,5000.00,Estudiante,Enero,2025-07-30 18:44:47,2025-07-30 18:44:47,11112979148
26,5000,3000.00,1250.00,7000.00,0,,,,,,,S/N,S/N,,,,10000,Acreimex,5000.00,"Mototaxi, Polleria Y Cenaduria",Marzo,2025-07-30 19:08:12,2025-07-30 19:08:12,11113029053
27,3000,3000.00,1500.00,700.00,0,,,,,,,S/N,S/N,,,,0,,0.00,Venta De Pollo,Abril,2025-07-30 19:25:25,2025-07-30 19:25:25,11113017302
28,4000,0.00,1000.00,1000.00,0,,,,,,,S/N,S/N,,,,10,Coppel,10.00,Joyeria,Enero,2025-07-30 19:42:18,2025-07-30 19:42:18,11112871315
29,5600,0.00,1400.00,2000.00,0,,,,,,,S/N,S/N,,,,0,,0.00,Taqueria,Julio,2025-07-30 20:09:17,2025-07-30 20:09:17,11112966560
30,7,20.00,2000.00,700.00,0,,,,,,,S/N,S/N,,,,0,,0.00,Joyeria,Julio,2025-07-30 21:49:36,2025-07-30 21:49:36,11112805333
32,3000,0.00,1200.00,750.00,0,,,,,,,S/N,S/N,,,,0,,0.00,Comerciante,Diciembre,2025-07-30 23:09:25,2025-07-30 23:09:25,11112835706
33,2800,0.00,1000.00,500.00,0,,,,,,,S/N,S/N,,,,0,,0.00,Vende Postres,Agosto,2025-07-30 23:21:49,2025-07-30 23:21:49,11112901442
34,10,3500.00,7500.00,1770.00,0,,,,,,,S/N,S/N,,,,0,,0.00,Tienda De Abarrotes,Agosto,2025-07-30 23:47:48,2025-07-30 23:47:48,11112909806
35,10000,7500.00,2000.00,1000.00,0,,,,,,,S/N,S/N,,,,0,,0.00,Decoraciones,Febrero,2025-08-01 16:35:47,2025-08-01 16:35:47,11112949301
36,4000,0.00,2500.00,700.00,0,,,,,,,S/N,S/N,,,,0,,0.00,Venta De Joyeria,Julio,2025-08-01 17:06:16,2025-08-01 17:06:16,11112913368
37,2,0.00,1.00,1.00,0,,,,,,,S/N,S/N,,,,0,,0.00,Test,Enero,2025-08-01 17:50:05,2025-08-01 17:50:05,11113204612
38,3500,4000.00,600.00,1000.00,0,,,,,,,S/N,S/N,,,,0,,0.00,Abarrotera,Enero,2025-08-01 18:46:58,2025-08-01 18:46:58,11112996211
39,1500,0.00,500.00,500.00,0,,,,,,,S/N,S/N,,,,0,,0.00,Vende Comida,Abril,2025-08-01 18:59:07,2025-08-01 18:59:07,11112931340
40,4500,0.00,1500.00,350.00,0,,,,,,,S/N,S/N,,,,10000,Gramicarso,3000.00,Vende Comida,Julio,2025-08-01 19:15:46,2025-08-01 19:15:46,11113025167
41,3200,17000.00,1200.00,1200.00,0,,,,,,,S/N,S/N,,,,0,,0.00,Reposteria,Agosto,2025-08-01 19:41:19,2025-08-01 19:41:19,11113129161
44,2000,1500.00,500.00,300.00,0,,,,,,,S/N,S/N,,,,0,,0.00,Vende Comida,Enero,2025-08-01 21:13:47,2025-08-01 21:13:47,11112977354
45,2500,0.00,1000.00,500.00,0,,,,,,,S/N,S/N,,,,0,,0.00,Estudiante,Diciembre,2025-08-01 21:32:48,2025-08-01 21:32:48,11112997831
46,3000,4000.00,1100.00,600.00,0,,,,,,,S/N,S/N,,,,0,,0.00,Empleada,Diciembre,2025-08-01 21:40:47,2025-08-01 21:40:47,11113043290
47,3500,3000.00,700.00,300.00,0,,,,,,,S/N,S/N,,,,0,,0.00,Vende Comida,Febrero,2025-08-01 22:39:28,2025-08-01 22:39:28,11112926916
48,2200,0.00,1000.00,250.00,0,,,,,,,S/N,S/N,,,,0,,0.00,Venta Por Catalogo,Septiembre,2025-08-01 23:00:56,2025-08-01 23:00:56,11112985270
49,3500,3000.00,1000.00,1300.00,0,,,,,,,S/N,S/N,,,,0,,0.00,Venta De Verdura,Abril,2025-08-05 15:31:56,2025-08-05 15:31:56,11112765503
50,2000,0.00,200.00,600.00,0,,,,,,,S/N,S/N,,,,12000,Fooax,2190.00,Venta De Tamales,Noviembre,2025-08-05 15:51:18,2025-08-05 15:51:18,11112792952
51,4800,4100.00,1300.00,1100.00,0,,,,,,,S/N,S/N,,,,0,,0.00,Vendedora De Tortillas,Diciembre,2025-08-05 16:42:40,2025-08-05 16:42:40,11112973962
52,2500,5000.00,1000.00,1000.00,0,,,,,,,S/N,S/N,,,,12000,Fooax,8640.00,Vende Comida,Diciembre,2025-08-05 17:03:14,2025-08-05 17:03:14,11112847319
53,4000,3500.00,2000.00,700.00,0,,,,,,,S/N,S/N,,,,0,,0.00,"Venta De Semillas Tostadas, Chocolate  Y Venta De Verduras",Diciembre,2025-08-05 17:21:44,2025-08-05 17:21:44,11113115541
54,6500,0.00,3000.00,1000.00,0,,,,,,,S/N,S/N,,,,0,,0.00,"Venta De Plata, Ropa, Cosméticos, Cobijas",Junio,2025-08-05 17:49:39,2025-08-05 17:49:39,11112905319
55,3000,0.00,1800.00,1200.00,0,,,,,,,S/N,S/N,,,,0,,0.00,Comerciante,Julio,2025-08-05 17:59:05,2025-08-05 17:59:05,11112972021
56,4500,0.00,1500.00,1500.00,0,,,,,,,S/N,S/N,,,,0,,0.00,Vende Comida,Julio,2025-08-05 18:14:46,2025-08-05 18:14:46,11113176710
57,1500,1500.00,300.00,1200.00,0,,,,,,,S/N,S/N,,,,0,,0.00,Costurera,Abril,2025-08-05 18:28:45,2025-08-05 18:28:45,11112744466
58,3000,2500.00,800.00,600.00,0,,,,,,,S/N,S/N,,,,0,,0.00,Venta De Frituras,Abril,2025-08-05 18:40:44,2025-08-05 18:40:44,11112846629
59,2800,3300.00,1600.00,400.00,0,,,,,,,S/N,S/N,,,,0,,0.00,Vende Comida,Diciembre,2025-08-05 18:57:54,2025-08-05 18:57:54,11113102023
60,10000,5000.00,8000.00,400.00,0,,,,,,,S/N,S/N,,,,8000,Fin De Comunidad La Colmena ,8700.00,Venta De Ropa Y Calzado,Abril,2025-08-05 19:24:25,2025-08-05 19:24:25,11112997957
61,2500,3500.00,1000.00,500.00,0,,,,,,,S/N,S/N,,,,6000,Compartamos,500.00,Venta De Zapatos Por Catalogo,Enero,2025-08-05 19:44:47,2025-08-05 19:44:47,11113018670
62,1800,0.00,300.00,700.00,0,,,,,,,S/N,S/N,,,,0,,0.00,Vende Tortillas,Julio,2025-08-05 20:05:19,2025-08-05 20:05:19,11112962530
63,5000,0.00,2000.00,1000.00,0,,,,,,,S/N,S/N,,,,0,,0.00,Panaderia Y Tienda,Enero,2025-08-05 20:14:41,2025-08-05 20:14:41,11112873397
64,9000,0.00,2000.00,1500.00,0,,,,,,,S/N,S/N,,,,0,,0.00,Empleada,Julio,2025-08-05 20:30:40,2025-08-05 20:30:40,11113101807
65,5150,0.00,1500.00,1200.00,0,,,,,,,S/N,S/N,,,,0,,0.00,Venta De Postres,Diciembre,2025-08-05 20:44:59,2025-08-05 20:44:59,11112933824
66,2500,0.00,1500.00,500.00,0,,,,,,,S/N,S/N,,,,12000,Fooax,7920.00,Venta De Tupperware,Octubre,2025-08-05 20:59:49,2025-08-05 20:59:49,11112934778
67,10000,0.00,5000.00,1500.00,0,,,,,,,S/N,S/N,,,,0,,0.00,Venta De Articulos Desechables Y Empleada Municipal,Julio,2025-08-05 23:09:17,2025-08-05 23:09:17,11112707655
68,1200,0.00,250.00,700.00,0,,,,,,,S/N,S/N,,,,10000,Grameen,5000.00,Empleada Domestica,Diciembre,2025-08-05 23:28:18,2025-08-05 23:28:18,11112994926
69,2500,6400.00,900.00,600.00,0,,,,,,,S/N,S/N,,,,9800,Fooax,5280.00,Comerciante,Agosto,2025-08-05 23:41:37,2025-08-05 23:41:37,11112998182
70,7000,0.00,2500.00,700.00,0,,,,,,,S/N,S/N,,,,5000,Crediclub,2800.00,Vende Antojitos,Diciembre,2025-08-06 17:15:32,2025-08-06 17:15:32,11112919022
71,5000,5000.00,2000.00,1500.00,0,,,,,,,S/N,S/N,,,,0,,0.00,Venta Por Catalogo,Diciembre,2025-08-06 18:28:41,2025-08-06 18:28:41,11112711848
72,5000,0.00,1500.00,2000.00,0,,,,,,,S/N,S/N,,,,0,,0.00,Manicurista,Julio,2025-08-06 19:59:05,2025-08-06 19:59:05,11112973932
73,2500,4500.00,800.00,1000.00,0,,,,,,,S/N,S/N,,,,10000,Compartamos,5000.00,Empleada,Abril,2025-08-06 20:21:22,2025-08-06 20:21:22,11112775265
74,2000,3000.00,1000.00,500.00,0,,,,,,,S/N,S/N,,,,10000,Fooax,10000.00,Cenaduria,Octubre,2025-08-06 21:09:25,2025-08-06 21:09:25,11112856037
75,2900,0.00,700.00,500.00,0,,,,,,,S/N,S/N,,,,0,,0.00,Vende Tortillas,Julio,2025-08-06 21:54:53,2025-08-06 21:54:53,11113008354
76,2000,0.00,1000.00,700.00,0,,,,,,,S/N,S/N,,,,0,,0.00,Vende Tortillas,Mayo,2025-08-06 22:28:15,2025-08-06 22:28:15,11112862419
78,3000,0.00,1000.00,500.00,0,,,,,,,S/N,S/N,,,,0,,0.00,Manicurista,Enero,2025-08-07 18:33:53,2025-08-07 18:33:53,11112844764
79,4000,0.00,300.00,500.00,0,,,,,,,S/N,S/N,,,,0,,0.00,Venta De Tostadas,Enero,2025-08-07 18:48:15,2025-08-07 18:48:15,11112934036
80,5500,3998.00,1000.00,2000.00,0,,,,,,,S/N,S/N,,,,7000,Compartamos,3997.00,Venta De Tortillas,Julio,2025-08-07 19:03:15,2025-08-07 19:03:15,11112846982
81,1500,0.00,200.00,500.00,0,,,,,,,S/N,S/N,,,,0,,0.00,Venta De Postres,Octubre,2025-08-07 19:28:35,2025-08-07 19:28:35,11112836635
82,4000,2500.00,1200.00,1200.00,0,,,,,,,S/N,S/N,,,,0,,0.00,Venta De Tortillas,Enero,2025-08-07 19:48:17,2025-08-07 19:48:17,11112968070
83,4500,3800.00,1400.00,1200.00,0,,,,,,,S/N,S/N,,,,0,,0.00,Vende Antojitos,Enero,2025-08-07 20:02:31,2025-08-07 20:02:31,11112779406
84,3500,3800.00,400.00,600.00,0,,,,,,,S/N,S/N,,,,3000,Fooax,1600.00,Vende Ropa Y Plata Y Tortillas,Enero,2025-08-07 20:29:26,2025-08-07 20:29:26,11112852646
85,3500,4500.00,500.00,1000.00,0,,,,,,,S/N,S/N,,,,7000,Compartamos,3640.00,Costurera,Enero,2025-08-07 21:11:08,2025-08-07 21:11:08,11113136238
86,2200,0.00,1500.00,300.00,0,,,,,,,S/N,S/N,,,,6000,Fooax,1296.00,Venta De Alimentos Y Calzado,Enero,2025-08-07 21:30:15,2025-08-07 21:30:15,11112941544
87,4500,17000.00,600.00,1000.00,0,,,,,,,S/N,S/N,,,,11000,Fooax,10260.00,Venta De Productos De Limpieza,Agosto,2025-08-07 23:36:28,2025-08-07 23:36:28,11113182605
88,6000,0.00,4000.00,400.00,0,,,,,,,S/N,S/N,,,,9000,Fooax,7560.00,Tienda De Productos De Limpieza,Julio,2025-08-07 23:53:50,2025-08-07 23:53:50,11113112747
89,3500,3000.00,800.00,500.00,0,,,,,,,S/N,S/N,,,,0,,0.00,Carnicera,Abril,2025-08-08 16:11:07,2025-08-08 16:11:07,11112993643
90,2000,3500.00,0.00,1000.00,0,,,,,,,S/N,S/N,,,,0,,0.00,Empleada Domestica,Julio,2025-08-08 16:36:06,2025-08-08 16:36:06,11112721007
91,3000,0.00,2500.00,500.00,0,,,,,,,S/N,S/N,,,,4000,Fooax,2880.00,Venta De Comida,Febrero,2025-08-08 17:10:41,2025-08-08 17:10:41,11112863347
92,2200,3400.00,700.00,1500.00,0,,,,,,,S/N,S/N,,,,7000,Compartamos,6460.00,Empleada Domestica,Enero,2025-08-08 17:24:21,2025-08-08 17:24:21,11112669629
93,3000,0.00,500.00,1000.00,0,,,,,,,S/N,S/N,,,,0,,0.00,Manicurista,Agosto,2025-08-08 17:34:45,2025-08-08 17:34:45,11112904459
94,2500,0.00,3000.00,500.00,0,,,,,,,S/N,S/N,,,,9800,Fooax,9996.00,Venta De Comida,Agosto,2025-08-08 17:47:16,2025-08-08 17:47:16,11112714868
95,2500,8000.00,1000.00,600.00,0,,,,,,,S/N,S/N,,,,0,,0.00,Venta De Pan,Agosto,2025-08-08 18:05:09,2025-08-08 18:05:09,11112954461
96,2000,3500.00,600.00,100.00,0,,,,,,,S/N,S/N,,,,3000,Fooax,3000.00,Reposteria,Marzo,2025-08-08 18:22:40,2025-08-08 18:22:40,11112954311
97,3300,4500.00,1600.00,800.00,0,,,,,,,S/N,S/N,,,,3000,Fooax,3002.00,Venta De Zapatos,Diciembre,2025-08-08 18:35:01,2025-08-08 18:35:01,11113043010
98,1800,0.00,0.00,800.00,0,,,,,,,S/N,S/N,,,,5000,Fooax,3600.00,Ayudante De Carpinteria,Diciembre,2025-08-08 18:49:24,2025-08-08 18:49:24,11112726320
99,4000,3000.00,2000.00,500.00,0,,,,,,,S/N,S/N,,,,0,,0.00,Vende Comida,Diciembre,2025-08-08 20:19:00,2025-08-08 20:19:00,11113037708
100,10000,0.00,7000.00,1500.00,0,,,,,,,S/N,S/N,,,,12000,Grameen Carso,1.00,Venta De Materiales,Enero,2025-08-08 20:33:22,2025-08-08 20:33:22,11113009751
101,2200,3000.00,1250.00,300.00,0,,,,,,,S/N,S/N,,,,0,,0.00,Venta De Tortillas,Junio,2025-08-08 20:45:07,2025-08-08 20:45:07,11113005465
102,3000,3500.00,700.00,500.00,0,,,,,,,S/N,S/N,,,,0,,0.00,Comerciante,Diciembre,2025-08-11 16:02:02,2025-08-11 16:02:02,11113105293
103,6500,0.00,1500.00,800.00,0,,,,,,,S/N,S/N,,,,2000,Prestafacil,600.00,Comerciante,Enero,2025-08-11 16:14:48,2025-08-11 16:14:48,11112811779
104,7000,3000.00,1200.00,1500.00,0,,,,,,,S/N,S/N,,,,0,,0.00,Comerciante,Enero,2025-08-11 16:33:53,2025-08-11 16:33:53,11112826391
105,3000,3500.00,1500.00,1000.00,0,,,,,,,S/N,S/N,,,,0,,0.00,Comerciante,Enero,2025-08-11 16:44:28,2025-08-11 16:44:28,11113024141
106,2500,0.00,800.00,500.00,0,,,,,,,S/N,S/N,,,,0,,0.00,Comerciante,Marzo,2025-08-11 16:53:04,2025-08-11 16:53:04,11112817849
107,1500,0.00,800.00,300.00,0,,,,,,,S/N,S/N,,,,6000,Fooax,4272.00,Comerciante,Agosto,2025-08-11 17:05:27,2025-08-11 17:05:27,11112917272
108,2000,4000.00,300.00,700.00,0,,,,,,,S/N,S/N,,,,13000,Fooax,9360.00,Comerciante,Julio,2025-08-11 17:23:35,2025-08-11 17:23:35,11112849831
109,3800,4499.00,1200.00,1000.00,0,,,,,,,S/N,S/N,,,,13000,Fooax,1872.00,Comerciante,Diciembre,2025-08-11 17:40:42,2025-08-11 17:40:42,11113131595
110,9000,9000.00,2000.00,2000.00,0,,,,,,,S/N,S/N,,,,0,,0.00,Venta De Tamales,Enero,2025-08-11 17:52:47,2025-08-11 17:52:47,11113105160
111,3000,0.00,1500.00,1.00,0,,,,,,,S/N,S/N,,,,8000,Fooax,480.00,Comerciante,Diciembre,2025-08-11 18:07:40,2025-08-11 18:07:40,11112763680
112,5000,12000.00,2000.00,2000.00,0,,,,,,,S/N,S/N,,,,12000,Fooax,6480.00,Comerciante,Enero,2025-08-11 18:22:46,2025-08-11 18:22:46,11112963613
113,2200,0.00,800.00,1000.00,0,,,,,,,S/N,S/N,,,,9000,Fooax,5400.00,Empleada,Agosto,2025-08-11 18:32:50,2025-08-11 18:32:50,11112927981
114,3000,3500.00,1000.00,1500.00,0,,,,,,,S/N,S/N,,,,12000,Fooax,8640.00,Comerciante,Enero,2025-08-11 18:44:51,2025-08-11 18:44:51,11112924530
115,2400,0.00,500.00,500.00,0,,,,,,,S/N,S/N,,,,12000,Fooax,3600.00,Comerciante,Julio,2025-08-11 18:56:00,2025-08-11 18:56:00,11113046154
116,1200,0.00,900.00,1.00,0,,,,,,,S/N,S/N,,,,4000,Fooax,4000.00,Comerciante,Marzo,2025-08-11 19:10:10,2025-08-11 19:10:10,11112761450
117,3000,0.00,600.00,1200.00,0,,,,,,,S/N,S/N,,,,7000,Compartamos,1.00,Comerciante,Diciembre,2025-08-11 19:19:00,2025-08-11 19:19:00,11112998003
118,1500,3000.00,600.00,500.00,0,,,,,,,S/N,S/N,,,,12000,Fooax,17280.00,Comerciante,Enero,2025-08-11 19:29:21,2025-08-11 19:29:21,11112979940
119,4500,3500.00,1500.00,1000.00,0,,,,,,,S/N,S/N,,,,0,,0.00,Comerciante,Enero,2025-08-11 20:28:26,2025-08-11 20:28:26,11112846773
121,4000,9000.00,2000.00,2000.00,0,,,,,,,S/N,S/N,,,,7000,Compartamos,1244.00,Venta De Calzado,Julio,2025-08-11 23:27:54,2025-08-11 23:27:54,11112925822
122,4000,5000.00,1000.00,1000.00,0,,,,,,,S/N,S/N,,,,0,,0.00,Venta De Antojitos,Enero,2025-08-12 18:16:57,2025-08-12 18:16:57,11113101701
123,3500,12000.00,3000.00,1000.00,0,,,,,,,S/N,S/N,,,,0,,0.00,Venta De Verduras,Agosto,2025-08-12 18:45:21,2025-08-12 18:45:21,11112871513
124,2500,0.00,1500.00,600.00,0,,,,,,,S/N,S/N,,,,0,,0.00,Venta De Zapatos,Julio,2025-08-12 18:58:24,2025-08-12 18:58:24,11112984989
125,4200,3000.00,1200.00,500.00,0,,,,,,,S/N,S/N,,,,0,,0.00,Venta De Refrescos Y Tortillas,Agosto,2025-08-12 19:21:52,2025-08-12 19:21:52,11113022051
126,1500,0.00,500.00,100.00,0,,,,,,,S/N,S/N,,,,0,,0.00,Cuidadora,Enero,2025-08-12 19:36:45,2025-08-12 19:36:45,11113119485
127,3000,3000.00,1000.00,500.00,0,,,,,,,S/N,S/N,,,,7000,Compartamos,7000.00,Rosticeria,Agosto,2025-08-12 20:10:23,2025-08-12 20:10:23,11112944716
128,4000,1500.00,1000.00,1200.00,0,,,,,,,S/N,S/N,,,,2000,Ccs,1.00,Docente,Enero,2025-08-12 20:19:54,2025-08-12 20:19:54,11112896125
129,1000,3000.00,500.00,500.00,0,,,,,,,S/N,S/N,,,,0,,0.00,Venta De Tortillas,Enero,2025-08-12 20:33:41,2025-08-12 20:33:41,11112903380
130,2000,0.00,1000.00,500.00,0,,,,,,,S/N,S/N,,,,7000,Compartamos,8730.00,Venta De Postres,Julio,2025-08-12 20:43:57,2025-08-12 20:43:57,11113315176
131,2200,0.00,300.00,300.00,0,,,,,,,S/N,S/N,,,,15000,Gramin Carzo,7720.00,Ama De Casa,Agosto,2025-08-12 20:54:50,2025-08-12 20:54:50,11113102396
132,7000,6000.00,2500.00,700.00,0,,,,,,,S/N,S/N,,,,9000,Fooax,7020.00,Venta De Comida,Mayo,2025-08-12 21:05:50,2025-08-12 21:05:50,11112748267
133,2500,8000.00,1000.00,700.00,0,,,,,,,S/N,S/N,,,,9800,Fooax,10584.00,Venta De Postres,Julio,2025-08-12 21:25:36,2025-08-12 21:25:36,11113134860
134,3000,0.00,1500.00,500.00,0,,,,,,,S/N,S/N,,,,0,,0.00,No Dijo,Diciembre,2025-08-12 21:42:58,2025-08-12 21:42:58,11113061406
135,3800,0.00,1300.00,1200.00,0,,,,,,,S/N,S/N,,,,3000,Acreimex,1.00,Artesana,Marzo,2025-08-12 21:50:57,2025-08-12 21:50:57,11113008351
136,5000,3000.00,2000.00,1000.00,0,,,,,,,S/N,S/N,,,,0,,0.00,Vendedora Ambulante,Julio,2025-08-12 23:10:15,2025-08-12 23:10:15,11112864353
137,5000,15000.00,2500.00,1000.00,0,,,,,,,S/N,S/N,,,,20000,Compartamos,20000.00,Ventas,Enero,2025-08-12 23:33:14,2025-08-12 23:33:14,11112669206
138,1000,0.00,200.00,100.00,0,,,,,,,S/N,S/N,,,,6000,Fooax,6000.00,Venta De Alimentos ,Diciembre,2025-08-12 23:42:39,2025-08-12 23:42:39,11112939609
139,7000,0.00,4000.00,1200.00,0,,,,,,,S/N,S/N,,,,8500,Fooax,8500.00,Venta De Ropa Y Calzado,Febrero,2025-08-12 23:53:13,2025-08-12 23:53:13,11113049802
140,5000,2500.00,1000.00,1000.00,0,,,,,,,S/N,S/N,,,,0,,0.00,Venta De Ropa,Julio,2025-08-13 16:39:46,2025-08-13 16:39:46,11113203887
141,3000,0.00,1000.00,500.00,0,,,,,,,S/N,S/N,,,,0,,0.00,Venta De Comida Y Postres,Enero,2025-08-13 16:47:35,2025-08-13 16:47:35,11112895240
142,2800,0.00,1000.00,500.00,0,,,,,,,S/N,S/N,,,,10000,Compartamos,5160.00,Venta De Tamales Y Chiles Rellenos,Diciembre,2025-08-13 16:56:06,2025-08-13 16:56:06,11112974117
143,1500,5000.00,500.00,500.00,0,,,,,,,S/N,S/N,,,,5000,Ingreso Rápido,2000.00,Venta De Productos De Belleza Por Catalogo,Enero,2025-08-13 17:29:48,2025-08-13 17:29:48,11112988424
144,2000,0.00,1500.00,1200.00,0,,,,,,,S/N,S/N,,,,13000,Fooax,13104.00,Comerciante,Enero,2025-08-13 17:44:52,2025-08-13 17:44:52,11113163277
145,2425,0.00,1000.00,400.00,0,,,,,,,S/N,S/N,,,,0,,0.00,Empleada,Enero,2025-08-13 18:00:26,2025-08-13 18:00:26,11112893766
146,4000,1800.00,1000.00,350.00,0,,,,,,,S/N,S/N,,,,0,,0.00,Comerciante,Junio,2025-08-13 18:16:33,2025-08-13 18:16:33,11112855051
147,10000,6700.00,4000.00,1000.00,0,,,,,,,S/N,S/N,,,,0,,0.00,Venta De Curados Istmeños,Agosto,2025-08-13 18:26:02,2025-08-13 18:26:02,11113068907
148,2500,3500.00,3000.00,500.00,0,,,,,,,S/N,S/N,,,,0,,0.00,Comerciante,Julio,2025-08-13 18:40:52,2025-08-13 18:40:52,11112864704
149,2700,0.00,800.00,450.00,0,,,,,,,S/N,S/N,,,,0,,0.00,Venta De Pan Y Postres,Mayo,2025-08-13 19:01:06,2025-08-13 19:01:06,11112915373
150,7000,32000.00,6000.00,4500.00,0,,,,,,,S/N,S/N,,,,4000,No Se Acuerda,2002.00,Comerciante,Julio,2025-08-13 19:17:13,2025-08-13 19:17:13,11112911592
151,3000,0.00,1500.00,1.00,0,,,,,,,S/N,S/N,,,,12000,Fooax,2900.00,Comerciante,Enero,2025-08-13 19:38:09,2025-08-13 19:38:09,11112874869
152,3800,10000.00,1000.00,1.00,0,,,,,,,S/N,S/N,,,,4000,Fooax,1682.00,Comerciante,Agosto,2025-08-13 19:52:01,2025-08-13 19:52:01,11112849049
153,2500,5000.00,300.00,500.00,0,,,,,,,S/N,S/N,,,,3500,Ccs,1750.00,Venta De Alimentos ,Julio,2025-08-13 20:07:12,2025-08-13 20:07:12,11112804263
154,8000,2500.00,5000.00,2000.00,0,,,,,,,S/N,S/N,,,,12000,Logralo Mujer,1.00,Comerciante,Enero,2025-08-13 20:20:43,2025-08-13 20:20:43,11113266313
155,2500,0.00,1250.00,300.00,0,,,,,,,S/N,S/N,,,,5000,Logralo Mujer,1.00,Comerciante,Enero,2025-08-13 20:38:04,2025-08-13 20:38:04,11112979236
156,1500,2000.00,800.00,700.00,0,,,,,,,S/N,S/N,,,,9500,Logralo Mujer,1.00,Comerciante,Enero,2025-08-13 20:45:55,2025-08-13 20:45:55,11113062074
157,1800,2800.00,350.00,800.00,0,,,,,,,S/N,S/N,,,,3000,Bancoperativo,3.00,Comerciante,Julio,2025-08-13 21:01:23,2025-08-13 21:01:23,11112716131
158,4000,1.00,2500.00,1.00,0,,,,,,,S/N,S/N,,,,0,,0.00,Venta De Comida,Diciembre,2025-08-13 22:45:20,2025-08-13 22:45:20,11112739966
159,3600,4500.00,850.00,1150.00,0,,,,,,,S/N,S/N,,,,0,,0.00,"Venta De Botanas, Artículos De Temporada Y Novedades",Enero,2025-08-13 22:56:25,2025-08-13 22:56:25,11112973790
160,2000,1800.00,300.00,300.00,0,,,,,,,S/N,S/N,,,,5000,Bancoperativo,1.00,Venta De Tortillas,Julio,2025-08-14 15:57:05,2025-08-14 15:57:05,11113061706
161,3000,0.00,1000.00,500.00,0,,,,,,,S/N,S/N,,,,0,,0.00,Costurera,Enero,2025-08-14 16:37:12,2025-08-14 16:37:12,11112967766
162,2800,0.00,800.00,600.00,0,,,,,,,S/N,S/N,,,,0,,0.00,Comerciante,Agosto,2025-08-14 16:51:30,2025-08-14 16:51:30,11113048867
163,2000,1498.00,1000.00,500.00,0,,,,,,,S/N,S/N,,,,7000,Compartamos,3220.00,Cocinera,Enero,2025-08-14 17:13:19,2025-08-14 17:13:19,11113053110
164,3000,0.00,1500.00,1000.00,0,,,,,,,S/N,S/N,,,,0,,0.00,Venta De Alimentos ,Enero,2025-08-14 17:58:28,2025-08-14 17:58:28,11112979691
165,2000,0.00,500.00,300.00,0,,,,,,,S/N,S/N,,,,9800,Fooax,1764.00,Venta De Tortillas,Enero,2025-08-14 18:30:14,2025-08-14 18:30:14,11113205041
166,3000,2000.00,1500.00,500.00,0,,,,,,,S/N,S/N,,,,6000,Fooax,1082.00,Venta De Queso,Enero,2025-08-14 19:11:37,2025-08-14 19:11:37,11112907887
167,8000,0.00,4000.00,500.00,0,,,,,,,S/N,S/N,,,,15000,Gramin Carzo,6765.00,Venta Por Catalogo,Abril,2025-08-14 21:12:13,2025-08-14 21:12:13,11112889700
168,7000,7000.00,5000.00,800.00,0,,,,,,,S/N,S/N,,,,4500,Sede De Mujer,820.00,Tienda De Abarrotes,Diciembre,2025-08-14 22:35:25,2025-08-14 22:35:25,11113021377
169,6200,2300.00,1500.00,2500.00,0,,,,,,,S/N,S/N,,,,0,,0.00,Venta De Antojitos,Abril,2025-08-15 15:45:25,2025-08-15 15:45:25,11113168762
170,6300,0.00,3000.00,100.00,0,,,,,,,S/N,S/N,,,,0,,0.00,Reposteria,Enero,2025-08-15 15:59:50,2025-08-15 15:59:50,11113237911
171,2000,1.00,1000.00,400.00,0,,,,,,,S/N,S/N,,,,9000,Fooax,4860.00,Venta Por Catalogo Y Tortillas,Agosto,2025-08-15 16:30:41,2025-08-15 16:30:41,11112828133
172,4500,0.00,2000.00,2000.00,0,,,,,,,S/N,S/N,,,,6000,Fooax,1140.00,Ciber,Octubre,2025-08-15 17:07:59,2025-08-15 17:07:59,11113018033
173,3000,6000.00,1500.00,500.00,0,,,,,,,S/N,S/N,,,,25000,Fonacop,9000.00,Venta Por Catalogo,Enero,2025-08-15 17:20:41,2025-08-15 17:20:41,11113102519
174,3500,6000.00,2000.00,200.00,0,,,,,,,S/N,S/N,,,,10000,Compartamos,2175.00,Comerciante,Enero,2025-08-15 18:40:17,2025-08-15 18:40:17,11113028726
175,3800,4500.00,1000.00,1200.00,0,,,,,,,S/N,S/N,,,,7000,Logralo Mujer,7448.00,Venta De Tupper Y Ropa,Junio,2025-08-15 18:54:15,2025-08-15 18:54:15,11112974293
176,2600,1600.00,500.00,1000.00,0,,,,,,,S/N,S/N,,,,0,,0.00,Vendedora Ambulante,Julio,2025-08-15 19:18:12,2025-08-15 19:18:12,11112854485
177,2000,0.00,8000.00,4000.00,0,,,,,,,S/N,S/N,,,,0,,0.00,Docente,Febrero,2025-08-15 19:39:13,2025-08-15 19:39:13,11112937194
178,1800,1500.00,1000.00,300.00,0,,,,,,,S/N,S/N,,,,0,,0.00,Taqueria,Enero,2025-08-15 19:52:29,2025-08-15 19:52:29,11113202376
179,3000,3500.00,600.00,500.00,0,,,,,,,S/N,S/N,,,,6000,Compartamos,1000.00,Venta De Bisuteria Y Tortillas ,Julio,2025-08-15 20:15:13,2025-08-15 20:15:13,11112935428
180,2600,0.00,1000.00,500.00,0,,,,,,,S/N,S/N,,,,15000,Compartamos,2000.00,Comerciante,Enero,2025-08-15 20:53:23,2025-08-15 20:53:23,11112993910
181,5000,0.00,2500.00,200.00,0,,,,,,,S/N,S/N,,,,7000,Compartamos,5000.00,Venta De Antojitos,Julio,2025-08-15 21:01:41,2025-08-15 21:01:41,11112954121
182,3000,5000.00,1000.00,1000.00,0,,,,,,,S/N,S/N,,,,7000,Compartamos,2000.00,Venta De Postres,Febrero,2025-08-16 15:32:51,2025-08-16 15:32:51,11112859053
183,2000,0.00,4000.00,1000.00,0,,,,,,,S/N,S/N,,,,0,,0.00,Venta De Zapatos,Octubre,2025-09-06 19:01:41,2025-09-06 19:01:41,11113042991
184,3000,2000.00,1500.00,700.00,0,,,,,,,S/N,S/N,,,,0,,0.00,Venta De Comida,Diciembre,2025-09-06 19:30:12,2025-09-06 19:30:12,11113207666
185,3200,4500.00,200.00,1500.00,0,,,,,,,S/N,S/N,,,,50000,Caja Popular,1.00,Manualidades Y Venta De Tamales,Abril,2025-09-07 15:41:33,2025-09-07 15:41:33,11112981072
186,8500,3000.00,2000.00,500.00,0,,,,,,,S/N,S/N,,,,0,,0.00,Cenaduria,Enero,2025-09-07 15:54:20,2025-09-07 15:54:20,11112816492
187,2900,0.00,1400.00,600.00,0,,,,,,,S/N,S/N,,,,0,,0.00,Venta De Quesos Y Alfalfa,Agosto,2025-09-07 16:33:29,2025-09-07 16:33:29,11113099230
188,4800,0.00,1500.00,600.00,0,,,,,,,S/N,S/N,,,,0,,0.00,Venta De Joyeria,Mayo,2025-09-07 16:46:59,2025-09-07 16:46:59,11112833441
189,3800,5000.00,1.00,1000.00,0,,,,,,,S/N,S/N,,,,30000,Banco Azteca,1.00,Empleada Domestica,Diciembre,2025-09-07 17:10:10,2025-09-07 17:10:10,11113036043
190,1800,2500.02,500.00,500.00,0,,,,,,,S/N,S/N,,,,0,,0.00,Venta De Tortillas,Enero,2025-09-07 17:30:05,2025-09-07 17:30:05,11112871359
191,8000,4000.02,3500.00,2000.00,0,,,,,,,S/N,S/N,,,,16999,Grameem Carso,12000.00,Venta De Zapatos,Diciembre,2025-09-07 17:51:06,2025-09-07 17:51:06,11113091669
192,4500,0.00,2000.00,1000.00,0,,,,,,,S/N,S/N,,,,0,,0.00,Ventas Y Mototaxista,Julio,2025-09-07 18:03:26,2025-09-07 18:03:26,11112842889
193,3500,0.00,2000.00,1500.00,0,,,,,,,S/N,S/N,,,,10000,Grameem Carso,10000.00,Venta De Comida,Diciembre,2025-09-07 18:19:43,2025-09-07 18:19:43,11112984205
194,4000,1.00,1000.00,600.00,0,,,,,,,S/N,S/N,,,,17000,Grameem Carso,4000.00,Venta De Ropa Y Cosméticos,Enero,2025-09-07 19:09:59,2025-09-07 19:09:59,11113001966
195,1500,5000.00,500.00,500.00,0,,,,,,,S/N,S/N,,,,7000,Compartamos,1.00,Venta De Pan,Enero,2025-09-07 19:50:32,2025-09-07 19:50:32,11113101539
196,1,1700.00,1.00,1.00,0,,,,,,,S/N,S/N,,,,0,,0.00,Comerciante,Agosto,2025-09-08 20:28:24,2025-09-08 20:28:24,11113209269
197,14000,0.00,8000.00,1400.00,0,,,,,,,S/N,S/N,,,,11998,Grameem Carso,600.00,Comerciante,Julio,2025-09-08 20:42:49,2025-09-08 20:42:49,11113203334
198,12000,5000.00,6500.00,1200.00,0,,,,,,,S/N,S/N,,,,12000,Grameem Carso,1800.00,Panaderia,Julio,2025-09-08 20:53:05,2025-09-08 20:53:05,11112879732
199,6000,10000.00,2000.00,1.00,0,,,,,,,S/N,S/N,,,,0,,0.00,Cuidados Del Hogar,Marzo,2025-09-08 21:10:42,2025-09-08 21:10:42,11113289382
200,2700,0.00,1000.00,1000.00,0,,,,,,,S/N,S/N,,,,0,,0.00,Cenaduria,Diciembre,2025-09-08 21:18:57,2025-09-08 21:18:57,11112924092
201,2500,0.00,1500.00,500.00,0,,,,,,,S/N,S/N,,,,5000,Compartamos,1200.00,Venta De Comida,Diciembre,2025-09-08 21:26:35,2025-09-08 21:26:35,11112939687
202,2000,0.00,1000.00,500.00,0,,,,,,,S/N,S/N,,,,0,,0.00,Venta Por Catalogo,Marzo,2025-09-08 21:36:37,2025-09-08 21:36:37,11112989633
203,4000,1900.00,1.00,800.00,0,,,,,,,S/N,S/N,,,,6000,Compartamos,1.00,Limpieza Y Acomodamiento De Productos,Julio,2025-09-08 21:44:10,2025-09-08 21:44:10,11113003674
204,2100,0.00,1.00,500.00,0,,,,,,,S/N,S/N,,,,0,,0.00,Empleada Domestica,Agosto,2025-09-08 21:52:56,2025-09-08 21:52:56,11113186700
205,2500,0.00,1000.00,250.00,0,,,,,,,S/N,S/N,,,,0,,0.00,Mesa De Dulces Para Eventos,Marzo,2025-09-08 21:58:18,2025-09-08 21:58:18,11112957047
206,2900,0.00,800.00,500.00,0,,,,,,,S/N,S/N,,,,10000,Elektra,7000.00,Venta De Zapatos,Agosto,2025-09-08 22:05:52,2025-09-08 22:05:52,11113168554
207,7000,4000.02,2000.00,3000.00,0,,,,,,,S/N,S/N,,,,0,,0.00,Venta De Pollo,Abril,2025-09-20 15:28:14,2025-09-20 15:28:14,11113161382
208,2000,0.00,1200.00,200.00,0,,,,,,,S/N,S/N,,,,7000,Compartamos,2100.00,Comerciante,Febrero,2025-09-20 15:37:57,2025-09-20 15:37:57,11113139475
209,3300,1.00,5500.00,1500.00,0,,,,,,,S/N,S/N,,,,0,,0.00,Carnicera,Abril,2025-09-20 15:48:35,2025-09-20 15:48:35,11112837073
210,4500,0.00,1000.00,500.00,0,,,,,,,S/N,S/N,,,,0,,0.00,Venta De Zapatos,Junio,2025-09-20 16:07:10,2025-09-20 16:07:10,11112682329
211,2000,0.00,1000.00,1.00,0,,,,,,,S/N,S/N,,,,0,,0.00,Venta De Tamales,Junio,2025-09-20 16:20:37,2025-09-20 16:20:37,11112842211
212,2000,0.00,1000.00,250.00,0,,,,,,,S/N,S/N,,,,0,,0.00,Docente,Junio,2025-09-20 16:29:03,2025-09-20 16:29:03,11113028141
213,3000,0.00,1000.00,500.00,0,,,,,,,S/N,S/N,,,,9000,Gramin Carzo,850.00,Empleada,Agosto,2025-09-20 16:37:57,2025-09-20 16:37:57,11113141758
214,2600,0.00,1100.00,900.00,0,,,,,,,S/N,S/N,,,,0,,0.00,Venta De Postres,Diciembre,2025-09-20 16:48:12,2025-09-20 16:48:12,11112947469
215,1,0.00,1.00,1.00,0,,,,,,,S/N,S/N,,,,0,,0.00,Venta De Comida,Diciembre,2025-09-20 16:56:39,2025-09-20 16:56:39,11112937209
216,1,0.00,1.00,1.00,0,,,,,,,S/N,S/N,,,,0,,0.00,Comerciante,Diciembre,2025-09-20 18:29:57,2025-09-20 18:29:57,11112788121
217,3500,0.00,1500.00,1000.00,0,,,,,,,S/N,S/N,,,,0,,0.00,Comerciante,Diciembre,2025-09-20 18:38:13,2025-09-20 18:38:13,11112936286
218,4000,2500.00,1000.00,500.00,0,,,,,,,S/N,S/N,,,,15000,Sacimex,1.00,Lavanderia,Febrero,2025-09-20 18:52:31,2025-09-20 18:52:31,11113172495
219,2000,6200.02,600.00,800.00,0,,,,,,,S/N,S/N,,,,5000,Compartamos,750.00,Comerciante,Marzo,2025-09-20 19:09:41,2025-09-20 19:09:41,11112764956
220,2800,0.00,1500.00,500.00,0,,,,,,,S/N,S/N,,,,6000,Fooax,1200.00,Comerciante,Julio,2025-09-20 19:21:06,2025-09-20 19:21:06,11113188998
221,2000,2000.00,3000.00,1000.00,0,,,,,,,S/N,S/N,,,,0,,0.00,Comerciante,Julio,2025-09-20 19:33:17,2025-09-20 19:33:17,11113045113
222,2000,1.00,2000.00,1000.00,0,,,,,,,S/N,S/N,,,,8000,Gramin Carzo,2000.00,Comerciante,Agosto,2025-09-20 19:43:38,2025-09-20 19:43:38,11112889189
223,5000,5000.00,3000.00,1500.00,0,,,,,,,S/N,S/N,,,,0,,0.00,Comerciante,Julio,2025-09-20 19:58:47,2025-09-20 19:58:47,11112908135
224,2800,3000.02,1000.00,1000.00,0,,,,,,,S/N,S/N,,,,0,,0.00,Comerciante,Enero,2025-09-20 20:11:49,2025-09-20 20:11:49,11112816934
225,3000,2500.00,500.00,500.00,0,,,,,,,S/N,S/N,,,,11000,Fooax,14256.00,Comerciante,Septiembre,2025-10-14 20:53:59,2025-10-14 20:53:59,11112986899
226,3000,3000.00,800.00,1000.00,0,,,,,,,S/N,S/N,,,,0,,0.00,Comerciante,Abril,2025-10-14 21:11:51,2025-10-14 21:11:51,11112954434
227,3500,0.00,1200.00,1000.00,0,,,,,,,S/N,S/N,,,,7000,Compartamos,6200.00,Comerciante,Enero,2025-10-14 21:29:05,2025-10-14 21:29:05,11112971667
228,2500,0.00,800.00,400.00,0,,,,,,,S/N,S/N,,,,0,,0.00,Comerciante,Diciembre,2025-10-14 21:45:29,2025-10-14 21:45:29,11112708888
229,2250,0.00,3500.00,1000.00,0,,,,,,,S/N,S/N,,,,7000,Compartamos,1200.00,Cajera,Diciembre,2025-10-14 22:01:58,2025-10-14 22:01:58,11112953105
230,3000,0.00,1000.00,1500.00,0,,,,,,,S/N,S/N,,,,5000,Fooax,4176.00,Empleada,Enero,2025-10-28 19:30:05,2025-10-28 19:30:05,11112886571
231,2000,0.00,500.00,400.00,0,,,,,,,S/N,S/N,,,,0,,0.00,Empleada,Enero,2025-10-28 19:45:33,2025-10-28 19:45:33,11113121732
232,3000,2000.00,1000.00,800.00,0,,,,,,,S/N,S/N,,,,0,,0.00,Comerciante,Abril,2025-10-28 19:56:43,2025-10-28 19:56:43,11112808669
233,3200,2500.00,1500.00,1200.00,0,,,,,,,S/N,S/N,,,,0,,0.00,Comerciante,Diciembre,2025-10-28 20:32:34,2025-10-28 20:32:34,11112971322
234,2200,0.00,1100.00,300.00,0,,,,,,,S/N,S/N,,,,0,,0.00,Lic. En Derecho,Agosto,2025-10-28 20:45:03,2025-10-28 20:45:03,11112777460
235,30000,7000.00,2000.00,600.00,0,,,,,,,S/N,S/N,,,,0,,0.00,Comerciante,Enero,2025-10-31 19:32:24,2025-10-31 19:32:24,11113114310
236,4000,5000.00,600.00,1500.00,0,,,,,,,S/N,S/N,,,,7000,Compartamos,6000.00,Lavandería,Enero,2025-10-31 19:41:56,2025-10-31 19:41:56,11112922496
237,5000,0.00,1000.00,500.00,0,,,,,,,S/N,S/N,,,,3000,Sacimex,800.00,Comerciante,Enero,2025-10-31 19:50:08,2025-10-31 19:50:08,11112926863
238,1500,0.00,500.00,500.00,0,,,,,,,S/N,S/N,,,,0,,0.00,Ama De Casa,Julio,2025-10-31 20:02:13,2025-10-31 20:02:13,11112828093
239,8000,0.00,3000.00,2000.00,0,,,,,,,S/N,S/N,,,,4500,Fooax,2268.00,Comerciante,Enero,2025-10-31 20:09:47,2025-10-31 20:09:47,11113113098
240,4000,4000.00,1500.00,1000.00,0,,,,,,,S/N,S/N,,,,0,,0.00,Comerciante,Julio,2025-10-31 20:24:48,2025-10-31 20:24:48,11113066526
241,6000,3500.00,800.00,1000.00,0,,,,,,,S/N,S/N,,,,7000,Grameem Carso,2564.00,Comerciante,Julio,2025-10-31 20:33:51,2025-10-31 20:33:51,11112973194
242,4000,1000.00,1000.00,500.00,0,,,,,,,S/N,S/N,,,,0,,0.00,Comerciante,Enero,2025-10-31 20:42:17,2025-10-31 20:42:17,11112886913
243,3000,4000.00,500.00,1000.00,0,,,,,,,S/N,S/N,,,,7000,Compartamos,2500.00,Comerciante,Junio,2025-10-31 20:55:07,2025-10-31 20:55:07,11112788591
244,3000,0.00,1000.00,1000.00,0,,,,,,,S/N,S/N,,,,0,,0.00,Cenaduria,Diciembre,2025-10-31 21:04:02,2025-10-31 21:04:02,11112924808
245,3500,4000.00,1000.00,500.00,0,,,,,,,S/N,S/N,,,,7000,Banco Azteca,3800.00,Comerciante,Enero,2025-10-31 21:13:00,2025-10-31 21:13:00,11113042585
246,1,0.00,1.00,1.00,0,,,,,,,S/N,S/N,,,,0,,0.00,Comerciante,Diciembre,2025-10-31 21:20:06,2025-10-31 21:20:06,11112878524
247,12000,10000.00,2000.00,1500.00,0,,,,,,,S/N,S/N,,,,5000,Mas Capital,3500.00,Comerciante,Marzo,2025-10-31 21:27:54,2025-10-31 21:27:54,11112887993
248,2000,4000.00,500.00,600.00,0,,,,,,,S/N,S/N,,,,10000,Compartamos,5000.00,Comerciante,Octubre,2025-10-31 21:37:21,2025-10-31 21:37:21,11112857142
249,4000,0.00,1000.00,500.00,0,,,,,,,S/N,S/N,,,,25000,Compartamos,18000.00,Comerciante,Julio,2025-10-31 21:43:11,2025-10-31 21:43:11,11113242625
250,8000,3500.00,3000.00,2000.00,0,,,,,,,S/N,S/N,,,,13000,Fooax,13000.00,Comerciante,Agosto,2025-11-01 17:04:31,2025-11-01 17:04:31,11112884593
251,2000,0.00,1.00,1.00,0,,,,,,,S/N,S/N,,,,0,,0.00,Alfarera,Diciembre,2025-11-01 17:14:59,2025-11-01 17:14:59,11112942147
252,2000,0.00,500.00,1000.00,0,,,,,,,S/N,S/N,,,,0,,0.00,Venta De Bisuteria,Agosto,2025-11-01 17:23:43,2025-11-01 17:23:43,11113098282
253,3000,0.00,1000.00,1500.00,0,,,,,,,S/N,S/N,,,,0,,0.00,Comerciante,Diciembre,2025-11-01 17:33:50,2025-11-01 17:33:50,11113101552
254,1800,2500.02,1500.00,1000.00,0,,,,,,,S/N,S/N,,,,0,,0.00,Comerciante,Julio,2025-11-01 17:43:25,2025-11-01 17:43:25,11112984818
255,2800,0.00,1000.00,800.00,0,,,,,,,S/N,S/N,,,,0,,0.00,Comerciante,Diciembre,2025-11-01 17:52:42,2025-11-01 17:52:42,11112994997
256,1500,4500.00,400.00,300.00,0,,,,,,,S/N,S/N,,,,0,,0.00,Comerciante,Julio,2025-11-01 18:04:52,2025-11-01 18:04:52,11112893373
257,5000,4000.02,2800.00,2000.00,0,,,,,,,S/N,S/N,,,,0,,0.00,Comerciante,Julio,2025-11-01 18:14:25,2025-11-01 18:14:25,11113013620
258,5000,0.00,2000.00,1000.00,0,,,,,,,S/N,S/N,,,,13000,Fooax,13000.00,Venta De Ropa,Julio,2025-11-01 18:44:23,2025-11-01 18:44:23,11112962910
259,3000,4500.00,1.00,1600.00,0,,,,,,,S/N,S/N,,,,0,,0.00,Comerciante,Agosto,2025-11-01 18:53:14,2025-11-01 18:53:14,11113076219
260,4000,0.00,1000.00,1000.00,0,,,,,,,S/N,S/N,,,,10000,Compartamos,10000.00,Comerciante,Julio,2025-11-01 19:03:13,2025-11-01 19:03:13,11113007142
261,2000,2500.00,600.00,800.00,0,,,,,,,S/N,S/N,,,,0,,0.00,Comerciante,Enero,2025-11-01 19:13:20,2025-11-01 19:13:20,11113037690
262,2700,4500.00,1250.00,1400.00,0,,,,,,,S/N,S/N,,,,12000,Gramin Carzo,1.00,Comerciante,Diciembre,2025-11-01 19:22:26,2025-11-01 19:22:26,11113022524
263,1500,0.00,700.00,200.00,0,,,,,,,S/N,S/N,,,,10000,Gramin Carzo,235.00,Venta De Postres,Diciembre,2025-11-01 19:29:21,2025-11-01 19:29:21,11112754934
264,7000,5000.00,4000.00,1500.00,0,,,,,,,S/N,S/N,,,,15000,Grameem Carso,4000.00,Comerciante,Abril,2025-11-01 19:38:12,2025-11-01 19:38:12,11112893338
265,2000,2000.00,200.00,500.00,0,,,,,,,S/N,S/N,,,,18000,Gramin Carzo,10649.00,Comerciante,Diciembre,2025-11-01 19:48:05,2025-11-01 19:48:05,11113101306
266,1200,0.00,1000.00,900.00,0,,,,,,,S/N,S/N,,,,0,,0.00,Comerciante,Diciembre,2025-11-01 19:59:25,2025-11-01 19:59:25,11112938387
267,14000,0.00,7000.00,4000.00,0,,,,,,,S/N,S/N,,,,9500,Logralo Mujer,1064.00,Comerciante,Agosto,2025-11-01 20:06:43,2025-11-01 20:06:43,11113085560
268,3000,3300.00,1000.00,1000.00,0,,,,,,,S/N,S/N,,,,8000,Gramin Carzo,1.00,Comerciante,Agosto,2025-11-01 20:18:04,2025-11-01 20:18:04,11112958983
269,2200,0.00,1300.00,1900.00,0,,,,,,,S/N,S/N,,,,0,,0.00,Venta De Tortillas,Diciembre,2025-11-01 20:29:19,2025-11-01 20:29:19,11112928768
270,2000,2000.02,600.00,400.00,0,,,,,,,S/N,S/N,,,,0,,0.00,Comerciante,Diciembre,2025-11-01 20:49:42,2025-11-01 20:49:42,11113012821
271,4000,3000.00,2000.00,1000.00,0,,,,,,,S/N,S/N,,,,7000,Compartamos,1.00,Venta De Postres,Agosto,2025-11-01 20:57:34,2025-11-01 20:57:34,11112846271
272,2000,0.00,500.00,1000.00,0,,,,,,,S/N,S/N,,,,0,,0.00,Venta De Ropa,Julio,2025-11-01 21:21:53,2025-11-01 21:21:53,11113081447
273,8000,2500.00,2500.00,1400.00,0,,,,,,,S/N,S/N,,,,0,,0.00,Cantero,Enero,2025-11-05 18:34:58,2025-11-05 18:34:58,11112658700
274,3500,0.00,1000.00,1350.00,0,,,,,,,S/N,S/N,,,,0,,0.00,Empleada,Junio,2025-11-05 18:53:51,2025-11-05 18:53:51,11112771908
275,9000,0.00,10000.00,800.00,0,,,,,,,S/N,S/N,,,,0,,0.00,Enfermera,Marzo,2025-11-05 19:03:27,2025-11-05 19:03:27,11112956531
276,3800,3000.00,2000.00,1800.00,0,,,,,,,S/N,S/N,,,,0,,0.00,Licenciado,Agosto,2025-11-10 23:09:14,2025-11-10 23:09:14,11113094138
277,6000,0.00,1500.00,1000.00,0,,,,,,,S/N,S/N,,,,0,,0.00,Negocio,Junio,2025-11-11 18:46:41,2025-11-11 18:46:41,11113022877
278,3000,0.00,1000.00,800.00,0,,,,,,,S/N,S/N,,,,15000,Compartamos,4995.00,Venta De Comida,Enero,2025-11-11 19:04:36,2025-11-11 19:04:36,11112728771
279,1500,0.00,0.00,600.00,0,,,,,,,S/N,S/N,,,,0,,0.00,Empleada Domestica,Junio,2025-11-11 19:44:43,2025-11-11 19:44:43,11112924678
280,8200,0.00,2000.00,2500.00,0,,,,,,,S/N,S/N,,,,0,,0.00,Dueña De Un Vivero,Junio,2025-11-11 20:08:39,2025-11-11 20:08:39,11112856649
282,4500,4500.00,1500.00,1000.00,0,,,,,,,S/N,S/N,,,,0,,0.00,Creación De Pozos,Junio,2025-11-14 16:23:43,2025-11-14 16:23:43,11113072620
283,1200,0.00,0.00,600.00,0,,,,,,,S/N,S/N,,,,0,,0.00,Empleada ,Enero,2025-11-14 16:53:34,2025-11-14 16:53:34,11112759993
284,2000,0.00,1000.00,1.00,0,,,,,,,S/N,S/N,,,,2000,N/a,1.00,Repostera,Agosto,2025-11-14 17:10:17,2025-11-14 17:10:17,11112747162
285,16000,0.00,8000.00,3000.00,0,,,,,,,S/N,S/N,,,,200000,Caja Popular,45000.00,Medico,Agosto,2025-11-14 17:24:39,2025-11-14 17:24:39,11113208007
286,2800,2000.00,1500.00,1300.00,0,,,,,,,S/N,S/N,,,,40000,Com,20000.00,Comerciante,Abril,2025-11-14 17:33:29,2025-11-14 17:33:29,11112967853
287,3000,3499.98,1200.00,800.00,0,,,,,,,S/N,S/N,,,,9800,Fooax,6408.00,Venta De Comida,Julio,2025-11-14 17:48:41,2025-11-14 17:48:41,11113194053
288,8000,16000.00,3000.00,2000.00,0,,,,,,,S/N,S/N,,,,0,,0.00,Venta De Verduras,Enero,2025-11-14 17:55:08,2025-11-14 17:55:08,11112795043
289,1800,0.00,500.00,1000.00,0,,,,,,,S/N,S/N,,,,15000,Acreimex,15000.00,Cultivo De Hortalizas,Julio,2025-11-14 18:04:50,2025-11-14 18:04:50,11113218407
290,3700,0.00,1700.00,700.00,0,,,,,,,S/N,S/N,,,,0,,0.00,Venta De Bisuteria Y Ropa Americana,Enero,2025-11-14 18:15:15,2025-11-14 18:15:15,11113231927
291,2500,2999.99,0.00,1000.00,0,,,,,,,S/N,S/N,,,,5000,Fooax,5001.00,Mototaxista,Julio,2025-11-15 19:11:09,2025-11-15 19:11:09,11112869400
292,4200,4200.00,700.00,1000.00,0,,,,,,,S/N,S/N,,,,0,,0.00,Albañil ,Junio,2025-11-15 20:09:06,2025-11-15 20:09:06,11113039501
293,1400,1400.00,500.00,400.00,0,,,,,,,S/N,S/N,,,,0,,0.00,Venta De Tortillas,Enero,2025-11-21 01:37:07,2025-11-21 01:37:07,11113042038
295,5000,0.00,2000.00,2500.00,0,,,,,,,S/N,S/N,,,,10000,Graminen Carson,1.00,Venta De Tinacos Y Laminas,Enero,2025-11-21 01:54:19,2025-11-21 01:54:19,11112965092
296,2500,3500.00,1000.00,1000.00,0,,,,,,,S/N,S/N,,,,0,,0.00,Lashista,Enero,2025-11-21 02:01:27,2025-11-21 02:01:27,11113138946
297,2600,0.00,500.00,1500.00,0,,,,,,,S/N,S/N,,,,0,,0.00,Niñera Y Vendedora De Cosmeticos,Enero,2025-11-21 02:08:56,2025-11-21 02:08:56,11112892478
298,2300,0.00,600.00,600.00,0,,,,,,,S/N,S/N,,,,0,,0.00,Empleada Domestica,Enero,2025-11-21 02:19:44,2025-11-21 02:19:44,11113113052
299,2800,4499.98,1000.00,2500.00,0,,,,,,,S/N,S/N,,,,8000,Compartamos,1.00,Empleada Domestica,Enero,2025-11-21 02:26:23,2025-11-21 02:26:23,11113082146
300,2000,0.00,900.00,1000.00,0,,,,,,,S/N,S/N,,,,0,,0.00,Comerciante,Enero,2025-11-21 02:34:31,2025-11-21 02:34:31,11112814562
301,3800,0.00,1500.00,800.00,0,,,,,,,S/N,S/N,,,,16000,Logralo Mujer,3584.00,Comerciante,Enero,2025-11-21 02:41:04,2025-11-21 02:41:04,11112907237
302,7000,0.00,2500.00,500.00,0,,,,,,,S/N,S/N,,,,0,,0.00,Venta De Alimentos,Enero,2025-11-21 02:49:54,2025-11-21 02:49:54,11112947405
303,5000,4999.98,2000.00,1000.00,0,,,,,,,S/N,S/N,,,,0,,0.00,Empleada Domestica,Enero,2025-11-21 03:00:29,2025-11-21 03:00:29,11112962070
304,10000,1999.98,4000.00,2000.00,0,,,,,,,S/N,S/N,,,,0,,0.00,Venta De Alimentos,Julio,2025-11-21 03:11:07,2025-11-21 03:11:07,11113146282
305,3800,0.00,1200.00,800.00,0,,,,,,,S/N,S/N,,,,0,,0.00,Comerciante,Enero,2025-11-21 03:18:19,2025-11-21 03:18:19,11112802275
306,2800,3599.97,500.00,1200.00,0,,,,,,,S/N,S/N,,,,12000,Sufipa,868.00,Comerciante,Julio,2025-11-21 03:33:42,2025-11-21 03:33:42,11112794953
307,1200,2000.00,500.00,600.00,0,,,,,,,S/N,S/N,,,,0,,0.00,Trabajo En Casa,Enero,2025-11-21 03:39:55,2025-11-21 03:39:55,11112917095
308,5500,0.00,1000.00,500.00,0,,,,,,,S/N,S/N,,,,0,,0.00,Venta De Alimentos,Enero,2025-11-21 03:48:17,2025-11-21 03:48:17,11113107492
309,1500,1000.00,900.00,400.00,0,,,,,,,S/N,S/N,,,,0,,0.00,Comerciante,Agosto,2025-11-21 03:55:23,2025-11-21 03:55:23,11112819235
310,1600,0.00,700.00,500.00,0,,,,,,,S/N,S/N,,,,9000,Grameen Carson,4000.00,Venta De Alimentos,Febrero,2025-11-21 04:02:07,2025-11-21 04:02:07,11113104303
311,2500,0.00,1000.00,1000.00,0,,,,,,,S/N,S/N,,,,0,,0.00,Cocinera,Enero,2025-11-21 04:08:59,2025-11-21 04:08:59,11113214056
312,4500,1500.00,600.00,300.00,0,,,,,,,S/N,S/N,,,,25000,Compartamos,10000.00,Venta De Tortillas,Marzo,2025-11-22 16:44:05,2025-11-22 16:44:05,11112783173
313,4500,1500.00,200.00,500.00,0,,,,,,,S/N,S/N,,,,0,,0.00,Albañil,Junio,2025-11-22 17:18:16,2025-11-22 17:18:16,11113016455
314,2800,3800.00,1000.00,500.00,0,,,,,,,S/N,S/N,,,,0,,0.00,Venta De Tortillas,Enero,2025-11-22 17:50:01,2025-11-22 17:50:01,11112781039
315,4500,4500.00,2500.00,500.00,0,,,,,,,S/N,S/N,,,,0,,0.00,Albañil,Junio,2025-12-03 15:37:56,2025-12-03 15:37:56,11113003608
316,10000,8000.00,1000.00,3000.00,0,,,,,,,S/N,S/N,,,,0,,0.00,Venta De Comida,Junio,2025-12-05 19:22:55,2025-12-05 19:22:55,11113049905
317,4000,0.00,1000.00,1400.00,0,,,,,,,S/N,S/N,,,,0,,0.00,Venta De Alimentos,Agosto,2025-12-16 20:45:22,2025-12-16 20:45:22,11113054433
318,3000,0.00,1800.00,1000.00,0,,,,,,,S/N,S/N,,,,0,,0.00,Comerciante,Julio,2025-12-16 21:14:38,2025-12-16 21:14:38,11112905722
319,7000,4000.00,1000.00,1000.00,0,,,,,,,S/N,S/N,,,,0,,0.00,Comerciante,Enero,2025-12-16 21:25:39,2025-12-16 21:25:39,11113007902
320,6000,4500.00,2000.00,1000.00,0,,,,,,,S/N,S/N,,,,0,,0.00,Albañil,Febrero,2025-12-17 17:03:06,2025-12-17 17:03:06,11113019580
321,5000,0.00,0.00,1500.00,0,,,,,,,S/N,S/N,,,,0,,0.00,Enfermero,Enero,2025-12-17 17:59:43,2025-12-17 17:59:43,11113009695
322,3500,3000.00,1000.00,250.00,0,,,,,,,S/N,S/N,,,,13000,Nuestra Caja Gramen,6000.00,Venta De Leche,Septiembre,2025-12-17 18:13:14,2025-12-17 18:13:14,11112666665
323,1600,0.00,350.00,300.00,0,,,,,,,S/N,S/N,,,,0,,0.00,Venta De Postres,Julio,2025-12-17 18:21:15,2025-12-17 18:21:15,11112896316
324,3500,0.00,0.00,2500.00,0,,,,,,,S/N,S/N,,,,5000,Delfer,3500.00,Chofer,Agosto,2025-12-17 18:31:33,2025-12-17 18:31:33,11112948802
325,2500,0.00,0.00,1500.00,0,,,,,,,S/N,S/N,,,,7000,Provident,3500.00,Empleado,Enero,2025-12-17 18:40:31,2025-12-17 18:40:31,11113053778
326,2300,3500.00,0.00,1000.00,0,,,,,,,S/N,S/N,,,,0,,0.00,Empleada Domestica,Enero,2025-12-17 18:54:20,2025-12-17 18:54:20,11113142034
327,2000,3500.00,500.00,400.00,0,,,,,,,S/N,S/N,,,,0,,0.00,Empleada,Enero,2025-12-17 19:04:32,2025-12-17 19:04:32,11112985536
328,1500,2999.99,400.00,400.00,0,,,,,,,S/N,S/N,,,,2000,Activa,1500.00,Venta De Tortilla,Febrero,2025-12-17 23:03:12,2025-12-17 23:03:12,11113189493
329,2800,0.00,500.00,500.00,0,,,,,,,S/N,S/N,,,,0,,0.00,Venta De Tortilla,Enero,2025-12-18 15:24:52,2025-12-18 15:24:52,11112929397
330,1800,4500.00,600.00,200.00,0,,,,,,,S/N,S/N,,,,0,,0.00,Venta De Tortilla,Junio,2025-12-18 15:41:10,2025-12-18 15:41:10,11112939602
331,3000,0.00,1000.00,300.00,0,,,,,,,S/N,S/N,,,,5000,Compartamos,3000.00,Venta Por Catalogo De Productos A Domicilio,Junio,2025-12-18 15:57:35,2025-12-18 15:57:35,11112996848
332,2000,0.00,500.00,200.00,0,,,,,,,S/N,S/N,,,,0,,0.00,Venta De Tortilla,Enero,2025-12-18 16:04:18,2025-12-18 16:04:18,11113033563
333,2000,0.00,500.00,1000.00,0,,,,,,,S/N,S/N,,,,8000,Fooax,4000.00,Empleada Domestica,Abril,2025-12-18 16:34:06,2025-12-18 16:34:06,11112858472
334,2800,4500.01,1000.00,1000.00,0,,,,,,,S/N,S/N,,,,0,,0.00,Venta De Tortilla,Diciembre,2025-12-18 16:46:38,2025-12-18 16:46:38,11112665749
335,6000,6000.00,3000.00,2000.00,0,,,,,,,S/N,S/N,,,,0,,0.00,Comerciante,Marzo,2025-12-18 16:56:26,2025-12-18 16:56:26,11113006375
336,7000,0.00,3600.00,500.00,0,,,,,,,S/N,S/N,,,,18000,Gramen Carson,5000.00,Venta De Comida,Agosto,2025-12-18 17:06:16,2025-12-18 17:06:16,11112938595
337,2700,0.00,1200.00,800.00,0,,,,,,,S/N,S/N,,,,0,,0.00,Venta De Comida Fines De Semana,Julio,2025-12-18 18:21:56,2025-12-18 18:21:56,11112942643
338,3000,0.00,500.00,1200.00,0,,,,,,,S/N,S/N,,,,0,,0.00,Empleada Y Venta De Verdura,Abril,2025-12-18 18:39:36,2025-12-18 18:39:36,11113005731
339,5000,0.00,750.00,1000.00,0,,,,,,,S/N,S/N,,,,10000,Logralo,4986.00,Comerciante,Octubre,2025-12-18 20:20:03,2025-12-18 20:20:03,11112936225
340,3000,4999.84,1000.00,500.00,0,,,,,,,S/N,S/N,,,,5000,Logralo,2500.00,Comerciante,Octubre,2025-12-18 20:31:24,2025-12-18 20:31:24,11112969340
341,3800,2500.00,300.00,500.00,0,,,,,,,S/N,S/N,,,,0,,0.00,Costurera,Enero,2025-12-18 20:40:55,2025-12-18 20:40:55,11112828782
344,2000,0.00,500.00,800.00,0,,,,,,,S/N,S/N,,,,0,,0.00,Empleada,Agosto,2025-12-19 20:33:22,2025-12-19 20:33:22,11112999671
345,3000,0.00,1500.00,1000.00,0,,,,,,,S/N,S/N,,,,4500,Acdmujer,1500.00,Negocio,Agosto,2025-12-19 21:46:53,2025-12-19 21:46:53,11112712265
346,3500,3500.00,1500.00,1000.00,0,,,,,,,S/N,S/N,,,,7000,Compartamos,1500.00,Venta De Tortilla,Diciembre,2025-12-24 18:28:22,2025-12-24 18:28:22,11112805044
347,1500,2800.00,500.00,500.00,0,,,,,,,S/N,S/N,,,,7000,Compartamos,4000.00,Venta De Tortilla,Diciembre,2025-12-24 18:41:57,2025-12-24 18:41:57,11112802463
348,5000,3500.00,1000.00,800.00,0,,,,,,,S/N,S/N,,,,0,,0.00,Comerciante,Diciembre,2025-12-29 17:27:00,2025-12-29 17:27:00,11112933181
349,3500,2500.00,1000.00,500.00,0,,,,,,,S/N,S/N,,,,0,,0.00,Trabajo En El Campo Y Venta De Ropa,Diciembre,2025-12-29 19:18:19,2025-12-29 19:18:19,11112985431
350,3700,4000.00,1300.00,900.00,0,,,,,,,S/N,S/N,,,,13000,Fooax,15000.00,Venta De Alimentos,Julio,2026-01-02 23:06:44,2026-01-02 23:06:44,11112918349
351,1500,2500.00,500.00,500.00,0,,,,,,,S/N,S/N,,,,0,,0.00,Venta De Alimento,Enero,2026-01-02 23:14:56,2026-01-02 23:14:56,11112904439
352,2000,3000.00,600.00,700.00,0,,,,,,,S/N,S/N,,,,0,,0.00,Comerciante,Agosto,2026-01-02 23:22:11,2026-01-02 23:22:11,11112739079
353,2800,0.00,1000.00,800.00,0,,,,,,,S/N,S/N,,,,10000,Grami,5000.00,Comerciante,Agosto,2026-01-02 23:28:55,2026-01-02 23:28:55,11113044045
354,3500,3000.00,1800.00,800.00,0,,,,,,,S/N,S/N,,,,0,,0.00,Empleada,Enero,2026-01-02 23:39:11,2026-01-02 23:39:11,11112974492
355,2500,3500.00,800.00,500.00,0,,,,,,,S/N,S/N,,,,0,,0.00,Enfermera,Enero,2026-01-02 23:45:54,2026-01-02 23:45:54,11112863299
356,7000,0.00,3000.00,2000.00,0,,,,,,,S/N,S/N,,,,2000,Sin Nombre,1500.00,Venta De Alimento,Enero,2026-01-03 00:06:20,2026-01-03 00:06:20,11113004593
357,8000,0.00,1800.00,1000.00,0,,,,,,,S/N,S/N,,,,0,,0.00,Venta De Alimento,Diciembre,2026-01-03 00:12:13,2026-01-03 00:12:13,11112878795
358,3000,2000.00,2000.00,1000.00,0,,,,,,,S/N,S/N,,,,43000,Alcanza,30000.00,Venta De Alimentos,Octubre,2026-01-03 00:19:20,2026-01-03 00:19:20,11112929341
359,2000,0.00,1000.00,479.00,0,,,,,,,S/N,S/N,,,,6000,Crediclub,800.00,Venta De Articulos Del Hogar,Agosto,2026-01-03 00:25:39,2026-01-03 00:25:39,11112984529
360,15000,0.00,6000.00,2000.00,0,,,,,,,S/N,S/N,,,,0,,0.00,Venta De Ropa,Enero,2026-01-03 00:33:16,2026-01-03 00:33:16,11113026843
362,3600,0.00,1000.00,1000.00,0,,,,,,,S/N,S/N,,,,27000,Grameen Carso,5000.00,Venta De Cosmeticos,Julio,2026-01-03 01:04:30,2026-01-03 01:04:30,11113042756
363,3800,2500.00,300.00,500.00,0,,,,,,,S/N,S/N,,,,0,,0.00,Obrero,Enero,2026-01-05 17:23:21,2026-01-05 17:23:21,11112824835
364,3000,0.00,1000.00,1000.00,0,,,,,,,S/N,S/N,,,,0,,0.00,Venta De Calzado Por Catalgo Y Joyeria,Mayo,2026-01-05 17:41:29,2026-01-05 17:41:29,11112818336
365,2000,1200.00,800.00,500.00,0,,,,,,,S/N,S/N,,,,6000,Compartamos,2000.00,Venta De Tupperware Y Ropa Americana,Septiembre,2026-01-06 17:21:15,2026-01-06 17:21:15,11112815237
366,2000,0.00,1000.00,800.00,0,,,,,,,S/N,S/N,,,,6000,Compartamos,6000.00,Comerciante,Agosto,2026-01-06 17:33:42,2026-01-06 17:33:42,11112837047
367,3000,0.00,1000.00,1000.00,0,,,,,,,S/N,S/N,,,,0,,0.00,Empleada ,Enero,2026-01-13 19:16:34,2026-01-13 19:16:34,11113051816
368,3500,4500.00,1000.00,1000.00,0,,,,,,,S/N,S/N,,,,0,,0.00,Trabaja En El Municipio,Enero,2026-01-14 18:45:34,2026-01-14 18:45:34,11112763649
369,3000,3500.00,1200.00,800.00,0,,,,,,,S/N,S/N,,,,12000,Gramicarso,6000.00,Negocio De Pizzas Y Venta De Yogurt Natural,Julio,2026-01-14 19:40:27,2026-01-14 19:40:27,11112866249
370,4500,4500.00,1000.00,1500.00,0,,,,,,,S/N,S/N,,,,7000,Banco Perativo,6120.00,Empleada Domestica Y Tortillera ,Enero,2026-01-14 20:18:03,2026-01-14 20:18:03,11112818097
371,4000,0.00,2000.00,1000.00,0,,,,,,,S/N,S/N,,,,0,,0.00,Venta De Tortillas Y Zapatos,Marzo,2026-01-14 20:29:32,2026-01-14 20:29:32,11112975417
372,2300,2600.00,800.00,500.00,0,,,,,,,S/N,S/N,,,,0,,0.00,Venta De Yakul Y Calzado,Enero,2026-01-14 20:50:11,2026-01-14 20:50:11,11112792766
373,3000,3500.00,1200.00,800.00,0,,,,,,,S/N,S/N,,,,0,,0.00,Empleada Domestica Y Tortillera,Enero,2026-01-14 21:15:37,2026-01-14 21:15:37,11113106411
374,6500,3500.00,4000.00,1000.00,0,,,,,,,S/N,S/N,,,,3000,Colmena,1500.00,Venta De Carne Y Verdura,Agosto,2026-01-14 21:59:34,2026-01-14 21:59:34,11112887138
375,3000,0.00,1000.00,1000.00,0,,,,,,,S/N,S/N,,,,0,,0.00,Empleada De Mostrador,Enero,2026-01-15 19:37:11,2026-01-15 19:37:11,11112996430
376,2000,0.00,1000.00,500.00,0,,,,,,,S/N,S/N,,,,0,,0.00,Venta De Ropa,Junio,2026-01-15 19:49:43,2026-01-15 19:49:43,11112931322
377,4300,0.00,1300.00,1500.00,0,,,,,,,S/N,S/N,,,,0,,0.00,Empleada Y Venta De Zapatos Por Catalogo,Enero,2026-01-15 20:02:10,2026-01-15 20:02:10,11112773739
378,3500,3200.00,1000.00,2000.00,0,,,,,,,S/N,S/N,,,,0,,0.00,Empleada General,Enero,2026-01-15 20:19:32,2026-01-15 20:19:32,11112802259
379,2000,2000.00,500.00,1000.00,0,,,,,,,S/N,S/N,,,,0,,0.00,Albañil,Enero,2026-01-15 20:43:05,2026-01-15 20:43:05,11113033618
380,2000,2000.00,1000.00,500.00,0,,,,,,,S/N,S/N,,,,0,,0.00,Despachadora,Enero,2026-01-15 20:57:43,2026-01-15 20:57:43,11112699307
381,2500,0.00,1000.00,1000.00,0,,,,,,,S/N,S/N,,,,0,,0.00,Vendedora De Comida,Enero,2026-01-15 21:07:54,2026-01-15 21:07:54,11113116034
382,3000,0.00,1000.00,1000.00,0,,,,,,,S/N,S/N,,,,0,,0.00,Empleada Y Venta De Zapatos Por Catalogo,Marzo,2026-01-16 19:56:56,2026-01-16 19:56:56,11113042732
383,2500,4000.00,1500.00,300.00,0,,,,,,,S/N,S/N,,,,7000,Compartamos,4000.00,Venta De Tamales Tostadas Y Tlayudas,Diciembre,2026-01-16 20:28:01,2026-01-16 20:28:01,11113013674
384,4000,2000.00,1000.00,1000.00,0,,,,,,,S/N,S/N,,,,0,,0.00,Venta De Visuteria,Enero,2026-01-16 20:53:30,2026-01-16 20:53:30,11112948100
385,8000,4000.00,2000.00,2000.00,0,,,,,,,S/N,S/N,,,,0,,0.00,Carpintero,Enero,2026-01-16 21:07:03,2026-01-16 21:07:03,11112922583
386,12200,2500.00,5000.00,3000.00,0,,,,,,,S/N,S/N,,,,0,,0.00,Comerciante,Enero,2026-01-16 22:03:13,2026-01-16 22:03:13,11113002299
387,3000,0.00,1000.00,1000.00,0,,,,,,,S/N,S/N,,,,0,,0.00,Venta De Comida,Enero,2026-01-16 22:29:08,2026-01-16 22:29:08,11112706693
388,5000,0.00,2000.00,1000.00,0,,,,,,,S/N,S/N,,,,0,,0.00,Venta De Postres Y Comida,Enero,2026-01-16 22:40:31,2026-01-16 22:40:31,11112807346
389,6000,3500.00,2500.00,1500.00,0,,,,,,,S/N,S/N,,,,15000,Compartamos,3450.00,Venta De Comida Y Antojitos,Enero,2026-01-16 22:53:54,2026-01-16 22:53:54,11112783089
390,6000,0.00,500.00,500.00,0,,,,,,,S/N,S/N,,,,26000,Logralo Mujer,15000.00,Vendora De Botanas,Julio,2026-01-23 16:02:02,2026-01-23 16:02:02,11112888569
391,2000,0.00,800.00,500.00,0,,,,,,,S/N,S/N,,,,0,,0.00,Comerciante,Julio,2026-01-23 16:17:58,2026-01-23 16:17:58,11112862917
392,1000,4500.00,500.00,200.00,0,,,,,,,S/N,S/N,,,,0,,0.00,Elaboracion De Tortillas,Agosto,2026-01-23 16:41:56,2026-01-23 16:41:56,11112908291
393,3000,2000.00,1000.00,500.00,0,,,,,,,S/N,S/N,,,,0,,0.00,Comerciante,Enero,2026-01-23 16:55:10,2026-01-23 16:55:10,11112952328
394,3000,2000.00,1500.00,800.00,0,,,,,,,S/N,S/N,,,,0,,0.00,Costurera,Julio,2026-01-23 17:11:27,2026-01-23 17:11:27,11112821419
395,2200,0.00,180.00,900.00,0,,,,,,,S/N,S/N,,,,10000,Prestamos ,6000.00,Empleada Y Venta De Zapatos Por Catalogo,Enero,2026-01-23 17:36:33,2026-01-23 17:36:33,11112716716
396,3500,3000.00,1000.00,1200.00,0,,,,,,,S/N,S/N,,,,0,,0.00,Albañil,Enero,2026-01-23 18:39:04,2026-01-23 18:39:04,11112837856
397,6000,4500.00,2000.00,1800.00,0,,,,,,,S/N,S/N,,,,0,,0.00,Estilista,Enero,2026-01-23 18:55:12,2026-01-23 18:55:12,11112918295
398,2800,0.00,1600.00,500.00,0,,,,,,,S/N,S/N,,,,0,,0.00,Venta De Fruta Y Comida,Enero,2026-01-23 19:18:47,2026-01-23 19:18:47,11113093885
399,2500,3000.00,1500.00,350.00,0,,,,,,,S/N,S/N,,,,30000,Compartamos,22000.00,"Tienda De Abarrotes, Venta De Tamales Y Chiles Rellenos",Diciembre,2026-01-23 20:03:02,2026-01-23 20:03:02,11112957025
400,4500,1000.00,1500.00,1500.00,0,,,,,,,S/N,S/N,,,,0,,0.00,Hojalatero,Febrero,2026-01-26 15:59:31,2026-01-26 15:59:31,11112892924
401,3500,1000.00,1200.00,500.00,0,,,,,,,S/N,S/N,,,,0,,0.00,Hacer Tortillas,Marzo,2026-01-26 16:18:40,2026-01-26 16:18:40,11113005775
402,3500,0.00,1000.00,1500.00,0,,,,,,,S/N,S/N,,,,0,,0.00,Jubilada,Enero,2026-01-26 17:21:11,2026-01-26 17:21:11,11113091556
403,3000,4500.00,1000.00,1000.00,0,,,,,,,S/N,S/N,,,,0,,0.00,Venta De Pollo,Enero,2026-01-26 18:13:17,2026-01-26 18:13:17,11112898863
404,2000,2000.00,500.00,1000.00,0,,,,,,,S/N,S/N,,,,18000,Gramicarso,13000.00,Venta De Calzados,Enero,2026-01-26 18:26:36,2026-01-26 18:26:36,11112777895
405,2500,0.00,1000.00,300.00,0,,,,,,,S/N,S/N,,,,0,,0.00,Tienda,Enero,2026-01-26 18:55:27,2026-01-26 18:55:27,11113011924
406,1900,3500.00,1000.00,300.00,0,,,,,,,S/N,S/N,,,,0,,0.00,Merceria,Enero,2026-01-26 19:52:54,2026-01-26 19:52:54,11113023238
407,2100,0.00,800.00,1000.00,0,,,,,,,S/N,S/N,,,,0,,0.00,Comercio,Enero,2026-01-26 20:07:51,2026-01-26 20:07:51,11113188904
408,1500,0.00,500.00,150.00,0,,,,,,,S/N,S/N,,,,0,,0.00,Venta De Tortillas,Enero,2026-01-27 15:45:18,2026-01-27 15:45:18,11112897851
409,2000,1000.00,500.00,500.00,0,,,,,,,S/N,S/N,,,,0,,0.00,Venta De Tortillas,Enero,2026-01-27 16:09:42,2026-01-27 16:09:42,11112861770
410,1800,4000.00,500.00,300.00,0,,,,,,,S/N,S/N,,,,10000,Banco Perativo,5000.00,Venta De Tortillas,Enero,2026-01-27 16:36:10,2026-01-27 16:36:10,11112993402
411,1900,2800.00,400.00,1000.00,0,,,,,,,S/N,S/N,,,,0,,0.00,Hacer Tortillas ,Abril,2026-01-27 16:47:24,2026-01-27 16:47:24,11112962972
412,3000,3000.00,300.00,600.00,0,,,,,,,S/N,S/N,,,,5000,Bancoperativo,4000.00,Venta De Tortillas ,Julio,2026-01-27 16:57:48,2026-01-27 16:57:48,11112789848
413,6000,15000.00,3000.00,1500.00,0,,,,,,,S/N,S/N,,,,0,,0.00,Reposteria ,Marzo,2026-01-27 17:16:11,2026-01-27 17:16:11,11112859540
414,3000,3000.00,1000.00,1000.00,0,,,,,,,S/N,S/N,,,,0,,0.00,Venta De Ropa De Paca,Enero,2026-01-27 17:37:47,2026-01-27 17:37:47,11113051729
415,4000,7000.00,1000.00,1000.00,0,,,,,,,S/N,S/N,,,,0,,0.00,Comedor,Diciembre,2026-01-27 17:49:21,2026-01-27 17:49:21,11113038739
416,2500,2000.00,1000.00,300.00,0,,,,,,,S/N,S/N,,,,0,,0.00,Venta De Comida,Diciembre,2026-01-27 18:01:42,2026-01-27 18:01:42,11112982523
417,1500,0.00,500.00,500.00,0,,,,,,,S/N,S/N,,,,0,,0.00,Venta De Comida,Enero,2026-01-27 18:11:59,2026-01-27 18:11:59,11113004040
418,10000,3000.00,6000.00,3000.00,0,,,,,,,S/N,S/N,,,,2000,800,200.00,Venta De Pollos,Julio,2026-01-27 18:24:04,2026-01-27 18:24:04,11113046199
419,6000,0.00,2000.00,3000.00,0,,,,,,,S/N,S/N,,,,0,,0.00,Artesana Venta De Collares,Septiembre,2026-01-28 17:40:06,2026-01-28 17:40:06,11112917978
420,2600,0.00,1000.00,300.00,0,,,,,,,S/N,S/N,,,,0,,0.00,Venta De Pollo Destazado,Enero,2026-01-28 18:03:51,2026-01-28 18:03:51,11112859703
421,2500,2500.00,1300.00,1000.00,0,,,,,,,S/N,S/N,,,,0,,0.00,Comerciante,Agosto,2026-01-28 19:00:15,2026-01-28 19:00:15,11113279742
422,1800,2200.00,500.00,600.00,0,,,,,,,S/N,S/N,,,,0,,0.00,Empleada Domestica,Abril,2026-01-28 19:09:57,2026-01-28 19:09:57,11112855162
423,2500,2000.00,600.00,500.00,0,,,,,,,S/N,S/N,,,,0,,0.00,Ama De Casa Y Venta De Plantas,Abril,2026-01-28 19:35:26,2026-01-28 19:35:26,11112919388
424,1800,3000.00,500.00,500.00,0,,,,,,,S/N,S/N,,,,0,,0.00,Albañil ,Noviembre,2026-01-28 20:04:27,2026-01-28 20:04:27,11112872200
425,3800,2500.00,900.00,500.00,0,,,,,,,S/N,S/N,,,,17000,Grameencarso,13000.00,Venta De Tortillas,Agosto,2026-01-29 15:50:41,2026-01-29 15:50:41,11113058061
426,4000,3000.00,1000.00,1000.00,0,,,,,,,S/N,S/N,,,,0,,0.00,Venta De Postres Y Ropa,Mayo,2026-01-29 16:30:30,2026-01-29 16:30:30,11113184661
427,2000,0.00,200.00,150.00,0,,,,,,,S/N,S/N,,,,0,,0.00,Venta De Tortillas,Julio,2026-01-29 16:55:48,2026-01-29 16:55:48,11113169180
428,7500,10000.00,2200.00,1500.00,0,,,,,,,S/N,S/N,,,,0,,0.00,Comerciante,Agosto,2026-01-29 17:22:32,2026-01-29 17:22:32,11112946318
429,2500,0.00,1500.00,200.00,0,,,,,,,S/N,S/N,,,,20000,Huijazoo,10000.00,Comerciante De Frutas Y Verduras,Julio,2026-01-29 18:18:21,2026-01-29 18:18:21,11112933863
430,3500,50000.00,1000.00,1000.00,0,,,,,,,S/N,S/N,,,,0,,0.00,Comerciante,Enero,2026-01-29 19:15:00,2026-01-29 19:15:00,11112916570
431,3200,0.00,2000.00,1000.00,0,,,,,,,S/N,S/N,,,,10000,Compartamos,8100.00,Comerciante,Mayo,2026-01-29 19:29:10,2026-01-29 19:29:10,11113058523
432,3100,0.00,1200.00,500.00,0,,,,,,,S/N,S/N,,,,0,,0.00,Comerciante Venta De Ropa,Mayo,2026-01-29 19:46:39,2026-01-29 19:46:39,11112839763
433,2500,0.00,1000.00,500.00,0,,,,,,,S/N,S/N,,,,0,,0.00,Empleada,Diciembre,2026-01-30 16:14:21,2026-01-30 16:14:21,11112854697
434,3500,3500.00,1500.00,1000.00,0,,,,,,,S/N,S/N,,,,0,,0.00,Empleada,Febrero,2026-01-30 18:06:12,2026-01-30 18:06:12,11112863857
435,2900,3500.00,600.00,700.00,0,,,,,,,S/N,S/N,,,,0,,0.00,Comerciante,Junio,2026-01-30 18:21:04,2026-01-30 18:21:04,11112778298
436,3000,3500.00,1100.00,1100.00,0,,,,,,,S/N,S/N,,,,0,,0.00,Empleada Y Venta De Zapatos Por Catalogo,Enero,2026-01-30 18:49:14,2026-01-30 18:49:14,11112972707
437,5500,2500.00,1500.00,1500.00,0,,,,,,,S/N,S/N,,,,20000,Alcanza Max,13000.00,Comerciante,Enero,2026-01-30 19:18:19,2026-01-30 19:18:19,11112815619
438,15000,0.00,6000.00,2500.00,0,,,,,,,S/N,S/N,,,,20000,Alcanza Max,8000.00,Crianza De Animales,Agosto,2026-01-30 19:36:56,2026-01-30 19:36:56,11112831329
439,4800,5000.00,1250.00,2000.00,0,,,,,,,S/N,S/N,,,,35000,La Lupita,760.00,Comerciante,Julio,2026-01-30 19:49:12,2026-01-30 19:49:12,11112731837
440,2000,3500.00,700.00,1500.00,0,,,,,,,S/N,S/N,,,,22000,Sopori,11480.00,Empleada,Diciembre,2026-01-30 20:06:08,2026-01-30 20:06:08,11113053191
441,2600,3000.00,500.00,500.00,0,,,,,,,S/N,S/N,,,,0,,0.00,Venta De Comida Chiles Rellenos,Enero,2026-01-30 20:26:32,2026-01-30 20:26:32,11112981187
442,5000,13000.00,3000.00,1000.00,0,,,,,,,S/N,S/N,,,,0,,0.00,Venta De Comida,Enero,2026-01-30 20:48:01,2026-01-30 20:48:01,11112958035
443,2500,5000.00,1000.00,600.00,0,,,,,,,S/N,S/N,,,,6000,Compartamos,4000.00,Policia Municipal,Marzo,2026-01-31 17:19:20,2026-01-31 17:19:20,11113023290
444,6000,6000.00,2000.00,2000.00,0,,,,,,,S/N,S/N,,,,40000,Grameencarso,20000.00,Comerciante,Agosto,2026-01-31 18:37:49,2026-01-31 18:37:49,11112833520
445,3000,5000.00,1500.00,2000.00,0,,,,,,,S/N,S/N,,,,21000,Grameencarso,20000.00,Comerciante,Agosto,2026-01-31 18:53:51,2026-01-31 18:53:51,11112992988
446,3500,0.00,1500.00,1000.00,0,,,,,,,S/N,S/N,,,,0,,0.00,Venta De Comida,Julio,2026-01-31 19:04:49,2026-01-31 19:04:49,11112946341
447,2500,0.00,1500.00,1000.00,0,,,,,,,S/N,S/N,,,,20000,Acreimez,5000.00,Venta De Comida ,Enero,2026-01-31 19:20:21,2026-01-31 19:20:21,11112949092
448,5000,17000.00,2000.00,1500.00,0,,,,,,,S/N,S/N,,,,0,,0.00,Venta De Reposteria,Septiembre,2026-01-31 19:34:17,2026-01-31 19:34:17,11113033057
449,1200,0.00,1500.00,1000.00,0,,,,,,,S/N,S/N,,,,17000,Grameencarso,10000.00,Empleada,Enero,2026-01-31 19:43:35,2026-01-31 19:43:35,11112957246
450,5200,0.00,1800.00,1200.00,0,,,,,,,S/N,S/N,,,,0,,0.00,Empleada,Septiembre,2026-01-31 19:53:04,2026-01-31 19:53:04,11113066416
451,3000,0.00,1000.00,500.00,0,,,,,,,S/N,S/N,,,,0,,0.00,Comerciante,Enero,2026-02-03 16:04:40,2026-02-03 16:04:40,11113096161
452,1500,5000.00,500.00,500.00,0,,,,,,,S/N,S/N,,,,0,,0.00,Venta De Tortillas,Diciembre,2026-02-03 16:59:02,2026-02-03 16:59:02,11113113239
453,6000,0.00,3500.00,500.00,0,,,,,,,S/N,S/N,,,,0,,0.00,Venta De Tortillas,Junio,2026-02-03 17:13:11,2026-02-03 17:13:11,11113192667
454,3500,0.00,2000.00,500.00,0,,,,,,,S/N,S/N,,,,17000,Compartamos,2754.00,Vendedora Ambulante,Enero,2026-02-03 17:27:56,2026-02-03 17:27:56,11113299859
455,1800,2000.00,600.00,400.00,0,,,,,,,S/N,S/N,,,,0,,0.00,Empleada Domestica ,Enero,2026-02-03 17:42:50,2026-02-03 17:42:50,11112623811
456,3500,0.00,1000.00,500.00,0,,,,,,,S/N,S/N,,,,10000,Compartamos ,5000.00,Venta De Alimentos,Marzo,2026-02-03 18:02:18,2026-02-03 18:02:18,11113063797
457,2000,2000.00,1000.00,1500.00,0,,,,,,,S/N,S/N,,,,7000,Compartamos,1500.00,Empleada,Marzo,2026-02-03 18:21:38,2026-02-03 18:21:38,11113036993
458,4800,6500.00,1300.00,2300.00,0,,,,,,,S/N,S/N,,,,30000,Compartamos,2176.00,Negocio,Enero,2026-02-03 18:39:52,2026-02-03 18:39:52,11112666627
459,2800,3000.00,1000.00,500.00,0,,,,,,,S/N,S/N,,,,20000,Compartamos ,15000.00,Empleada,Noviembre,2026-02-03 19:09:08,2026-02-03 19:09:08,11112881178
460,8000,5000.00,2000.00,1500.00,0,,,,,,,S/N,S/N,,,,0,,0.00,Comerciante,Enero,2026-02-03 19:27:21,2026-02-03 19:27:21,11112968122
461,3500,0.00,1000.00,1500.00,0,,,,,,,S/N,S/N,,,,0,,0.00,Venta De Comida,Enero,2026-02-03 19:52:05,2026-02-03 19:52:05,11112932922
462,7000,0.00,2500.00,1500.00,0,,,,,,,S/N,S/N,,,,0,,0.00,Venta De Comida,Enero,2026-02-03 20:08:30,2026-02-03 20:08:30,11112971296
463,3500,12000.00,500.00,1500.00,0,,,,,,,S/N,S/N,,,,15000,Grameencarso,10000.00,Estilista,Enero,2026-02-06 15:52:54,2026-02-06 15:52:54,11112972833
464,1200,1800.00,600.00,150.00,0,,,,,,,S/N,S/N,,,,0,,0.00,Verduleria,Enero,2026-02-06 16:11:41,2026-02-06 16:11:41,11112935138
465,5000,0.00,2000.00,1500.00,0,,,,,,,S/N,S/N,,,,10000,Compartamos,8000.00,Venta De Comida,Septiembre,2026-02-06 16:34:09,2026-02-06 16:34:09,11112895952
466,3500,2000.00,500.00,200.00,0,,,,,,,S/N,S/N,,,,8000,Logralo Mujer,2000.00,Comerciante,Marzo,2026-02-06 16:59:25,2026-02-06 16:59:25,11112821422
467,12500,1200.00,3000.00,800.00,0,,,,,,,S/N,S/N,,,,7000,Compartamos,4000.00,Comerciante,Julio,2026-02-06 17:25:22,2026-02-06 17:25:22,11113097725
468,3500,0.00,1000.00,500.00,0,,,,,,,S/N,S/N,,,,18000,Grameencarso,7000.00,Venta De Productos De Maquillaje ,Junio,2026-02-06 17:44:54,2026-02-06 17:44:54,11113036790
469,5000,5000.00,2000.00,1000.00,0,,,,,,,S/N,S/N,,,,0,,0.00,Comerciante,Junio,2026-02-06 18:06:25,2026-02-06 18:06:25,11113085031
470,1800,3000.00,800.00,1000.00,0,,,,,,,S/N,S/N,,,,15000,Logralo Mujer,7200.00,Comerciante,Julio,2026-02-06 18:29:00,2026-02-06 18:29:00,11113117861
472,4000,0.00,1000.00,1000.00,0,,,,,,,S/N,S/N,,,,0,,0.00,Comerciante,Enero,2026-02-06 19:28:24,2026-02-06 19:28:24,11112842761
473,5000,0.00,500.00,498.00,0,,,,,,,S/N,S/N,,,,7000,Compartamos,5729.00,Antojitos,Junio,2026-02-06 22:41:16,2026-02-06 22:41:16,11112872212
474,3000,0.00,500.00,800.00,0,,,,,,,S/N,S/N,,,,7000,Compartamos,2000.00,Empleada ,Enero,2026-02-07 18:01:40,2026-02-07 18:01:40,11113232046
475,8000,4500.00,3500.00,1500.00,0,,,,,,,S/N,S/N,,,,5000,Compartamos,2000.00,Venta De Mezcal Cremas Y Curaditos Y Plantas ,Enero,2026-02-07 18:21:31,2026-02-07 18:21:31,11113169116
476,6000,6000.00,2000.00,1500.00,0,,,,,,,S/N,S/N,,,,0,,0.00,Panadero,Mayo,2026-02-07 18:48:31,2026-02-07 18:48:31,11112905127
477,7000,0.00,2000.00,1500.00,0,,,,,,,S/N,S/N,,,,0,,0.00,Panadero,Marzo,2026-02-07 19:02:42,2026-02-07 19:02:42,11113047273
478,5000,2000.00,3000.00,800.00,0,,,,,,,S/N,S/N,,,,0,,0.00,Comerciante De Abarrotes,Junio,2026-02-07 19:19:26,2026-02-07 19:19:26,11112998765
479,7000,6000.00,3500.00,2000.00,0,,,,,,,S/N,S/N,,,,5000,Logralo Mujer,2500.00,Venta De Plasticos Y Vidrios A Granel,Agosto,2026-02-07 19:32:41,2026-02-07 19:32:41,11113109760
480,2500,8500.00,1000.00,800.00,0,,,,,,,S/N,S/N,,,,20000,Casita,1500.00,Venta De Joyeria,Octubre,2026-02-07 20:08:32,2026-02-07 20:08:32,11113121146
481,5000,4000.00,2000.00,1000.00,0,,,,,,,S/N,S/N,,,,0,,0.00,Escultor,Marzo,2026-02-07 20:17:47,2026-02-07 20:17:47,11112952009
482,6000,10000.00,1500.00,1500.00,0,,,,,,,S/N,S/N,,,,0,,0.00,Venta De Mariscos Y Pescados,Junio,2026-02-09 16:46:16,2026-02-09 16:46:16,11112894601
483,3500,2800.00,2000.00,1000.00,0,,,,,,,S/N,S/N,,,,0,,0.00,Empleado,Enero,2026-02-09 17:24:21,2026-02-09 17:24:21,11112987118
484,2000,0.00,1000.00,500.00,0,,,,,,,S/N,S/N,,,,0,,0.00,Venta De Ropa,Enero,2026-02-09 17:34:22,2026-02-09 17:34:22,11113035478
485,3000,0.00,1600.00,600.00,0,,,,,,,S/N,S/N,,,,0,,0.00,Venta De Comida,Agosto,2026-02-10 15:41:24,2026-02-10 15:41:24,11112946258
486,2500,4000.00,500.00,500.00,0,,,,,,,S/N,S/N,,,,0,,0.00,Venta De Comida,Enero,2026-02-10 18:25:19,2026-02-10 18:25:19,11112988227
487,2000,0.00,800.00,1000.00,0,,,,,,,S/N,S/N,,,,0,,0.00,Auxiliar En Fábrica ,Agosto,2026-02-10 19:38:14,2026-02-10 19:38:14,11112751250
488,6300,3000.00,1800.00,2500.00,0,,,,,,,S/N,S/N,,,,12000,Banco Azteca,10000.00,Empleada Y Microempresaria,Febrero,2026-02-10 20:04:35,2026-02-10 20:04:35,11112908304
489,3000,3000.00,1500.00,800.00,0,,,,,,,S/N,S/N,,,,0,,0.00,Comerciante,Enero,2026-02-10 20:18:14,2026-02-10 20:18:14,11112942297
490,3500,0.00,1000.00,500.00,0,,,,,,,S/N,S/N,,,,20000,Compartamos,20000.00,Comerciante,Agosto,2026-02-10 20:35:05,2026-02-10 20:35:05,11112732871
491,3500,0.00,1500.00,700.00,0,,,,,,,S/N,S/N,,,,0,,0.00,Venta De Comida,Agosto,2026-02-10 20:50:37,2026-02-10 20:50:37,11112884857
492,2500,3000.00,1000.00,1000.00,0,,,,,,,S/N,S/N,,,,0,,0.00,Empleada,Octubre,2026-02-10 21:07:01,2026-02-10 21:07:01,11112787203
493,2500,0.00,1000.00,998.00,0,,,,,,,S/N,S/N,,,,0,,0.00,Venta De Plata ,Enero,2026-02-12 15:40:23,2026-02-12 15:40:23,11113033055
494,1500,6000.00,600.00,999.00,0,,,,,,,S/N,S/N,,,,0,,0.00,Venta De Productos Lacteos,Enero,2026-02-12 16:23:10,2026-02-12 16:23:10,11112982584
495,2600,4000.00,1000.00,1000.00,0,,,,,,,S/N,S/N,,,,5000,Sacimex,5000.00,Venta De Plata,Julio,2026-02-12 17:30:44,2026-02-12 17:30:44,11113066481
496,2500,0.00,1200.00,13002.00,0,,,,,,,S/N,S/N,,,,0,,0.00,Venta De Verdura,Diciembre,2026-02-12 18:30:10,2026-02-12 18:30:10,11113052056
497,3500,3500.00,1200.00,1000.00,0,,,,,,,S/N,S/N,,,,0,,0.00,Comerciante,Agosto,2026-02-13 16:45:48,2026-02-13 16:45:48,11112902202
498,3800,3000.00,500.00,1000.00,0,,,,,,,S/N,S/N,,,,0,,0.00,Estilista Y Comerciante,Abril,2026-02-13 17:12:36,2026-02-13 17:12:36,11112801054
499,2000,2000.00,1000.00,500.00,0,,,,,,,S/N,S/N,,,,0,,0.00,Empleada Comerciante,Enero,2026-02-13 17:55:06,2026-02-13 17:55:06,11112822564
500,8000,0.00,5500.00,1000.00,0,,,,,,,S/N,S/N,,,,0,,0.00,Comerciante,Julio,2026-02-13 18:15:12,2026-02-13 18:15:12,11113137321
501,2000,0.00,1000.00,500.00,0,,,,,,,S/N,S/N,,,,0,,0.00,Vendo Tamales Y Chiles Rellenos Y Empleada,Abril,2026-02-13 18:43:43,2026-02-13 18:43:43,11113052405
502,2500,4000.00,800.00,1500.00,0,,,,,,,S/N,S/N,,,,0,,0.00,Empleada,Enero,2026-02-13 19:07:35,2026-02-13 19:07:35,11112939631
503,2500,0.00,1000.00,800.00,0,,,,,,,S/N,S/N,,,,0,,0.00,Venta De Alimentos,Enero,2026-02-17 16:39:18,2026-02-17 16:39:18,11113093502
504,800,0.00,350.00,200.00,0,,,,,,,S/N,S/N,,,,0,,0.00,Venta De Gelatinas,Enero,2026-02-18 16:32:21,2026-02-18 16:32:21,11113112491
505,2800,2000.00,800.00,1200.00,0,,,,,,,S/N,S/N,,,,0,,0.00,Venta De Reposteria,Julio,2026-02-20 17:02:38,2026-02-20 17:02:38,11113089746
506,2300,0.00,1600.00,400.00,0,,,,,,,S/N,S/N,,,,0,,0.00,Venta De Alimentos,Enero,2026-02-20 17:23:24,2026-02-20 17:23:24,11112874979
507,3000,0.00,1000.00,600.00,0,,,,,,,S/N,S/N,,,,0,,0.00,Comerciante,Abril,2026-02-20 21:40:21,2026-02-20 21:40:21,11112977454
508,4500,2800.00,1500.00,600.00,0,,,,,,,S/N,S/N,,,,0,,0.00,Venta De Gelatinas Y Postres,Marzo,2026-04-02 17:05:49,2026-04-02 17:05:49,11112948571
509,4000,0.00,2000.00,200.00,0,,,,,,,S/N,S/N,,,,0,,0.00,Venta De Antojitos,Septiembre,2026-04-02 17:20:42,2026-04-02 17:20:42,11112985466
510,1800,0.00,300.00,600.00,0,,,,,,,S/N,S/N,,,,4000,Precico,2000.00,Empleada,Enero,2026-04-02 17:30:09,2026-04-02 17:30:09,11112809015
511,3000,0.00,100.00,1800.00,0,,,,,,,S/N,S/N,,,,0,,0.00,Abogada Litigante,Enero,2026-04-07 18:47:27,2026-04-07 18:47:27,11112714005
512,2800,0.00,1800.00,500.00,0,,,,,,,S/N,S/N,,,,0,,0.00,Venta De Pan,Junio,2026-04-10 19:40:01,2026-04-10 19:40:01,11113125574
513,2500,0.00,900.00,600.00,0,,,,,,,S/N,S/N,,,,0,,0.00,Venta De Postres,Junio,2026-04-10 19:51:38,2026-04-10 19:51:38,11112826720
514,5000,4000.00,1000.00,900.00,0,,,,,,,S/N,S/N,,,,0,,0.00,Venta De Tortillas,Febrero,2026-04-11 17:49:33,2026-04-11 17:49:33,11112786052
515,2500,2000.00,1000.00,500.00,0,,,,,,,S/N,S/N,,,,0,,0.00,Ventas,Enero,2026-04-11 18:24:16,2026-04-11 18:24:16,11113005621
516,5000,0.00,1200.00,600.00,0,,,,,,,S/N,S/N,,,,0,,0.00,Refresqueria,Septiembre,2026-04-16 14:26:53,2026-04-16 14:26:53,11112823381
517,2000,4500.00,400.00,150.00,0,,,,,,,S/N,S/N,,,,0,,0.00,Venta De Alimentos,Julio,2026-04-16 14:43:47,2026-04-16 14:43:47,11112888361
518,1300,2800.00,500.00,500.00,0,,,,,,,S/N,S/N,,,,2000,Credisol,600.00,Venta De Productos Por Catalogo,Noviembre,2026-04-17 19:41:27,2026-04-17 19:41:27,11112961004
519,3500,3500.00,1200.00,1100.00,0,,,,,,,S/N,S/N,,,,4500,Compartamos,3000.00,Comerciante,Enero,2026-04-20 18:31:31,2026-04-20 18:31:31,11112941078
520,2500,0.00,1000.00,400.00,0,,,,,,,S/N,S/N,,,,9000,Logralo Mujer,1800.00,Venta De Tortillas,Enero,2026-04-22 22:05:11,2026-04-22 22:05:11,11112823652
521,3800,0.00,1500.00,800.00,0,,,,,,,S/N,S/N,,,,18000,Garmeen Carso,2000.00,Venta De Tortillas,Enero,2026-04-22 22:14:32,2026-04-22 22:14:32,11113179172
522,2500,3300.00,1100.00,300.00,0,,,,,,,S/N,S/N,,,,0,,0.00,Venta De Tortillas,Enero,2026-04-22 22:27:14,2026-04-22 22:27:14,11113126104
523,1800,2500.00,750.00,700.00,0,,,,,,,S/N,S/N,,,,0,,0.00,Venta De Tortillas,Julio,2026-04-24 21:30:48,2026-04-24 21:30:48,11112967143
524,1600,5800.00,800.00,300.00,0,,,,,,,S/N,S/N,,,,8000,Compartamos,3500.00,Venta De Tortillas,Agosto,2026-04-24 21:46:24,2026-04-24 21:46:24,11113075182
525,1900,2000.00,900.00,500.00,0,,,,,,,S/N,S/N,,,,0,,0.00,Venta De Tortillas,Junio,2026-04-24 21:59:17,2026-04-24 21:59:17,11113121325
526,2000,0.00,850.00,400.00,0,,,,,,,S/N,S/N,,,,0,,0.00,Venta De Tortillas,Mayo,2026-04-24 22:09:24,2026-04-24 22:09:24,11113117395
527,1700,5000.00,500.00,400.00,0,,,,,,,S/N,S/N,,,,0,,0.00,Venta De Tortillas,Septiembre,2026-04-24 22:20:06,2026-04-24 22:20:06,11113055830
528,1600,3600.00,900.00,300.00,0,,,,,,,S/N,S/N,,,,0,,0.00,Chofer,Septiembre,2026-04-24 22:27:29,2026-04-24 22:27:29,11113034520
529,3000,4500.00,1000.00,1000.00,0,,,,,,,S/N,S/N,,,,0,,0.00,Venta De Alimenos Y Bebidas,Enero,2026-04-29 16:02:59,2026-04-29 16:02:59,11112971606
530,3000,0.00,100.00,300.00,0,,,,,,,S/N,S/N,,,,0,,0.00,Venta De Lenceria,Enero,2026-04-29 19:23:53,2026-04-29 19:23:53,11113166323
531,2000,0.00,300.00,300.00,0,,,,,,,S/N,S/N,,,,0,,0.00,Venta De Elotes Y Nieve,Julio,2026-04-29 19:48:37,2026-04-29 19:48:37,11113095058
532,2500,0.00,1000.00,500.00,0,,,,,,,S/N,S/N,,,,4000,Sofipa,340.00,Venta De Refrescos Y Tortillas,Enero,2026-05-04 20:26:50,2026-05-04 20:26:50,11113006480
533,2000,1500.00,500.00,500.00,0,,,,,,,S/N,S/N,,,,50000,Compartamos,30000.00,Venta De Comida,Febrero,2026-05-05 19:38:33,2026-05-05 19:38:33,11112945246
534,2400,0.00,100.00,500.00,0,,,,,,,S/N,S/N,,,,0,,0.00,Mesera,Octubre,2026-05-06 16:45:41,2026-05-06 16:45:41,11112813052
535,3500,0.00,1000.00,1000.00,0,,,,,,,S/N,S/N,,,,0,,0.00,Tablajero Y Chofer De Mototaxi,Junio,2026-05-07 17:08:48,2026-05-07 17:08:48,11112944545
536,4000,2500.00,1200.00,1500.00,0,,,,,,,S/N,S/N,,,,8000,Compartamos,6000.00,Repostería O Venta De Postres ,Marzo,2026-05-08 20:01:41,2026-05-08 20:01:41,11112901756
537,2500,5000.00,800.00,1000.00,0,,,,,,,S/N,S/N,,,,0,,0.00,Ventas,Diciembre,2026-05-09 17:33:28,2026-05-09 17:33:28,11112735798
538,1500,2000.00,500.00,700.00,0,,,,,,,S/N,S/N,,,,0,,0.00,Venta De Tortillas,Mayo,2026-05-13 17:32:31,2026-05-13 17:32:31,11113126158
539,3500,2800.00,1000.00,1200.00,0,,,,,,,S/N,S/N,,,,0,,0.00,Emfermera,Enero,2026-05-14 22:09:52,2026-05-14 22:09:52,11112755226
540,2100,600.00,1000.00,600.00,0,,,,,,,S/N,S/N,,,,5000,Sofipa,3500.00,Venta De Tortillas,Agosto,2026-05-16 16:25:27,2026-05-16 16:25:27,11113125623
541,4000,1000.00,2500.00,1000.00,0,,,,,,,S/N,S/N,,,,0,,0.00,Verduleria,Mayo,2026-05-16 16:44:25,2026-05-16 16:44:25,11112893523
542,7000,0.00,1000.00,3000.00,0,,,,,,,S/N,S/N,,,,37000,500,37000.00,Coordinadora Administrativa ,Enero,2026-05-20 17:50:48,2026-05-20 17:50:48,11112769851
543,3600,0.00,1500.00,1000.00,0,,,,,,,S/N,S/N,,,,3000,Banco Azteca,1100.00,Constructor,Enero,2026-05-20 18:15:50,2026-05-20 18:15:50,11112867599
544,6000,0.00,750.00,196.00,0,,,,,,,S/N,S/N,,,,0,,0.00,"Ing. En Gestión Empresarial, Directora Administrativa , Estilista ",Enero,2026-05-22 16:40:53,2026-05-22 16:40:53,11112625987
545,2500,0.00,500.00,1000.00,0,,,,,,,S/N,S/N,,,,0,,0.00,Empleada,Enero,2026-05-22 16:53:05,2026-05-22 16:53:05,11113056638
546,2000,0.00,500.00,500.00,0,,,,,,,S/N,S/N,,,,0,,0.00,Comerciante,Enero,2026-05-26 18:32:50,2026-05-26 18:32:50,11112914012
547,4000,2000.00,1500.00,1000.00,0,,,,,,,S/N,S/N,,,,0,,0.00,Venta De Pan,Julio,2026-05-29 21:08:57,2026-05-29 21:08:57,11113023334
548,2500,0.00,1000.00,500.00,0,,,,,,,S/N,S/N,,,,0,,0.00,Empleada En Tienda,Diciembre,2026-05-30 16:54:26,2026-05-30 16:54:26,11112887079
549,2500,2800.00,700.00,600.00,0,,,,,,,S/N,S/N,,,,10000,Grameen Carso,3000.00,Venta De Tortill,Junio,2026-05-30 17:07:36,2026-05-30 17:07:36,11113186245
550,1500,2500.00,500.00,500.00,0,,,,,,,S/N,S/N,,,,8000,Compartamos,8000.00,Venta De Tortillas,Noviembre,2026-05-30 17:21:35,2026-05-30 17:21:35,11113162874
551,5000,3000.00,2000.00,2000.00,0,,,,,,,S/N,S/N,,,,10000,Compartamos,8500.00,Venta De Ropa,Junio,2026-05-30 17:33:23,2026-05-30 17:33:23,11112854078
552,3800,2000.00,1200.00,1000.00,0,,,,,,,S/N,S/N,,,,5000,No Tiene Informarcion,1000.00,Venta De Antojitos Y Pan,Enero,2026-06-03 20:36:30,2026-06-03 20:36:30,11113181739
553,4000,2000.00,3000.00,500.00,0,,,,,,,S/N,S/N,,,,0,,0.00,Comerciante,Julio,2026-06-04 20:11:23,2026-06-04 20:11:23,11113029242
554,3900,2800.00,300.00,1300.00,0,,,,,,,S/N,S/N,,,,0,,0.00,Maricurista,Enero,2026-06-10 17:59:47,2026-06-10 17:59:47,11112914985
555,5500,0.00,1800.00,900.00,0,,,,,,,S/N,S/N,,,,0,,0.00,Maestra Foranea,Agosto,2026-06-10 18:19:12,2026-06-10 18:19:12,11113004468
556,5500,3000.00,1500.00,1000.00,0,,,,,,,S/N,S/N,,,,0,,0.00,Chofer,Enero,2026-06-10 18:40:40,2026-06-10 18:40:40,11113174457
557,4000,0.00,1500.00,1000.00,0,,,,,,,S/N,S/N,,,,20000,Soled,1500.00,Carpinteria Y Herreria,Mayo,2026-06-10 18:55:09,2026-06-10 18:55:09,11112914791
558,300,1800.00,1600.00,800.00,0,,,,,,,S/N,S/N,,,,0,,0.00,Venta De Postres,Enero,2026-06-12 17:45:34,2026-06-12 17:45:34,11113069896
559,2500,6000.00,1500.00,1000.00,0,,,,,,,S/N,S/N,,,,0,,0.00,Empleada,Febrero,2026-06-12 17:57:13,2026-06-12 17:57:13,11113186271
560,2500,3000.00,1000.00,1000.00,0,,,,,,,S/N,S/N,,,,3000,Soled,2500.00,Ama De Casa Y Venta De Tortillas,Julio,2026-06-16 17:15:15,2026-06-16 17:15:15,11113023526
561,2500,2500.00,1000.00,500.00,0,,,,,,,S/N,S/N,,,,0,,0.00,Conductor,Julio,2026-06-17 18:22:55,2026-06-17 18:22:55,11112911821
562,3500,3000.00,800.00,1000.00,0,,,,,,,S/N,S/N,,,,10000,Grameen Carso,4200.00,Venta De Antojitos Y Ama De Casa ,Enero,2026-06-17 18:58:33,2026-06-17 18:58:33,11113177745
563,2000,3500.00,1000.00,6000.00,0,,,,,,,S/N,S/N,,,,10000,Grameen Carso,7000.00,Empleada Vendedora Ambulante,Enero,2026-06-17 19:09:56,2026-06-17 19:09:56,11113062348
564,600,0.00,3000.00,100.00,0,,,,,,,S/N,S/N,,,,3356,Acreimex,3000.00,Comerciante,Julio,2026-06-17 19:30:37,2026-06-17 19:30:37,11112866965
565,1000,2000.00,500.00,500.00,0,,,,,,,S/N,S/N,,,,2700,Acreimex,2500.00,Comerciante,Julio,2026-06-17 19:42:54,2026-06-17 19:42:54,11112838338
566,1500,0.00,500.00,500.00,0,,,,,,,S/N,S/N,,,,3000,Comoata,1000.00,Comerciante Verduleria,Julio,2026-06-17 19:51:04,2026-06-17 19:51:04,11112987168
567,3000,0.00,1000.00,1000.00,0,,,,,,,S/N,S/N,,,,3000,1000,1000.00,Comerciante,Noviembre,2026-06-17 20:13:44,2026-06-17 20:13:44,11113031567
568,2000,1500.00,500.00,500.00,0,,,,,,,S/N,S/N,,,,50000,Compartamos,2187.00,"Venta De Tamales, Mole Y Chocolate",Enero,2026-06-17 20:26:54,2026-06-17 20:26:54,11112994198
569,600,0.00,2000.00,2000.00,0,,,,,,,S/N,S/N,,,,0,,0.00,Venta De Ropa Típica,Diciembre,2026-06-18 21:54:33,2026-06-18 21:54:33,11112936233
570,4000,0.00,2000.00,500.00,0,,,,,,,S/N,S/N,,,,0,,0.00,Cafeteria,Octubre,2026-06-18 22:11:32,2026-06-18 22:11:32,11112903021
571,2000,0.00,500.00,1000.00,0,,,,,,,S/N,S/N,,,,0,,0.00,Mesera ,Enero,2026-06-19 17:26:43,2026-06-19 17:26:43,11113095404
572,1500,0.00,500.00,500.00,0,,,,,,,S/N,S/N,,,,0,,0.00,Ama De Casa ,Enero,2026-06-19 18:07:55,2026-06-19 18:07:55,11113003747
573,3000,0.00,1500.00,1000.00,0,,,,,,,S/N,S/N,,,,0,,0.00,Frutas Y Verduras,Enero,2026-06-24 17:47:55,2026-06-24 17:47:55,11112996352
574,4000,5000.00,1800.00,1900.00,0,,,,,,,S/N,S/N,,,,8000,Sin Especificar,5000.00,Venta De Tortillas,Febrero,2026-06-24 18:19:37,2026-06-24 18:19:37,11112807935
575,3000,0.00,500.00,1000.00,0,,,,,,,S/N,S/N,,,,0,,0.00,Taxista,Enero,2026-06-24 18:34:46,2026-06-24 18:34:46,11112824518
576,2500,2000.00,1000.00,500.00,0,,,,,,,S/N,S/N,,,,5000,Compartamos,1500.00,Venta De Alimentos,Agosto,2026-06-27 18:07:55,2026-06-27 18:07:55,11112806809
577,4500,3500.00,1500.00,500.00,0,,,,,,,S/N,S/N,,,,11000,Colombianos,6000.00,Tortilla Y Tienda,Enero,2026-07-02 21:01:33,2026-07-02 21:01:33,11112931059
578,2800,0.00,0.00,500.00,0,,,,,,,S/N,S/N,,,,20000,Colombianoa,15000.00,Empleada,Enero,2026-07-02 21:16:26,2026-07-02 21:16:26,11113014663
579,1800,0.00,500.00,800.00,0,,,,,,,S/N,S/N,,,,0,,0.00,Venta De Tortillas,Julio,2026-07-02 23:01:36,2026-07-02 23:01:36,11112973732
580,2500,3500.00,1000.00,800.00,0,,,,,,,S/N,S/N,,,,0,,0.00,Empleada Domestica,Enero,2026-07-03 18:15:47,2026-07-03 18:15:47,11113222743
581,3000,0.00,500.00,1000.00,0,,,,,,,S/N,S/N,,,,0,,0.00,Empleada Y Venta De Zapatos ,Enero,2026-07-03 18:53:06,2026-07-03 18:53:06,11112917334
582,4500,2000.00,1000.00,1000.00,0,,,,,,,S/N,S/N,,,,0,,0.00,Trabajadora Domestica,Enero,2026-07-03 20:38:16,2026-07-03 20:38:16,11113179982
583,2000,3500.00,200.00,1050.00,0,,,,,,,S/N,S/N,,,,0,,0.00,Empleada,Enero,2026-07-03 21:02:05,2026-07-03 21:02:05,11112964591
584,2000,2000.00,500.00,500.00,0,,,,,,,S/N,S/N,,,,0,,0.00,Empleada,Enero,2026-07-03 21:15:59,2026-07-03 21:15:59,11113087803
585,2000,0.00,800.00,1200.00,0,,,,,,,S/N,S/N,,,,0,,0.00,Venta De Flores,Enero,2026-07-03 23:46:11,2026-07-03 23:46:11,11113046773
586,4500,0.00,1800.00,1500.00,0,,,,,,,S/N,S/N,,,,0,,0.00,Comerciante,Enero,2026-07-07 18:56:28,2026-07-07 18:56:28,11112982881
587,3800,4000.00,1000.00,997.00,0,,,,,,,S/N,S/N,,,,0,,0.00,Empleado,Septiembre,2026-07-09 20:40:51,2026-07-09 20:40:51,11113074398
588,4500,0.00,1800.00,1500.00,0,,,,,,,S/N,S/N,,,,0,,0.00,"Venta De Antojitos, Postres Y Bebidas",Enero,2026-07-09 21:21:59,2026-07-09 21:21:59,11112983434
589,2500,0.00,1000.00,700.00,0,,,,,,,S/N,S/N,,,,0,,0.00,Negocio,Agosto,2026-07-16 16:12:19,2026-07-16 16:12:19,11112867783
590,2500,3000.00,1000.00,700.00,0,,,,,,,S/N,S/N,,,,0,,0.00,Empleado,Diciembre,2026-07-16 17:17:36,2026-07-16 17:17:36,11113071228
591,3000,3000.00,1000.00,900.00,0,,,,,,,S/N,S/N,,,,0,,0.00,Policia,Octubre,2026-07-16 19:37:33,2026-07-16 19:37:33,11113092434
592,2500,0.00,700.00,500.00,0,,,,,,,S/N,S/N,,,,0,,0.00,Venta De Comida,Octubre,2026-07-16 20:41:37,2026-07-16 20:41:37,11112626052
593,2500,0.00,1000.00,300.00,0,,,,,,,S/N,S/N,,,,0,,0.00,Comerciante,Octubre,2026-07-16 23:19:48,2026-07-16 23:19:48,11113265056
594,2000,2000.00,400.00,1200.00,0,,,,,,,S/N,S/N,,,,10000,Mercado Libre,1.00,Servicio De Banqueteria,Enero,2026-07-17 16:47:13,2026-07-17 16:47:13,11112767272
595,4000,0.00,1500.00,998.00,0,,,,,,,S/N,S/N,,,,0,,0.00,Venta De Bisuteria,Octubre,2026-07-17 17:04:15,2026-07-17 17:04:15,11113004656
596,3500,0.00,300.00,1500.00,0,,,,,,,S/N,S/N,,,,0,,0.00,Venta De Manualidades,Marzo,2026-07-17 17:19:39,2026-07-17 17:19:39,11112964451
597,6000,0.00,2498.00,2000.00,0,,,,,,,S/N,S/N,,,,0,,0.00,Venta De Alimentos,Marzo,2026-07-17 17:41:12,2026-07-17 17:41:12,11112951374
598,2000,0.00,498.00,500.00,0,,,,,,,S/N,S/N,,,,0,,0.00,Trabajadora Social,Octubre,2026-07-17 19:32:13,2026-07-17 19:32:13,11112947297
599,2200,0.00,600.00,200.00,0,,,,,,,S/N,S/N,,,,8000,Sofipá,600.00,Venta De Comida,Octubre,2026-07-17 20:21:21,2026-07-17 20:21:21,11112857174
600,2400,0.00,300.00,899.00,0,,,,,,,S/N,S/N,,,,8000,Compartamos,1200.00,Camarista,Febrero,2026-07-17 20:31:07,2026-07-17 20:31:07,11112933326
601,16000,1999.99,8000.00,1000.00,0,,,,,,,S/N,S/N,,,,41998,Gramin Carso,17998.00,Comerciante,Enero,2026-07-20 17:20:19,2026-07-20 17:20:19,11113179794
602,7000,1999.98,3000.00,1000.00,0,,,,,,,S/N,S/N,,,,17000,Gramin Carso,5600.00,Venta De Ropa,Enero,2026-07-20 18:53:43,2026-07-20 18:53:43,11113145552
603,5000,3000.00,2000.00,1000.00,0,,,,,,,S/N,S/N,,,,37000,Gramin Carso,20000.00,Venta De Bisuteria,Enero,2026-07-20 20:47:45,2026-07-20 20:47:45,11112913625
604,4000,2999.99,2000.00,1000.00,0,,,,,,,S/N,S/N,,,,17000,Gramin Carso,5600.00,Venta De  Ropa,Enero,2026-07-20 20:58:02,2026-07-20 20:58:02,11113027782
605,2498,0.00,0.00,500.00,0,,,,,,,S/N,S/N,,,,10000,Compartamos,7000.00,Venta De Zapatos,Enero,2026-07-20 21:35:14,2026-07-20 21:35:14,11112939450
606,1900,0.00,500.00,499.00,0,,,,,,,S/N,S/N,,,,4998,Compartamos,538.00,Empleado,Noviembre,2026-07-20 22:14:48,2026-07-20 22:14:48,11113015330
607,3500,0.00,2000.00,500.00,0,,,,,,,S/N,S/N,,,,0,,0.00,Empleado,Enero,2026-07-22 19:00:41,2026-07-22 19:00:41,11113004199
608,2800,0.00,400.00,1200.00,0,,,,,,,S/N,S/N,,,,10000,Compartamos,2200.00,Niñera Empleada,Julio,2026-07-23 19:09:11,2026-07-23 19:09:11,11113172654
609,2500,0.00,1200.00,2000.00,0,,,,,,,S/N,S/N,,,,0,,0.00,Venta De Ropa,Enero,2026-07-24 20:29:36,2026-07-24 20:29:36,11112976322
