id,tipo_solicitud,id_cliente,id_prestamo,fecha_primer_pago,cantidad_sistema,cantidad_correcta,motivo_eliminacion,comentarios,comentarios_resolucion,estatus,id_usuarios,id_usuario_resolvio,fecha_creacion,fecha_actualizacion,fecha_resolucion
3,CORRECCION_FECHA_PRIMER_PAGO,,1427,2025-09-23,,,,CONFUSION DE FECHA,Aplicado por proceso automatico: correccion de fecha y monto en BD,SOLUCIONADO,111113612004634,111113612004634,2026-04-08 16:15:39,2026-04-09 04:32:40,2026-04-09 04:32:40
4,CORRECCION_FECHA_PRIMER_PAGO,,1428,2025-12-23,,,,,Aplicado en lote: correccion automatica de fecha primer pago,SOLUCIONADO,111113612004634,111113612004634,2026-04-08 16:16:17,2026-04-09 04:37:04,2026-04-09 04:37:04
5,CORRECCION_FECHA_PRIMER_PAGO,,1541,2025-11-18,,,,,Aplicado en lote: correccion automatica de fecha primer pago,SOLUCIONADO,111113612004634,111113612004634,2026-04-08 16:20:29,2026-04-09 04:37:04,2026-04-09 04:37:04
6,CORRECCION_FECHA_PRIMER_PAGO,,1542,2025-10-14,,,,,Aplicado en lote: correccion automatica de fecha primer pago,SOLUCIONADO,111113612004634,111113612004634,2026-04-08 16:22:59,2026-04-09 04:37:04,2026-04-09 04:37:04
7,CORRECCION_FECHA_PRIMER_PAGO,,1543,2025-09-30,,,,,Aplicado en lote: correccion automatica de fecha primer pago,SOLUCIONADO,111113612004634,111113612004634,2026-04-08 16:24:27,2026-04-09 04:37:04,2026-04-09 04:37:04
8,CORRECCION_FECHA_PRIMER_PAGO,,1544,2026-03-17,,,,,Aplicado en lote: correccion automatica de fecha primer pago,SOLUCIONADO,111113612004634,111113612004634,2026-04-08 16:26:01,2026-04-09 04:37:04,2026-04-09 04:37:04
9,CORRECCION_FECHA_PRIMER_PAGO,,1545,2026-01-20,,,,,Aplicado en lote: correccion automatica de fecha primer pago,SOLUCIONADO,111113612004634,111113612004634,2026-04-08 16:27:33,2026-04-09 04:37:04,2026-04-09 04:37:04
10,CORRECCION_FECHA_PRIMER_PAGO,,1546,2025-11-11,,,,,Aplicado en lote: correccion automatica de fecha primer pago,SOLUCIONADO,111113612004634,111113612004634,2026-04-08 16:29:21,2026-04-09 04:37:04,2026-04-09 04:37:04
11,CORRECCION_FECHA_PRIMER_PAGO,,1547,2026-01-20,,,,,Aplicado en lote: correccion automatica de fecha primer pago,SOLUCIONADO,111113612004634,111113612004634,2026-04-08 16:32:02,2026-04-09 04:37:04,2026-04-09 04:37:04
13,CORRECCION_FECHA_PRIMER_PAGO,,1548,2026-03-10,,,,,Aplicado en lote: correccion automatica de fecha primer pago,SOLUCIONADO,111113612004634,111113612004634,2026-04-08 16:45:20,2026-04-09 04:37:04,2026-04-09 04:37:04
14,CORRECCION_FECHA_PRIMER_PAGO,,1550,2025-10-14,,,,,Aplicado en lote: correccion automatica de fecha primer pago,SOLUCIONADO,111113612004634,111113612004634,2026-04-08 16:55:52,2026-04-09 04:37:04,2026-04-09 04:37:04
15,CORRECCION_FECHA_PRIMER_PAGO,,1551,2026-02-03,,,,,Aplicado en lote: correccion automatica de fecha primer pago,SOLUCIONADO,111113612004634,111113612004634,2026-04-08 16:57:13,2026-04-09 04:37:04,2026-04-09 04:37:04
16,CORRECCION_FECHA_PRIMER_PAGO,,895,2026-02-04,,,,,Aplicado en lote: correccion automatica de fecha primer pago,SOLUCIONADO,111113612004634,111113612004634,2026-04-08 17:04:15,2026-04-09 04:37:04,2026-04-09 04:37:04
17,CORRECCION_FECHA_PRIMER_PAGO,,894,2026-03-25,,,,,Aplicado en lote: correccion automatica de fecha primer pago,SOLUCIONADO,111113612004634,111113612004634,2026-04-08 17:06:22,2026-04-09 04:37:04,2026-04-09 04:37:04
18,CORRECCION_MONTO_PAGO,,894,,388.90,504.00,,,Aplicado por proceso automatico: correccion de fecha y monto en BD,SOLUCIONADO,111113612004634,111113612004634,2026-04-08 17:06:40,2026-04-09 04:32:40,2026-04-09 04:32:40
19,CORRECCION_FECHA_PRIMER_PAGO,,896,2026-02-11,,,,,Aplicado en lote: correccion automatica de fecha primer pago,SOLUCIONADO,111113612004634,111113612004634,2026-04-08 17:07:32,2026-04-09 04:37:04,2026-04-09 04:37:04
20,CORRECCION_FECHA_PRIMER_PAGO,,897,2025-11-19,,,,,Aplicado en lote: correccion automatica de fecha primer pago,SOLUCIONADO,111113612004634,111113612004634,2026-04-08 17:13:22,2026-04-09 04:37:04,2026-04-09 04:37:04
21,CORRECCION_FECHA_PRIMER_PAGO,,903,2026-01-14,,,,,Aplicado en lote: correccion automatica de fecha primer pago,SOLUCIONADO,111113612004634,111113612004634,2026-04-08 17:21:24,2026-04-09 04:37:04,2026-04-09 04:37:04
22,CORRECCION_FECHA_PRIMER_PAGO,,904,2026-02-25,,,,,Aplicado en lote: correccion automatica de fecha primer pago,SOLUCIONADO,111113612004634,111113612004634,2026-04-08 17:23:13,2026-04-09 04:37:04,2026-04-09 04:37:04
23,CORRECCION_FECHA_PRIMER_PAGO,,905,2026-02-18,,,,,Aplicado en lote: correccion automatica de fecha primer pago,SOLUCIONADO,111113612004634,111113612004634,2026-04-08 17:24:30,2026-04-09 04:37:04,2026-04-09 04:37:04
24,CORRECCION_FECHA_PRIMER_PAGO,,915,2025-12-17,,,,,Aplicado en lote: correccion automatica de fecha primer pago,SOLUCIONADO,111113612004634,111113612004634,2026-04-08 17:26:02,2026-04-09 04:37:04,2026-04-09 04:37:04
25,CORRECCION_FECHA_PRIMER_PAGO,,916,2025-10-14,,,,,Aplicado en lote: correccion automatica de fecha primer pago,SOLUCIONADO,111113612004634,111113612004634,2026-04-08 17:26:47,2026-04-09 04:37:04,2026-04-09 04:37:04
26,CORRECCION_FECHA_PRIMER_PAGO,,917,2025-12-17,,,,,Aplicado en lote: correccion automatica de fecha primer pago,SOLUCIONADO,111113612004634,111113612004634,2026-04-08 17:28:02,2026-04-09 04:37:04,2026-04-09 04:37:04
27,CORRECCION_FECHA_PRIMER_PAGO,,918,2025-09-24,,,,,Aplicado en lote: correccion automatica de fecha primer pago,SOLUCIONADO,111113612004634,111113612004634,2026-04-08 17:29:22,2026-04-09 04:37:04,2026-04-09 04:37:04
28,CORRECCION_FECHA_PRIMER_PAGO,,919,2025-12-17,,,,,Aplicado en lote: correccion automatica de fecha primer pago,SOLUCIONADO,111113612004634,111113612004634,2026-04-08 17:31:33,2026-04-09 04:37:04,2026-04-09 04:37:04
29,CORRECCION_FECHA_PRIMER_PAGO,,920,2025-12-17,,,,,Aplicado en lote: correccion automatica de fecha primer pago,SOLUCIONADO,111113612004634,111113612004634,2026-04-08 17:33:14,2026-04-09 04:37:04,2026-04-09 04:37:04
30,CORRECCION_FECHA_PRIMER_PAGO,,921,2026-10-15,,,,,Aplicado en lote: correccion automatica de fecha primer pago,SOLUCIONADO,111113612004634,111113612004634,2026-04-08 17:34:04,2026-04-09 04:37:04,2026-04-09 04:37:04
33,CORRECCION_FECHA_PRIMER_PAGO,,922,2025-12-17,,,,,Aplicado en lote: correccion automatica de fecha primer pago,SOLUCIONADO,111113612004634,111113612004634,2026-04-08 17:59:14,2026-04-09 04:37:04,2026-04-09 04:37:04
34,CORRECCION_FECHA_PRIMER_PAGO,,923,2026-02-18,,,,,Aplicado en lote: correccion automatica de fecha primer pago,SOLUCIONADO,111113612004634,111113612004634,2026-04-08 18:00:04,2026-04-09 04:37:04,2026-04-09 04:37:04
35,CORRECCION_FECHA_PRIMER_PAGO,,927,2026-01-14,,,,,Aplicado en lote: correccion automatica de fecha primer pago,SOLUCIONADO,111113612004634,111113612004634,2026-04-08 18:07:05,2026-04-09 04:37:04,2026-04-09 04:37:04
36,CORRECCION_FECHA_PRIMER_PAGO,,928,2025-11-19,,,,,Aplicado en lote: correccion automatica de fecha primer pago,SOLUCIONADO,111113612004634,111113612004634,2026-04-08 18:08:46,2026-04-09 04:37:04,2026-04-09 04:37:04
37,CORRECCION_FECHA_PRIMER_PAGO,,929,2025-11-19,,,,,Aplicado en lote: correccion automatica de fecha primer pago,SOLUCIONADO,111113612004634,111113612004634,2026-04-08 18:10:42,2026-04-09 04:37:04,2026-04-09 04:37:04
38,CORRECCION_FECHA_PRIMER_PAGO,,930,2025-11-19,,,,,Aplicado en lote: correccion automatica de fecha primer pago,SOLUCIONADO,111113612004634,111113612004634,2026-04-08 18:11:42,2026-04-09 04:37:04,2026-04-09 04:37:04
39,CORRECCION_FECHA_PRIMER_PAGO,,1137,2025-07-16,,,,,Aplicado en lote: correccion automatica de fecha primer pago,SOLUCIONADO,111113612004634,111113612004634,2026-04-08 18:16:23,2026-04-09 04:37:04,2026-04-09 04:37:04
40,CORRECCION_FECHA_PRIMER_PAGO,,1139,2025-07-16,,,,,Aplicado en lote: correccion automatica de fecha primer pago,SOLUCIONADO,111113612004634,111113612004634,2026-04-08 18:20:19,2026-04-09 04:37:04,2026-04-09 04:37:04
41,CORRECCION_MONTO_PAGO,,1143,,291.70,420.00,,,Aplicado en lote: correccion automatica de monto de pago,SOLUCIONADO,111113612004634,111113612004634,2026-04-08 18:24:44,2026-04-09 04:37:12,2026-04-09 04:37:12
42,CORRECCION_FECHA_PRIMER_PAGO,,1146,2026-02-11,,,,,Aplicado en lote: correccion automatica de fecha primer pago,SOLUCIONADO,111113612004634,111113612004634,2026-04-08 18:28:41,2026-04-09 04:37:04,2026-04-09 04:37:04
43,CORRECCION_FECHA_PRIMER_PAGO,,1199,2025-11-05,,,,,Aplicado en lote: correccion automatica de fecha primer pago,SOLUCIONADO,111113612004634,111113612004634,2026-04-08 18:32:57,2026-04-09 04:37:04,2026-04-09 04:37:04
44,CORRECCION_FECHA_PRIMER_PAGO,,1203,2025-08-27,,,,,Aplicado en lote: correccion automatica de fecha primer pago,SOLUCIONADO,111113612004634,111113612004634,2026-04-08 18:37:28,2026-04-09 04:37:04,2026-04-09 04:37:04
45,CORRECCION_FECHA_PRIMER_PAGO,,1196,2026-02-25,,,,,Aplicado en lote: correccion automatica de fecha primer pago,SOLUCIONADO,111113612004634,111113612004634,2026-04-08 18:48:50,2026-04-09 04:37:04,2026-04-09 04:37:04
46,CORRECCION_FECHA_PRIMER_PAGO,,1198,2026-02-04,,,,,Aplicado en lote: correccion automatica de fecha primer pago,SOLUCIONADO,111113612004634,111113612004634,2026-04-08 18:50:46,2026-04-09 04:37:04,2026-04-09 04:37:04
47,CORRECCION_FECHA_PRIMER_PAGO,,1325,2025-09-22,,,,,Aplicado en lote: correccion automatica de fecha primer pago,SOLUCIONADO,111113612004634,111113612004634,2026-04-08 19:01:32,2026-04-09 04:37:04,2026-04-09 04:37:04
48,CORRECCION_FECHA_PRIMER_PAGO,,1327,2026-02-11,,,,,Aplicado en lote: correccion automatica de fecha primer pago,SOLUCIONADO,111113612004634,111113612004634,2026-04-08 19:03:20,2026-04-09 04:37:04,2026-04-09 04:37:04
49,CORRECCION_FECHA_PRIMER_PAGO,,1329,2026-02-25,,,,,Aplicado en lote: correccion automatica de fecha primer pago,SOLUCIONADO,111113612004634,111113612004634,2026-04-08 19:05:00,2026-04-09 04:37:04,2026-04-09 04:37:04
50,CORRECCION_FECHA_PRIMER_PAGO,,1358,2026-01-28,,,,,Aplicado en lote: correccion automatica de fecha primer pago,SOLUCIONADO,111113612004634,111113612004634,2026-04-08 19:06:42,2026-04-09 04:37:04,2026-04-09 04:37:04
51,CORRECCION_FECHA_PRIMER_PAGO,,1359,2025-07-23,,,,,Aplicado en lote: correccion automatica de fecha primer pago,SOLUCIONADO,111113612004634,111113612004634,2026-04-08 19:08:04,2026-04-09 04:37:04,2026-04-09 04:37:04
52,CORRECCION_FECHA_PRIMER_PAGO,,1362,2025-12-31,,,,,Aplicado en lote: correccion automatica de fecha primer pago,SOLUCIONADO,111113612004634,111113612004634,2026-04-08 19:11:37,2026-04-09 04:37:04,2026-04-09 04:37:04
53,CORRECCION_FECHA_PRIMER_PAGO,,1363,2025-12-31,,,,,Aplicado en lote: correccion automatica de fecha primer pago,SOLUCIONADO,111113612004634,111113612004634,2026-04-08 19:15:12,2026-04-09 04:37:04,2026-04-09 04:37:04
54,CORRECCION_FECHA_PRIMER_PAGO,,1364,2026-02-11,,,,,Aplicado en lote: correccion automatica de fecha primer pago,SOLUCIONADO,111113612004634,111113612004634,2026-04-08 19:16:46,2026-04-09 04:37:04,2026-04-09 04:37:04
55,CORRECCION_FECHA_PRIMER_PAGO,,1365,2026-02-11,,,,,Aplicado en lote: correccion automatica de fecha primer pago,SOLUCIONADO,111113612004634,111113612004634,2026-04-08 19:18:01,2026-04-09 04:37:04,2026-04-09 04:37:04
56,CORRECCION_FECHA_PRIMER_PAGO,,1366,2025-11-26,,,,,Aplicado en lote: correccion automatica de fecha primer pago,SOLUCIONADO,111113612004634,111113612004634,2026-04-08 19:19:13,2026-04-09 04:37:04,2026-04-09 04:37:04
57,CORRECCION_FECHA_PRIMER_PAGO,,1367,2025-11-26,,,,,Aplicado en lote: correccion automatica de fecha primer pago,SOLUCIONADO,111113612004634,111113612004634,2026-04-08 19:19:41,2026-04-09 04:37:04,2026-04-09 04:37:04
58,CORRECCION_FECHA_PRIMER_PAGO,,1388,2025-10-08,,,,,Aplicado en lote: correccion automatica de fecha primer pago,SOLUCIONADO,111113612004634,111113612004634,2026-04-08 19:25:44,2026-04-09 04:37:04,2026-04-09 04:37:04
59,CORRECCION_FECHA_PRIMER_PAGO,,1390,2026-01-21,,,,,Aplicado en lote: correccion automatica de fecha primer pago,SOLUCIONADO,111113612004634,111113612004634,2026-04-08 19:27:38,2026-04-09 04:37:04,2026-04-09 04:37:04
60,CORRECCION_MONTO_PAGO,,1391,,722.20,936.00,,,Aplicado en lote: correccion automatica de monto de pago,SOLUCIONADO,111113612004634,111113612004634,2026-04-08 19:28:33,2026-04-09 04:37:12,2026-04-09 04:37:12
61,CORRECCION_FECHA_PRIMER_PAGO,,1392,2025-08-20,,,,,Aplicado en lote: correccion automatica de fecha primer pago,SOLUCIONADO,111113612004634,111113612004634,2026-04-08 19:30:19,2026-04-09 04:37:04,2026-04-09 04:37:04
62,CORRECCION_FECHA_PRIMER_PAGO,,1394,2026-02-18,,,,,Aplicado en lote: correccion automatica de fecha primer pago,SOLUCIONADO,111113612004634,111113612004634,2026-04-08 19:32:50,2026-04-09 04:37:04,2026-04-09 04:37:04
63,CORRECCION_FECHA_PRIMER_PAGO,,1395,2025-10-29,,,,,Aplicado en lote: correccion automatica de fecha primer pago,SOLUCIONADO,111113612004634,111113612004634,2026-04-08 19:34:32,2026-04-09 04:37:04,2026-04-09 04:37:04
64,CORRECCION_FECHA_PRIMER_PAGO,,1396,2026-02-18,,,,,Aplicado en lote: correccion automatica de fecha primer pago,SOLUCIONADO,111113612004634,111113612004634,2026-04-08 19:35:48,2026-04-09 04:37:04,2026-04-09 04:37:04
65,CORRECCION_FECHA_PRIMER_PAGO,,1399,2026-01-28,,,,,Aplicado en lote: correccion automatica de fecha primer pago,SOLUCIONADO,111113612004634,111113612004634,2026-04-08 19:58:20,2026-04-09 04:37:04,2026-04-09 04:37:04
66,CORRECCION_FECHA_PRIMER_PAGO,,1423,2025-07-23,,,,,Aplicado en lote: correccion automatica de fecha primer pago,SOLUCIONADO,111113612004634,111113612004634,2026-04-08 20:07:19,2026-04-09 04:37:04,2026-04-09 04:37:04
67,CORRECCION_FECHA_PRIMER_PAGO,,1425,2025-07-09,,,,,Aplicado en lote: correccion automatica de fecha primer pago,SOLUCIONADO,111113612004634,111113612004634,2026-04-08 20:09:00,2026-04-09 04:37:04,2026-04-09 04:37:04
68,CORRECCION_FECHA_PRIMER_PAGO,,1553,2026-02-04,,,,,Aplicado en lote: correccion automatica de fecha primer pago,SOLUCIONADO,111113612004634,111113612004634,2026-04-08 20:17:01,2026-04-09 04:37:04,2026-04-09 04:37:04
69,CORRECCION_FECHA_PRIMER_PAGO,,1554,2025-12-31,,,,,Aplicado en lote: correccion automatica de fecha primer pago,SOLUCIONADO,111113612004634,111113612004634,2026-04-08 20:18:34,2026-04-09 04:37:04,2026-04-09 04:37:04
70,CORRECCION_FECHA_PRIMER_PAGO,,906,2025-10-23,,,,,Aplicado en lote: correccion automatica de fecha primer pago,SOLUCIONADO,111113612004634,111113612004634,2026-04-09 15:34:00,2026-04-10 15:37:34,2026-04-10 15:37:34
71,CORRECCION_FECHA_PRIMER_PAGO,,907,2025-10-23,,,,,Aplicado en lote: correccion automatica de fecha primer pago,SOLUCIONADO,111113612004634,111113612004634,2026-04-09 15:34:32,2026-04-10 15:37:34,2026-04-10 15:37:34
72,CORRECCION_FECHA_PRIMER_PAGO,,908,2025-10-23,,,,,Aplicado en lote: correccion automatica de fecha primer pago,SOLUCIONADO,111113612004634,111113612004634,2026-04-09 15:35:24,2026-04-10 15:37:34,2026-04-10 15:37:34
74,CORRECCION_FECHA_PRIMER_PAGO,,909,2025-10-02,,,,,Aplicado en lote: correccion automatica de fecha primer pago,SOLUCIONADO,111113612004634,111113612004634,2026-04-09 15:36:42,2026-04-10 15:37:34,2026-04-10 15:37:34
75,CORRECCION_FECHA_PRIMER_PAGO,,910,2025-11-06,,,,,Aplicado en lote: correccion automatica de fecha primer pago,SOLUCIONADO,111113612004634,111113612004634,2026-04-09 15:37:34,2026-04-10 15:37:34,2026-04-10 15:37:34
76,CORRECCION_FECHA_PRIMER_PAGO,,911,2025-06-19,,,,,Aplicado en lote: correccion automatica de fecha primer pago,SOLUCIONADO,111113612004634,111113612004634,2026-04-09 15:38:00,2026-04-10 15:37:34,2026-04-10 15:37:34
77,CORRECCION_FECHA_PRIMER_PAGO,,912,2025-12-11,,,,,Aplicado en lote: correccion automatica de fecha primer pago,SOLUCIONADO,111113612004634,111113612004634,2026-04-09 15:38:45,2026-04-10 15:37:34,2026-04-10 15:37:34
78,CORRECCION_FECHA_PRIMER_PAGO,,913,2025-07-17,,,,,Aplicado en lote: correccion automatica de fecha primer pago,SOLUCIONADO,111113612004634,111113612004634,2026-04-09 15:39:16,2026-04-10 15:37:34,2026-04-10 15:37:34
79,CORRECCION_FECHA_PRIMER_PAGO,,914,2025-09-04,,,,,Aplicado en lote: correccion automatica de fecha primer pago,SOLUCIONADO,111113612004634,111113612004634,2026-04-09 15:39:58,2026-04-10 15:37:34,2026-04-10 15:37:34
80,CORRECCION_FECHA_PRIMER_PAGO,,1521,2025-12-04,,,,,Aplicado en lote: correccion automatica de fecha primer pago,SOLUCIONADO,111113612004634,111113612004634,2026-04-09 15:43:01,2026-04-10 15:37:34,2026-04-10 15:37:34
81,CORRECCION_FECHA_PRIMER_PAGO,,1522,2025-11-13,,,,,Aplicado en lote: correccion automatica de fecha primer pago,SOLUCIONADO,111113612004634,111113612004634,2026-04-09 15:47:15,2026-04-10 15:37:34,2026-04-10 15:37:34
82,CORRECCION_FECHA_PRIMER_PAGO,,1523,2024-02-15,,,,,Aplicado en lote: correccion automatica de fecha primer pago,SOLUCIONADO,111113612004634,111113612004634,2026-04-09 15:49:29,2026-04-10 15:37:34,2026-04-10 15:37:34
83,CORRECCION_FECHA_PRIMER_PAGO,,1525,2026-01-15,,,,,Aplicado en lote: correccion automatica de fecha primer pago,SOLUCIONADO,111113612004634,111113612004634,2026-04-09 15:52:47,2026-04-10 15:37:34,2026-04-10 15:37:34
84,CORRECCION_FECHA_PRIMER_PAGO,,1526,2026-01-01,,,,,Aplicado en lote: correccion automatica de fecha primer pago,SOLUCIONADO,111113612004634,111113612004634,2026-04-09 15:54:13,2026-04-10 15:37:34,2026-04-10 15:37:34
85,CORRECCION_FECHA_PRIMER_PAGO,,1527,2026-01-01,,,,,Aplicado en lote: correccion automatica de fecha primer pago,SOLUCIONADO,111113612004634,111113612004634,2026-04-09 15:54:47,2026-04-10 15:37:34,2026-04-10 15:37:34
86,CORRECCION_FECHA_PRIMER_PAGO,,1528,2026-01-01,,,,,Aplicado en lote: correccion automatica de fecha primer pago,SOLUCIONADO,111113612004634,111113612004634,2026-04-09 15:55:14,2026-04-10 15:37:34,2026-04-10 15:37:34
87,CORRECCION_FECHA_PRIMER_PAGO,,1531,2025-10-16,,,,,Aplicado en lote: correccion automatica de fecha primer pago,SOLUCIONADO,111113612004634,111113612004634,2026-04-09 16:11:13,2026-04-10 15:37:34,2026-04-10 15:37:34
88,CORRECCION_FECHA_PRIMER_PAGO,,1530,2025-10-16,,,,,Aplicado en lote: correccion automatica de fecha primer pago,SOLUCIONADO,111113612004634,111113612004634,2026-04-09 16:11:49,2026-04-10 15:37:34,2026-04-10 15:37:34
89,CORRECCION_MONTO_PAGO,,933,,208.30,320.00,,,Aplicado en lote: correccion automatica de monto de pago,SOLUCIONADO,111113612004634,111113612004634,2026-04-09 16:14:45,2026-04-10 15:37:47,2026-04-10 15:37:47
90,CORRECCION_FECHA_PRIMER_PAGO,,932,2026-01-08,,,,,Aplicado en lote: correccion automatica de fecha primer pago,SOLUCIONADO,111113612004634,111113612004634,2026-04-09 16:16:52,2026-04-10 15:37:34,2026-04-10 15:37:34
91,CORRECCION_FECHA_PRIMER_PAGO,,934,2026-01-15,,,,,Aplicado en lote: correccion automatica de fecha primer pago,SOLUCIONADO,111113612004634,111113612004634,2026-04-09 16:18:14,2026-04-10 15:37:34,2026-04-10 15:37:34
92,CORRECCION_FECHA_PRIMER_PAGO,,935,2026-01-22,,,,,Aplicado en lote: correccion automatica de fecha primer pago,SOLUCIONADO,111113612004634,111113612004634,2026-04-09 16:19:51,2026-04-10 15:37:34,2026-04-10 15:37:34
93,CORRECCION_FECHA_PRIMER_PAGO,,936,2026-02-05,,,,,Aplicado en lote: correccion automatica de fecha primer pago,SOLUCIONADO,111113612004634,111113612004634,2026-04-09 16:21:22,2026-04-10 15:37:34,2026-04-10 15:37:34
94,CORRECCION_FECHA_PRIMER_PAGO,,937,2026-02-05,,,,,Aplicado en lote: correccion automatica de fecha primer pago,SOLUCIONADO,111113612004634,111113612004634,2026-04-09 16:22:43,2026-04-10 15:37:34,2026-04-10 15:37:34
95,CORRECCION_FECHA_PRIMER_PAGO,,941,2026-02-26,,,,,Aplicado en lote: correccion automatica de fecha primer pago,SOLUCIONADO,111113612004634,111113612004634,2026-04-09 16:23:59,2026-04-10 15:37:34,2026-04-10 15:37:34
96,CORRECCION_MONTO_PAGO,,938,,222.20,288.00,,,Aplicado en lote: correccion automatica de monto de pago,SOLUCIONADO,111113612004634,111113612004634,2026-04-09 16:24:45,2026-04-10 15:37:47,2026-04-10 15:37:47
97,CORRECCION_MONTO_PAGO,,939,,222.20,288.00,,,Aplicado en lote: correccion automatica de monto de pago,SOLUCIONADO,111113612004634,111113612004634,2026-04-09 16:25:30,2026-04-10 15:37:47,2026-04-10 15:37:47
98,CORRECCION_FECHA_PRIMER_PAGO,,940,2026-02-26,,,,,Aplicado en lote: correccion automatica de fecha primer pago,SOLUCIONADO,111113612004634,111113612004634,2026-04-09 16:27:00,2026-04-10 15:37:34,2026-04-10 15:37:34
99,CORRECCION_FECHA_PRIMER_PAGO,,1022,2025-11-27,,,,,Aplicado en lote: correccion automatica de fecha primer pago,SOLUCIONADO,111113612004634,111113612004634,2026-04-09 16:31:40,2026-04-10 15:37:34,2026-04-10 15:37:34
100,CORRECCION_FECHA_PRIMER_PAGO,,1025,2026-02-05,,,,,Aplicado en lote: correccion automatica de fecha primer pago,SOLUCIONADO,111113612004634,111113612004634,2026-04-09 16:33:08,2026-04-10 15:37:34,2026-04-10 15:37:34
101,CORRECCION_FECHA_PRIMER_PAGO,,1024,2025-11-27,,,,,Aplicado en lote: correccion automatica de fecha primer pago,SOLUCIONADO,111113612004634,111113612004634,2026-04-09 16:35:06,2026-04-10 15:37:34,2026-04-10 15:37:34
102,CORRECCION_FECHA_PRIMER_PAGO,,1026,2026-01-08,,,,,Aplicado en lote: correccion automatica de fecha primer pago,SOLUCIONADO,111113612004634,111113612004634,2026-04-09 16:36:38,2026-04-10 15:37:34,2026-04-10 15:37:34
103,CORRECCION_FECHA_PRIMER_PAGO,,1028,2026-02-19,,,,,Aplicado en lote: correccion automatica de fecha primer pago,SOLUCIONADO,111113612004634,111113612004634,2026-04-09 16:41:35,2026-04-10 15:37:34,2026-04-10 15:37:34
104,CORRECCION_FECHA_PRIMER_PAGO,,1029,2025-08-28,,,,,Aplicado en lote: correccion automatica de fecha primer pago,SOLUCIONADO,111113612004634,111113612004634,2026-04-09 16:42:56,2026-04-10 15:37:34,2026-04-10 15:37:34
105,CORRECCION_FECHA_PRIMER_PAGO,,1031,2025-08-28,,,,,Aplicado en lote: correccion automatica de fecha primer pago,SOLUCIONADO,111113612004634,111113612004634,2026-04-09 16:45:00,2026-04-10 15:37:34,2026-04-10 15:37:34
106,CORRECCION_FECHA_PRIMER_PAGO,,1033,2025-11-27,,,,,Aplicado en lote: correccion automatica de fecha primer pago,SOLUCIONADO,111113612004634,111113612004634,2026-04-09 16:47:10,2026-04-10 15:37:34,2026-04-10 15:37:34
107,CORRECCION_MONTO_PAGO,,1034,,1093.80,1688.50,,,Aplicado en lote: correccion automatica de monto de pago,SOLUCIONADO,111113612004634,111113612004634,2026-04-09 16:48:06,2026-04-10 15:37:47,2026-04-10 15:37:47
108,CORRECCION_FECHA_PRIMER_PAGO,,1035,2026-01-08,,,,,Aplicado en lote: correccion automatica de fecha primer pago,SOLUCIONADO,111113612004634,111113612004634,2026-04-09 16:49:12,2026-04-10 15:37:34,2026-04-10 15:37:34
109,CORRECCION_FECHA_PRIMER_PAGO,,1037,2025-12-04,,,,,Aplicado en lote: correccion automatica de fecha primer pago,SOLUCIONADO,111113612004634,111113612004634,2026-04-09 16:50:53,2026-04-10 15:37:34,2026-04-10 15:37:34
110,CORRECCION_FECHA_PRIMER_PAGO,,1038,2025-11-20,,,,,Aplicado en lote: correccion automatica de fecha primer pago,SOLUCIONADO,111113612004634,111113612004634,2026-04-09 16:52:09,2026-04-10 15:37:34,2026-04-10 15:37:34
111,CORRECCION_FECHA_PRIMER_PAGO,,1040,2026-02-19,,,,,Aplicado en lote: correccion automatica de fecha primer pago,SOLUCIONADO,111113612004634,111113612004634,2026-04-09 16:53:58,2026-04-10 15:37:34,2026-04-10 15:37:34
112,CORRECCION_FECHA_PRIMER_PAGO,,1039,2025-12-04,,,,,Aplicado en lote: correccion automatica de fecha primer pago,SOLUCIONADO,111113612004634,111113612004634,2026-04-09 16:54:49,2026-04-10 15:37:34,2026-04-10 15:37:34
113,CORRECCION_FECHA_PRIMER_PAGO,,1042,2026-01-29,,,,,Aplicado en lote: correccion automatica de fecha primer pago,SOLUCIONADO,111113612004634,111113612004634,2026-04-09 16:56:11,2026-04-10 15:37:34,2026-04-10 15:37:34
114,CORRECCION_FECHA_PRIMER_PAGO,,1043,2026-01-22,,,,,Aplicado en lote: correccion automatica de fecha primer pago,SOLUCIONADO,111113612004634,111113612004634,2026-04-09 16:57:49,2026-04-10 15:37:34,2026-04-10 15:37:34
115,CORRECCION_FECHA_PRIMER_PAGO,,1044,2025-12-11,,,,,Aplicado en lote: correccion automatica de fecha primer pago,SOLUCIONADO,111113612004634,111113612004634,2026-04-09 16:58:45,2026-04-10 15:37:34,2026-04-10 15:37:34
116,CORRECCION_FECHA_PRIMER_PAGO,,1045,2026-02-05,,,,,Aplicado en lote: correccion automatica de fecha primer pago,SOLUCIONADO,111113612004634,111113612004634,2026-04-09 16:59:52,2026-04-10 15:37:34,2026-04-10 15:37:34
117,CORRECCION_FECHA_PRIMER_PAGO,,1048,2025-11-20,,,,,Aplicado en lote: correccion automatica de fecha primer pago,SOLUCIONADO,111113612004634,111113612004634,2026-04-09 17:02:37,2026-04-10 15:37:34,2026-04-10 15:37:34
118,CORRECCION_FECHA_PRIMER_PAGO,,1049,2026-11-20,,,,,Aplicado en lote: correccion automatica de fecha primer pago,SOLUCIONADO,111113612004634,111113612004634,2026-04-09 17:03:39,2026-04-10 15:37:34,2026-04-10 15:37:34
119,CORRECCION_FECHA_PRIMER_PAGO,,1050,2026-03-12,,,,,Aplicado en lote: correccion automatica de fecha primer pago,SOLUCIONADO,111113612004634,111113612004634,2026-04-09 17:04:32,2026-04-10 15:37:34,2026-04-10 15:37:34
120,CORRECCION_FECHA_PRIMER_PAGO,,1148,2026-02-26,,,,,Aplicado en lote: correccion automatica de fecha primer pago,SOLUCIONADO,111113612004634,111113612004634,2026-04-09 17:09:06,2026-04-10 15:37:34,2026-04-10 15:37:34
121,CORRECCION_FECHA_PRIMER_PAGO,,1150,2026-02-19,,,,,Aplicado en lote: correccion automatica de fecha primer pago,SOLUCIONADO,111113612004634,111113612004634,2026-04-09 17:10:04,2026-04-10 15:37:34,2026-04-10 15:37:34
122,CORRECCION_FECHA_PRIMER_PAGO,,1151,2026-01-15,,,,,Aplicado en lote: correccion automatica de fecha primer pago,SOLUCIONADO,111113612004634,111113612004634,2026-04-09 17:11:38,2026-04-10 15:37:34,2026-04-10 15:37:34
123,CORRECCION_FECHA_PRIMER_PAGO,,1152,2026-02-26,,,,,Aplicado en lote: correccion automatica de fecha primer pago,SOLUCIONADO,111113612004634,111113612004634,2026-04-09 17:13:13,2026-04-10 15:37:34,2026-04-10 15:37:34
124,CORRECCION_FECHA_PRIMER_PAGO,,1153,2025-09-18,,,,,Aplicado en lote: correccion automatica de fecha primer pago,SOLUCIONADO,111113612004634,111113612004634,2026-04-09 17:14:37,2026-04-10 15:37:34,2026-04-10 15:37:34
125,CORRECCION_FECHA_PRIMER_PAGO,,1154,2026-02-26,,,,,Aplicado en lote: correccion automatica de fecha primer pago,SOLUCIONADO,111113612004634,111113612004634,2026-04-09 17:16:23,2026-04-10 15:37:34,2026-04-10 15:37:34
126,CORRECCION_FECHA_PRIMER_PAGO,,1155,2025-10-30,,,,,Aplicado en lote: correccion automatica de fecha primer pago,SOLUCIONADO,111113612004634,111113612004634,2026-04-09 17:17:55,2026-04-10 15:37:34,2026-04-10 15:37:34
127,CORRECCION_FECHA_PRIMER_PAGO,,1157,2026-01-22,,,,,Aplicado en lote: correccion automatica de fecha primer pago,SOLUCIONADO,111113612004634,111113612004634,2026-04-09 17:20:02,2026-04-10 15:37:34,2026-04-10 15:37:34
128,CORRECCION_FECHA_PRIMER_PAGO,,1159,2025-10-09,,,,,Aplicado en lote: correccion automatica de fecha primer pago,SOLUCIONADO,111113612004634,111113612004634,2026-04-09 17:21:29,2026-04-10 15:37:34,2026-04-10 15:37:34
129,CORRECCION_FECHA_PRIMER_PAGO,,1158,2026-03-05,,,,,Aplicado en lote: correccion automatica de fecha primer pago,SOLUCIONADO,111113612004634,111113612004634,2026-04-09 17:22:32,2026-04-10 15:37:34,2026-04-10 15:37:34
130,CORRECCION_FECHA_PRIMER_PAGO,,1160,2026-01-15,,,,,Aplicado en lote: correccion automatica de fecha primer pago,SOLUCIONADO,111113612004634,111113612004634,2026-04-09 17:24:03,2026-04-10 15:37:34,2026-04-10 15:37:34
131,CORRECCION_MONTO_PAGO,,1161,,666.70,864.00,,,Aplicado en lote: correccion automatica de monto de pago,SOLUCIONADO,111113612004634,111113612004634,2026-04-09 17:26:37,2026-04-10 15:37:47,2026-04-10 15:37:47
132,CORRECCION_FECHA_PRIMER_PAGO,,1162,2026-01-15,,,,,Aplicado en lote: correccion automatica de fecha primer pago,SOLUCIONADO,111113612004634,111113612004634,2026-04-09 17:27:46,2026-04-10 15:37:34,2026-04-10 15:37:34
133,CORRECCION_FECHA_PRIMER_PAGO,,1163,2026-02-19,,,,,Aplicado en lote: correccion automatica de fecha primer pago,SOLUCIONADO,111113612004634,111113612004634,2026-04-09 17:29:12,2026-04-10 15:37:34,2026-04-10 15:37:34
134,CORRECCION_FECHA_PRIMER_PAGO,,1165,2026-01-15,,,,,Aplicado en lote: correccion automatica de fecha primer pago,SOLUCIONADO,111113612004634,111113612004634,2026-04-09 17:31:10,2026-04-10 15:37:34,2026-04-10 15:37:34
135,CORRECCION_FECHA_PRIMER_PAGO,,1166,2026-04-02,,,,,Aplicado en lote: correccion automatica de fecha primer pago,SOLUCIONADO,111113612004634,111113612004634,2026-04-09 17:31:56,2026-04-10 15:37:34,2026-04-10 15:37:34
136,CORRECCION_MONTO_PAGO,,1166,,333.30,432.00,,,Aplicado en lote: correccion automatica de monto de pago,SOLUCIONADO,111113612004634,111113612004634,2026-04-09 17:32:13,2026-04-10 15:37:47,2026-04-10 15:37:47
137,CORRECCION_FECHA_PRIMER_PAGO,,1168,2026-01-22,,,,,Aplicado en lote: correccion automatica de fecha primer pago,SOLUCIONADO,111113612004634,111113612004634,2026-04-09 17:34:27,2026-04-10 15:37:34,2026-04-10 15:37:34
138,CORRECCION_FECHA_PRIMER_PAGO,,1169,2026-01-22,,,,,Aplicado en lote: correccion automatica de fecha primer pago,SOLUCIONADO,111113612004634,111113612004634,2026-04-09 17:35:24,2026-04-10 15:37:34,2026-04-10 15:37:34
139,CORRECCION_FECHA_PRIMER_PAGO,,1170,2026-01-29,,,,,Aplicado en lote: correccion automatica de fecha primer pago,SOLUCIONADO,111113612004634,111113612004634,2026-04-09 17:36:42,2026-04-10 15:37:34,2026-04-10 15:37:34
140,CORRECCION_FECHA_PRIMER_PAGO,,1171,2026-01-29,,,,,Aplicado en lote: correccion automatica de fecha primer pago,SOLUCIONADO,111113612004634,111113612004634,2026-04-09 17:38:32,2026-04-10 15:37:34,2026-04-10 15:37:34
141,CORRECCION_FECHA_PRIMER_PAGO,,1172,2026-01-15,,,,,Aplicado en lote: correccion automatica de fecha primer pago,SOLUCIONADO,111113612004634,111113612004634,2026-04-09 17:40:29,2026-04-10 15:37:34,2026-04-10 15:37:34
142,CORRECCION_FECHA_PRIMER_PAGO,,1173,2026-01-01,,,,,Aplicado en lote: correccion automatica de fecha primer pago,SOLUCIONADO,111113612004634,111113612004634,2026-04-09 17:41:37,2026-04-10 15:37:34,2026-04-10 15:37:34
143,CORRECCION_FECHA_PRIMER_PAGO,,1175,2026-02-12,,,,,Aplicado en lote: correccion automatica de fecha primer pago,SOLUCIONADO,111113612004634,111113612004634,2026-04-09 17:42:42,2026-04-10 15:37:34,2026-04-10 15:37:34
144,CORRECCION_FECHA_PRIMER_PAGO,,1174,2026-01-01,,,,,Aplicado en lote: correccion automatica de fecha primer pago,SOLUCIONADO,111113612004634,111113612004634,2026-04-09 17:43:42,2026-04-10 15:37:34,2026-04-10 15:37:34
145,CORRECCION_FECHA_PRIMER_PAGO,,1176,2026-01-01,,,,,Aplicado en lote: correccion automatica de fecha primer pago,SOLUCIONADO,111113612004634,111113612004634,2026-04-09 17:44:53,2026-04-10 15:37:34,2026-04-10 15:37:34
146,CORRECCION_FECHA_PRIMER_PAGO,,1177,2026-01-08,,,,,Aplicado en lote: correccion automatica de fecha primer pago,SOLUCIONADO,111113612004634,111113612004634,2026-04-09 17:46:14,2026-04-10 15:37:34,2026-04-10 15:37:34
147,CORRECCION_FECHA_PRIMER_PAGO,,1178,2026-01-15,,,,,Aplicado en lote: correccion automatica de fecha primer pago,SOLUCIONADO,111113612004634,111113612004634,2026-04-09 17:47:18,2026-04-10 15:37:34,2026-04-10 15:37:34
148,CORRECCION_FECHA_PRIMER_PAGO,,1418,2026-01-29,,,,,Aplicado en lote: correccion automatica de fecha primer pago,SOLUCIONADO,111113612004634,111113612004634,2026-04-09 17:49:31,2026-04-10 15:37:34,2026-04-10 15:37:34
149,CORRECCION_FECHA_PRIMER_PAGO,,1509,2025-11-20,,,,,Aplicado en lote: correccion automatica de fecha primer pago,SOLUCIONADO,111113612004634,111113612004634,2026-04-09 17:50:44,2026-04-10 15:37:34,2026-04-10 15:37:34
150,CORRECCION_FECHA_PRIMER_PAGO,,1510,2026-02-05,,,,,Aplicado en lote: correccion automatica de fecha primer pago,SOLUCIONADO,111113612004634,111113612004634,2026-04-09 17:51:31,2026-04-10 15:37:34,2026-04-10 15:37:34
151,CORRECCION_FECHA_PRIMER_PAGO,,1511,2026-01-01,,,,,Aplicado en lote: correccion automatica de fecha primer pago,SOLUCIONADO,111113612004634,111113612004634,2026-04-09 17:53:48,2026-04-10 15:37:34,2026-04-10 15:37:34
152,CORRECCION_FECHA_PRIMER_PAGO,,1513,2026-01-22,,,,,Aplicado en lote: correccion automatica de fecha primer pago,SOLUCIONADO,111113612004634,111113612004634,2026-04-09 18:08:07,2026-04-10 15:37:34,2026-04-10 15:37:34
153,CORRECCION_MONTO_PAGO,,1515,,544.40,706.00,,,Aplicado en lote: correccion automatica de monto de pago,SOLUCIONADO,111113612004634,111113612004634,2026-04-09 18:12:27,2026-04-10 15:37:47,2026-04-10 15:37:47
154,CORRECCION_FECHA_PRIMER_PAGO,,1516,2026-02-12,,,,,Aplicado en lote: correccion automatica de fecha primer pago,SOLUCIONADO,111113612004634,111113612004634,2026-04-09 18:13:54,2026-04-10 15:37:34,2026-04-10 15:37:34
155,CORRECCION_MONTO_PAGO,,1518,,333.30,512.00,,,Aplicado en lote: correccion automatica de monto de pago,SOLUCIONADO,111113612004634,111113612004634,2026-04-09 18:15:11,2026-04-10 15:37:47,2026-04-10 15:37:47
156,CORRECCION_FECHA_PRIMER_PAGO,,1520,2025-10-16,,,,,Aplicado en lote: correccion automatica de fecha primer pago,SOLUCIONADO,111113612004634,111113612004634,2026-04-09 18:23:21,2026-04-10 15:37:34,2026-04-10 15:37:34
157,CORRECCION_FECHA_PRIMER_PAGO,,1519,2026-12-25,,,,,Aplicado en lote: correccion automatica de fecha primer pago,SOLUCIONADO,111113612004634,111113612004634,2026-04-09 18:26:11,2026-04-10 15:37:34,2026-04-10 15:37:34
158,CORRECCION_FECHA_PRIMER_PAGO,,1533,2026-01-01,,,,,Aplicado en lote: correccion automatica de fecha primer pago,SOLUCIONADO,111113612004634,111113612004634,2026-04-09 18:27:56,2026-04-10 15:37:34,2026-04-10 15:37:34
159,CORRECCION_FECHA_PRIMER_PAGO,,1532,2025-12-25,,,,,Aplicado en lote: correccion automatica de fecha primer pago,SOLUCIONADO,111113612004634,111113612004634,2026-04-09 18:28:41,2026-04-10 15:37:34,2026-04-10 15:37:34
160,CORRECCION_FECHA_PRIMER_PAGO,,1534,2025-12-25,,,,,Aplicado en lote: correccion automatica de fecha primer pago,SOLUCIONADO,111113612004634,111113612004634,2026-04-09 18:29:35,2026-04-10 15:37:34,2026-04-10 15:37:34
161,CORRECCION_MONTO_PAGO,,1535,,544.40,706.00,,,Aplicado en lote: correccion automatica de monto de pago,SOLUCIONADO,111113612004634,111113612004634,2026-04-09 18:30:51,2026-04-10 15:37:47,2026-04-10 15:37:47
162,CORRECCION_FECHA_PRIMER_PAGO,,1536,2025-12-11,,,,,Aplicado en lote: correccion automatica de fecha primer pago,SOLUCIONADO,111113612004634,111113612004634,2026-04-09 18:31:51,2026-04-10 15:37:34,2026-04-10 15:37:34
163,CORRECCION_FECHA_PRIMER_PAGO,,1537,2025-09-25,,,,,Aplicado en lote: correccion automatica de fecha primer pago,SOLUCIONADO,111113612004634,111113612004634,2026-04-09 18:32:49,2026-04-10 15:37:34,2026-04-10 15:37:34
164,CORRECCION_FECHA_PRIMER_PAGO,,1538,2026-01-08,,,,,Aplicado en lote: correccion automatica de fecha primer pago,SOLUCIONADO,111113612004634,111113612004634,2026-04-09 18:33:46,2026-04-10 15:37:34,2026-04-10 15:37:34
165,CORRECCION_FECHA_PRIMER_PAGO,,1431,2026-02-12,,,,,Aplicado en lote: correccion automatica de fecha primer pago,SOLUCIONADO,111113612004634,111113612004634,2026-04-09 19:11:46,2026-04-10 15:37:34,2026-04-10 15:37:34
166,CORRECCION_MONTO_PAGO,,1433,,408.33,588.00,,,Aplicado en lote: correccion automatica de monto de pago,SOLUCIONADO,111113612004634,111113612004634,2026-04-09 19:13:17,2026-04-10 15:37:47,2026-04-10 15:37:47
167,CORRECCION_FECHA_PRIMER_PAGO,,1434,2025-09-18,,,,,Aplicado en lote: correccion automatica de fecha primer pago,SOLUCIONADO,111113612004634,111113612004634,2026-04-09 19:14:18,2026-04-10 15:37:34,2026-04-10 15:37:34
168,CORRECCION_FECHA_PRIMER_PAGO,,1435,2026-01-29,,,,,Aplicado en lote: correccion automatica de fecha primer pago,SOLUCIONADO,111113612004634,111113612004634,2026-04-09 19:16:59,2026-04-10 15:37:34,2026-04-10 15:37:34
169,CORRECCION_FECHA_PRIMER_PAGO,,1436,2025-12-11,,,,,Aplicado en lote: correccion automatica de fecha primer pago,SOLUCIONADO,111113612004634,111113612004634,2026-04-09 19:17:53,2026-04-10 15:37:34,2026-04-10 15:37:34
170,CORRECCION_FECHA_PRIMER_PAGO,,1437,2026-02-12,,,,,Aplicado en lote: correccion automatica de fecha primer pago,SOLUCIONADO,111113612004634,111113612004634,2026-04-09 19:18:57,2026-04-10 15:37:34,2026-04-10 15:37:34
171,CORRECCION_FECHA_PRIMER_PAGO,,1438,2025-11-20,,,,,Aplicado en lote: correccion automatica de fecha primer pago,SOLUCIONADO,111113612004634,111113612004634,2026-04-09 19:19:51,2026-04-10 15:37:34,2026-04-10 15:37:34
172,CORRECCION_FECHA_PRIMER_PAGO,,1439,2026-02-12,,,,,Aplicado en lote: correccion automatica de fecha primer pago,SOLUCIONADO,111113612004634,111113612004634,2026-04-09 19:21:02,2026-04-10 15:37:34,2026-04-10 15:37:34
173,CORRECCION_FECHA_PRIMER_PAGO,,1440,2025-11-13,,,,,Aplicado en lote: correccion automatica de fecha primer pago,SOLUCIONADO,111113612004634,111113612004634,2026-04-09 19:22:05,2026-04-10 15:37:34,2026-04-10 15:37:34
174,CORRECCION_FECHA_PRIMER_PAGO,,1441,2026-02-12,,,,,Aplicado en lote: correccion automatica de fecha primer pago,SOLUCIONADO,111113612004634,111113612004634,2026-04-09 19:22:55,2026-04-10 15:37:34,2026-04-10 15:37:34
175,CORRECCION_FECHA_PRIMER_PAGO,,1443,2025-07-24,,,,,Aplicado en lote: correccion automatica de fecha primer pago,SOLUCIONADO,111113612004634,111113612004634,2026-04-09 19:24:22,2026-04-10 15:37:34,2026-04-10 15:37:34
176,CORRECCION_FECHA_PRIMER_PAGO,,1442,2026-01-08,,,,,Aplicado en lote: correccion automatica de fecha primer pago,SOLUCIONADO,111113612004634,111113612004634,2026-04-09 19:25:03,2026-04-10 15:37:34,2026-04-10 15:37:34
177,CORRECCION_FECHA_PRIMER_PAGO,,1445,2026-01-08,,,,,Aplicado en lote: correccion automatica de fecha primer pago,SOLUCIONADO,111113612004634,111113612004634,2026-04-09 19:27:22,2026-04-10 15:37:34,2026-04-10 15:37:34
178,CORRECCION_FECHA_PRIMER_PAGO,,1446,2025-11-20,,,,,Aplicado en lote: correccion automatica de fecha primer pago,SOLUCIONADO,111113612004634,111113612004634,2026-04-09 19:28:11,2026-04-10 15:37:34,2026-04-10 15:37:34
179,CORRECCION_FECHA_PRIMER_PAGO,,1447,2026-01-08,,,,,Aplicado en lote: correccion automatica de fecha primer pago,SOLUCIONADO,111113612004634,111113612004634,2026-04-09 19:28:54,2026-04-10 15:37:34,2026-04-10 15:37:34
180,CORRECCION_FECHA_PRIMER_PAGO,,1448,2026-02-19,,,,,Aplicado en lote: correccion automatica de fecha primer pago,SOLUCIONADO,111113612004634,111113612004634,2026-04-09 19:29:40,2026-04-10 15:37:34,2026-04-10 15:37:34
181,CORRECCION_FECHA_PRIMER_PAGO,,1449,2026-01-01,,,,,Aplicado en lote: correccion automatica de fecha primer pago,SOLUCIONADO,111113612004634,111113612004634,2026-04-09 19:30:54,2026-04-10 15:37:34,2026-04-10 15:37:34
182,CORRECCION_FECHA_PRIMER_PAGO,,1450,2025-12-04,,,,,Aplicado en lote: correccion automatica de fecha primer pago,SOLUCIONADO,111113612004634,111113612004634,2026-04-09 19:31:50,2026-04-10 15:37:34,2026-04-10 15:37:34
183,CORRECCION_FECHA_PRIMER_PAGO,,1454,2026-02-12,,,,,Aplicado en lote: correccion automatica de fecha primer pago,SOLUCIONADO,111113612004634,111113612004634,2026-04-09 19:35:40,2026-04-10 15:37:34,2026-04-10 15:37:34
184,CORRECCION_FECHA_PRIMER_PAGO,,1455,2025-09-04,,,,,Aplicado en lote: correccion automatica de fecha primer pago,SOLUCIONADO,111113612004634,111113612004634,2026-04-09 19:36:59,2026-04-10 15:37:34,2026-04-10 15:37:34
185,CORRECCION_FECHA_PRIMER_PAGO,,1485,2025-09-04,,,,,Aplicado en lote: correccion automatica de fecha primer pago,SOLUCIONADO,111113612004634,111113612004634,2026-04-09 19:38:18,2026-04-10 15:37:34,2026-04-10 15:37:34
186,CORRECCION_FECHA_PRIMER_PAGO,,1489,2026-02-19,,,,,Aplicado en lote: correccion automatica de fecha primer pago,SOLUCIONADO,111113612004634,111113612004634,2026-04-09 19:42:08,2026-04-10 15:37:34,2026-04-10 15:37:34
187,CORRECCION_FECHA_PRIMER_PAGO,,1488,2025-12-11,,,,,Aplicado en lote: correccion automatica de fecha primer pago,SOLUCIONADO,111113612004634,111113612004634,2026-04-09 19:42:55,2026-04-10 15:37:34,2026-04-10 15:37:34
188,CORRECCION_FECHA_PRIMER_PAGO,,1490,2025-12-11,,,,,Aplicado en lote: correccion automatica de fecha primer pago,SOLUCIONADO,111113612004634,111113612004634,2026-04-09 19:43:43,2026-04-10 15:37:34,2026-04-10 15:37:34
189,CORRECCION_MONTO_PAGO,,1492,,153.90,200.00,,,Aplicado en lote: correccion automatica de monto de pago,SOLUCIONADO,111113612004634,111113612004634,2026-04-09 19:44:38,2026-04-10 15:37:47,2026-04-10 15:37:47
190,CORRECCION_FECHA_PRIMER_PAGO,,1491,2025-12-04,,,,,Aplicado en lote: correccion automatica de fecha primer pago,SOLUCIONADO,111113612004634,111113612004634,2026-04-09 19:45:43,2026-04-10 15:37:34,2026-04-10 15:37:34
191,CORRECCION_FECHA_PRIMER_PAGO,,1493,2026-01-22,,,,,Aplicado en lote: correccion automatica de fecha primer pago,SOLUCIONADO,111113612004634,111113612004634,2026-04-09 19:46:36,2026-04-10 15:37:34,2026-04-10 15:37:34
192,CORRECCION_FECHA_PRIMER_PAGO,,1494,2026-01-01,,,,,Aplicado en lote: correccion automatica de fecha primer pago,SOLUCIONADO,111113612004634,111113612004634,2026-04-09 19:48:15,2026-04-10 15:37:34,2026-04-10 15:37:34
193,CORRECCION_FECHA_PRIMER_PAGO,,1495,2025-07-31,,,,,Aplicado en lote: correccion automatica de fecha primer pago,SOLUCIONADO,111113612004634,111113612004634,2026-04-09 19:48:51,2026-04-10 15:37:34,2026-04-10 15:37:34
194,CORRECCION_FECHA_PRIMER_PAGO,,1496,2026-02-05,,,,,Aplicado en lote: correccion automatica de fecha primer pago,SOLUCIONADO,111113612004634,111113612004634,2026-04-09 19:49:47,2026-04-10 15:37:34,2026-04-10 15:37:34
195,CORRECCION_FECHA_PRIMER_PAGO,,1497,2026-02-05,,,,,Aplicado en lote: correccion automatica de fecha primer pago,SOLUCIONADO,111113612004634,111113612004634,2026-04-09 19:50:44,2026-04-10 15:37:34,2026-04-10 15:37:34
196,CORRECCION_FECHA_PRIMER_PAGO,,1498,2025-11-27,,,,,Aplicado en lote: correccion automatica de fecha primer pago,SOLUCIONADO,111113612004634,111113612004634,2026-04-09 19:51:55,2026-04-10 15:37:34,2026-04-10 15:37:34
197,CORRECCION_FECHA_PRIMER_PAGO,,1500,2025-12-04,,,,,Aplicado en lote: correccion automatica de fecha primer pago,SOLUCIONADO,111113612004634,111113612004634,2026-04-09 19:53:07,2026-04-10 15:37:34,2026-04-10 15:37:34
198,CORRECCION_FECHA_PRIMER_PAGO,,1499,2025-11-20,,,,,Aplicado en lote: correccion automatica de fecha primer pago,SOLUCIONADO,111113612004634,111113612004634,2026-04-09 19:54:00,2026-04-10 15:37:34,2026-04-10 15:37:34
199,CORRECCION_FECHA_PRIMER_PAGO,,1501,2026-01-08,,,,,Aplicado en lote: correccion automatica de fecha primer pago,SOLUCIONADO,111113612004634,111113612004634,2026-04-09 19:55:04,2026-04-10 15:37:34,2026-04-10 15:37:34
200,CORRECCION_FECHA_PRIMER_PAGO,,1502,2026-02-26,,,,,Aplicado en lote: correccion automatica de fecha primer pago,SOLUCIONADO,111113612004634,111113612004634,2026-04-09 19:56:06,2026-04-10 15:37:34,2026-04-10 15:37:34
201,CORRECCION_FECHA_PRIMER_PAGO,,1505,2025-11-13,,,,,Aplicado en lote: correccion automatica de fecha primer pago,SOLUCIONADO,111113612004634,111113612004634,2026-04-09 19:58:08,2026-04-10 15:37:34,2026-04-10 15:37:34
202,CORRECCION_FECHA_PRIMER_PAGO,,1506,2026-01-15,,,,,Aplicado en lote: correccion automatica de fecha primer pago,SOLUCIONADO,111113612004634,111113612004634,2026-04-09 19:58:58,2026-04-10 15:37:34,2026-04-10 15:37:34
203,CORRECCION_FECHA_PRIMER_PAGO,,1507,2026-01-15,,,,,Aplicado en lote: correccion automatica de fecha primer pago,SOLUCIONADO,111113612004634,111113612004634,2026-04-09 19:59:26,2026-04-10 15:37:34,2026-04-10 15:37:34
204,CORRECCION_FECHA_PRIMER_PAGO,,1508,2026-02-19,,,,,Aplicado en lote: correccion automatica de fecha primer pago,SOLUCIONADO,111113612004634,111113612004634,2026-04-09 20:00:06,2026-04-10 15:37:34,2026-04-10 15:37:34
205,CORRECCION_FECHA_PRIMER_PAGO,,1676,2026-04-17,,,,,Aplicado en lote: correccion automatica de fecha primer pago,SOLUCIONADO,111113612004634,111113612004634,2026-04-09 20:47:57,2026-04-10 15:37:34,2026-04-10 15:37:34
206,CORRECCION_FECHA_PRIMER_PAGO,,916,2025-10-15,,,,,Aplicado en lote: correccion automatica de fecha primer pago,SOLUCIONADO,111113612004634,111113612004634,2026-04-10 15:35:06,2026-04-10 15:37:34,2026-04-10 15:37:34
207,CORRECCION_FECHA_PRIMER_PAGO,,1325,2025-09-24,,,,,Aplicado en lote: correccion automatica de fecha de primer pago,SOLUCIONADO,111113612004634,111113612004634,2026-04-13 21:46:59,2026-04-14 16:31:17,2026-04-14 16:31:17
208,CORRECCION_FECHA_PRIMER_PAGO,,1361,2026-01-28,,,,,Aplicado en lote: correccion automatica de fecha de primer pago,SOLUCIONADO,111113612004634,111113612004634,2026-04-13 21:50:12,2026-04-14 16:31:17,2026-04-14 16:31:17
209,CORRECCION_FECHA_PRIMER_PAGO,,942,2026-02-27,,,,,Aplicado en lote: correccion automatica de fecha de primer pago (si hubo duplicado se tomo la solicitud mas reciente por prestamo),SOLUCIONADO,111113612004634,111113612004634,2026-04-14 16:43:49,2026-04-15 16:01:03,2026-04-15 16:01:03
210,CORRECCION_FECHA_PRIMER_PAGO,,943,2025-12-26,,,,,Aplicado en lote: correccion automatica de fecha de primer pago (si hubo duplicado se tomo la solicitud mas reciente por prestamo),SOLUCIONADO,111113612004634,111113612004634,2026-04-14 16:44:31,2026-04-15 16:01:03,2026-04-15 16:01:03
211,CORRECCION_FECHA_PRIMER_PAGO,,946,2026-02-27,,,,,Aplicado en lote: correccion automatica de fecha de primer pago (si hubo duplicado se tomo la solicitud mas reciente por prestamo),SOLUCIONADO,111113612004634,111113612004634,2026-04-14 16:48:51,2026-04-15 16:01:03,2026-04-15 16:01:03
212,CORRECCION_FECHA_PRIMER_PAGO,,947,2026-01-16,,,,,Aplicado en lote: correccion automatica de fecha de primer pago (si hubo duplicado se tomo la solicitud mas reciente por prestamo),SOLUCIONADO,111113612004634,111113612004634,2026-04-14 16:49:46,2026-04-15 16:01:03,2026-04-15 16:01:03
213,CORRECCION_FECHA_PRIMER_PAGO,,948,2026-02-27,,,,,Aplicado en lote: correccion automatica de fecha de primer pago (si hubo duplicado se tomo la solicitud mas reciente por prestamo),SOLUCIONADO,111113612004634,111113612004634,2026-04-14 16:52:22,2026-04-15 16:01:03,2026-04-15 16:01:03
214,CORRECCION_FECHA_PRIMER_PAGO,,948,2026-02-27,,,,,Aplicado en lote: correccion automatica de fecha de primer pago (si hubo duplicado se tomo la solicitud mas reciente por prestamo),SOLUCIONADO,111113612004634,111113612004634,2026-04-14 16:53:24,2026-04-15 16:01:03,2026-04-15 16:01:03
215,CORRECCION_FECHA_PRIMER_PAGO,,949,2025-11-14,,,,,Aplicado en lote: correccion automatica de fecha de primer pago (si hubo duplicado se tomo la solicitud mas reciente por prestamo),SOLUCIONADO,111113612004634,111113612004634,2026-04-14 16:55:23,2026-04-15 16:01:03,2026-04-15 16:01:03
216,CORRECCION_FECHA_PRIMER_PAGO,,978,2025-12-12,,,,,Aplicado en lote: correccion automatica de fecha de primer pago (si hubo duplicado se tomo la solicitud mas reciente por prestamo),SOLUCIONADO,111113612004634,111113612004634,2026-04-14 16:56:58,2026-04-15 16:01:03,2026-04-15 16:01:03
217,CORRECCION_FECHA_PRIMER_PAGO,,979,2025-12-12,,,,,Aplicado en lote: correccion automatica de fecha de primer pago (si hubo duplicado se tomo la solicitud mas reciente por prestamo),SOLUCIONADO,111113612004634,111113612004634,2026-04-14 16:59:21,2026-04-15 16:01:03,2026-04-15 16:01:03
218,CORRECCION_FECHA_PRIMER_PAGO,,980,2025-12-12,,,,,Aplicado en lote: correccion automatica de fecha de primer pago (si hubo duplicado se tomo la solicitud mas reciente por prestamo),SOLUCIONADO,111113612004634,111113612004634,2026-04-14 17:01:31,2026-04-15 16:01:03,2026-04-15 16:01:03
219,CORRECCION_FECHA_PRIMER_PAGO,,981,2025-12-12,,,,,Aplicado en lote: correccion automatica de fecha de primer pago (si hubo duplicado se tomo la solicitud mas reciente por prestamo),SOLUCIONADO,111113612004634,111113612004634,2026-04-14 17:03:22,2026-04-15 16:01:03,2026-04-15 16:01:03
220,CORRECCION_FECHA_PRIMER_PAGO,,1056,2026-02-06,,,,,Aplicado en lote: correccion automatica de fecha de primer pago (si hubo duplicado se tomo la solicitud mas reciente por prestamo),SOLUCIONADO,111113612004634,111113612004634,2026-04-14 17:11:47,2026-04-15 16:01:03,2026-04-15 16:01:03
221,CORRECCION_FECHA_PRIMER_PAGO,,1057,2026-02-06,,,,,Aplicado en lote: correccion automatica de fecha de primer pago (si hubo duplicado se tomo la solicitud mas reciente por prestamo),SOLUCIONADO,111113612004634,111113612004634,2026-04-14 17:12:54,2026-04-15 16:01:03,2026-04-15 16:01:03
222,CORRECCION_FECHA_PRIMER_PAGO,,1058,2026-02-06,,,,,Aplicado en lote: correccion automatica de fecha de primer pago (si hubo duplicado se tomo la solicitud mas reciente por prestamo),SOLUCIONADO,111113612004634,111113612004634,2026-04-14 17:13:52,2026-04-15 16:01:03,2026-04-15 16:01:03
223,CORRECCION_FECHA_PRIMER_PAGO,,1060,2025-12-26,,,,,Aplicado en lote: correccion automatica de fecha de primer pago (si hubo duplicado se tomo la solicitud mas reciente por prestamo),SOLUCIONADO,111113612004634,111113612004634,2026-04-14 17:15:32,2026-04-15 16:01:03,2026-04-15 16:01:03
224,CORRECCION_FECHA_PRIMER_PAGO,,1067,2026-02-27,,,,,Aplicado en lote: correccion automatica de fecha de primer pago (si hubo duplicado se tomo la solicitud mas reciente por prestamo),SOLUCIONADO,111113612004634,111113612004634,2026-04-14 17:25:29,2026-04-15 16:01:03,2026-04-15 16:01:03
225,CORRECCION_FECHA_PRIMER_PAGO,,1070,2026-02-13,,,,,Aplicado en lote: correccion automatica de fecha de primer pago (si hubo duplicado se tomo la solicitud mas reciente por prestamo),SOLUCIONADO,111113612004634,111113612004634,2026-04-14 17:28:39,2026-04-15 16:01:03,2026-04-15 16:01:03
226,CORRECCION_FECHA_PRIMER_PAGO,,1071,2026-02-20,,,,,Aplicado en lote: correccion automatica de fecha de primer pago (si hubo duplicado se tomo la solicitud mas reciente por prestamo),SOLUCIONADO,111113612004634,111113612004634,2026-04-14 17:29:53,2026-04-15 16:01:03,2026-04-15 16:01:03
227,CORRECCION_FECHA_PRIMER_PAGO,,1127,2026-03-20,,,,,Aplicado en lote: correccion automatica de fecha de primer pago (si hubo duplicado se tomo la solicitud mas reciente por prestamo),SOLUCIONADO,111113612004634,111113612004634,2026-04-14 17:31:35,2026-04-15 16:01:03,2026-04-15 16:01:03
228,CORRECCION_MONTO_PAGO,,1127,,541.70,780.00,,,Aplicado en lote: correccion automatica de monto de pago (si hubo duplicado se tomo la solicitud mas reciente por prestamo),SOLUCIONADO,111113612004634,111113612004634,2026-04-14 17:32:05,2026-04-15 16:01:30,2026-04-15 16:01:30
229,CORRECCION_MONTO_PAGO,,1129,,541.70,780.00,,,Aplicado en lote: correccion automatica de monto de pago (si hubo duplicado se tomo la solicitud mas reciente por prestamo),SOLUCIONADO,111113612004634,111113612004634,2026-04-14 17:33:28,2026-04-15 16:01:30,2026-04-15 16:01:30
230,CORRECCION_FECHA_PRIMER_PAGO,,1129,2026-03-20,,,,,Aplicado en lote: correccion automatica de fecha de primer pago (si hubo duplicado se tomo la solicitud mas reciente por prestamo),SOLUCIONADO,111113612004634,111113612004634,2026-04-14 17:33:50,2026-04-15 16:01:03,2026-04-15 16:01:03
231,CORRECCION_FECHA_PRIMER_PAGO,,1130,2025-08-22,,,,,Aplicado en lote: correccion automatica de fecha de primer pago (si hubo duplicado se tomo la solicitud mas reciente por prestamo),SOLUCIONADO,111113612004634,111113612004634,2026-04-14 17:34:36,2026-04-15 16:01:03,2026-04-15 16:01:03
232,CORRECCION_FECHA_PRIMER_PAGO,,1235,2025-11-28,,,,,Aplicado en lote: correccion automatica de fecha de primer pago (si hubo duplicado se tomo la solicitud mas reciente por prestamo),SOLUCIONADO,111113612004634,111113612004634,2026-04-14 17:42:19,2026-04-15 16:01:03,2026-04-15 16:01:03
233,CORRECCION_MONTO_PAGO,,1237,,781.30,1206.00,,,Aplicado en lote: correccion automatica de monto de pago (si hubo duplicado se tomo la solicitud mas reciente por prestamo),SOLUCIONADO,111113612004634,111113612004634,2026-04-14 17:44:46,2026-04-15 16:01:30,2026-04-15 16:01:30
234,CORRECCION_FECHA_PRIMER_PAGO,,1239,2025-12-26,,,,,Aplicado en lote: correccion automatica de fecha de primer pago (si hubo duplicado se tomo la solicitud mas reciente por prestamo),SOLUCIONADO,111113612004634,111113612004634,2026-04-14 17:47:47,2026-04-15 16:01:03,2026-04-15 16:01:03
235,CORRECCION_FECHA_PRIMER_PAGO,,1240,2025-12-26,,,,,Aplicado en lote: correccion automatica de fecha de primer pago (si hubo duplicado se tomo la solicitud mas reciente por prestamo),SOLUCIONADO,111113612004634,111113612004634,2026-04-14 17:48:54,2026-04-15 16:01:03,2026-04-15 16:01:03
236,CORRECCION_FECHA_PRIMER_PAGO,,1244,2026-01-16,,,,,Aplicado en lote: correccion automatica de fecha de primer pago (si hubo duplicado se tomo la solicitud mas reciente por prestamo),SOLUCIONADO,111113612004634,111113612004634,2026-04-14 17:53:16,2026-04-15 16:01:03,2026-04-15 16:01:03
237,CORRECCION_FECHA_PRIMER_PAGO,,1245,2025-11-14,,,,,Aplicado en lote: correccion automatica de fecha de primer pago (si hubo duplicado se tomo la solicitud mas reciente por prestamo),SOLUCIONADO,111113612004634,111113612004634,2026-04-14 17:56:30,2026-04-15 16:01:03,2026-04-15 16:01:03
238,CORRECCION_FECHA_PRIMER_PAGO,,1247,2026-03-06,,,,,Aplicado en lote: correccion automatica de fecha de primer pago (si hubo duplicado se tomo la solicitud mas reciente por prestamo),SOLUCIONADO,111113612004634,111113612004634,2026-04-14 17:59:05,2026-04-15 16:01:03,2026-04-15 16:01:03
239,CORRECCION_FECHA_PRIMER_PAGO,,1249,2026-03-06,,,,,Aplicado en lote: correccion automatica de fecha de primer pago (si hubo duplicado se tomo la solicitud mas reciente por prestamo),SOLUCIONADO,111113612004634,111113612004634,2026-04-14 18:01:12,2026-04-15 16:01:03,2026-04-15 16:01:03
240,CORRECCION_FECHA_PRIMER_PAGO,,1250,2026-03-06,,,,,Aplicado en lote: correccion automatica de fecha de primer pago (si hubo duplicado se tomo la solicitud mas reciente por prestamo),SOLUCIONADO,111113612004634,111113612004634,2026-04-14 18:02:33,2026-04-15 16:01:03,2026-04-15 16:01:03
241,CORRECCION_MONTO_PAGO,,1251,,291.70,420.00,,,Aplicado en lote: correccion automatica de monto de pago (si hubo duplicado se tomo la solicitud mas reciente por prestamo),SOLUCIONADO,111113612004634,111113612004634,2026-04-14 18:04:48,2026-04-15 16:01:30,2026-04-15 16:01:30
242,CORRECCION_FECHA_PRIMER_PAGO,,1253,2025-12-12,,,,,Aplicado en lote: correccion automatica de fecha de primer pago (si hubo duplicado se tomo la solicitud mas reciente por prestamo),SOLUCIONADO,111113612004634,111113612004634,2026-04-14 18:06:25,2026-04-15 16:01:03,2026-04-15 16:01:03
243,CORRECCION_FECHA_PRIMER_PAGO,,1254,2025-12-12,,,,,Aplicado en lote: correccion automatica de fecha de primer pago (si hubo duplicado se tomo la solicitud mas reciente por prestamo),SOLUCIONADO,111113612004634,111113612004634,2026-04-14 18:09:24,2026-04-15 16:01:03,2026-04-15 16:01:03
244,CORRECCION_FECHA_PRIMER_PAGO,,1255,2026-01-23,,,,,Aplicado en lote: correccion automatica de fecha de primer pago (si hubo duplicado se tomo la solicitud mas reciente por prestamo),SOLUCIONADO,111113612004634,111113612004634,2026-04-14 18:11:35,2026-04-15 16:01:03,2026-04-15 16:01:03
245,CORRECCION_FECHA_PRIMER_PAGO,,1257,2026-01-23,,,,,Aplicado en lote: correccion automatica de fecha de primer pago (si hubo duplicado se tomo la solicitud mas reciente por prestamo),SOLUCIONADO,111113612004634,111113612004634,2026-04-14 18:12:59,2026-04-15 16:01:03,2026-04-15 16:01:03
246,CORRECCION_FECHA_PRIMER_PAGO,,1258,2025-11-21,,,,,Aplicado en lote: correccion automatica de fecha de primer pago (si hubo duplicado se tomo la solicitud mas reciente por prestamo),SOLUCIONADO,111113612004634,111113612004634,2026-04-14 18:30:46,2026-04-15 16:01:03,2026-04-15 16:01:03
247,CORRECCION_MONTO_PAGO,,1262,,230.80,300.00,,,Aplicado en lote: correccion automatica de monto de pago (si hubo duplicado se tomo la solicitud mas reciente por prestamo),SOLUCIONADO,111113612004634,111113612004634,2026-04-14 18:36:25,2026-04-15 16:01:30,2026-04-15 16:01:30
248,CORRECCION_FECHA_PRIMER_PAGO,,1264,2026-01-16,,,,,Aplicado en lote: correccion automatica de fecha de primer pago (si hubo duplicado se tomo la solicitud mas reciente por prestamo),SOLUCIONADO,111113612004634,111113612004634,2026-04-14 18:39:00,2026-04-15 16:01:03,2026-04-15 16:01:03
249,CORRECCION_FECHA_PRIMER_PAGO,,1265,2025-10-10,,,,,Aplicado en lote: correccion automatica de fecha de primer pago (si hubo duplicado se tomo la solicitud mas reciente por prestamo),SOLUCIONADO,111113612004634,111113612004634,2026-04-14 18:40:02,2026-04-15 16:01:03,2026-04-15 16:01:03
250,CORRECCION_FECHA_PRIMER_PAGO,,1270,2026-02-06,,,,,Aplicado en lote: correccion automatica de fecha de primer pago (si hubo duplicado se tomo la solicitud mas reciente por prestamo),SOLUCIONADO,111113612004634,111113612004634,2026-04-14 18:44:52,2026-04-15 16:01:03,2026-04-15 16:01:03
251,CORRECCION_FECHA_PRIMER_PAGO,,1271,2025-10-31,,,,,Aplicado en lote: correccion automatica de fecha de primer pago (si hubo duplicado se tomo la solicitud mas reciente por prestamo),SOLUCIONADO,111113612004634,111113612004634,2026-04-14 18:46:17,2026-04-15 16:01:03,2026-04-15 16:01:03
252,CORRECCION_FECHA_PRIMER_PAGO,,1275,2026-01-23,,,,,Aplicado en lote: correccion automatica de fecha de primer pago (si hubo duplicado se tomo la solicitud mas reciente por prestamo),SOLUCIONADO,111113612004634,111113612004634,2026-04-14 18:50:04,2026-04-15 16:01:03,2026-04-15 16:01:03
253,CORRECCION_FECHA_PRIMER_PAGO,,1276,2025-12-26,,,,,Aplicado en lote: correccion automatica de fecha de primer pago (si hubo duplicado se tomo la solicitud mas reciente por prestamo),SOLUCIONADO,111113612004634,111113612004634,2026-04-14 18:51:36,2026-04-15 16:01:03,2026-04-15 16:01:03
254,CORRECCION_FECHA_PRIMER_PAGO,,1278,2025-09-26,,,,,Aplicado en lote: correccion automatica de fecha de primer pago (si hubo duplicado se tomo la solicitud mas reciente por prestamo),SOLUCIONADO,111113612004634,111113612004634,2026-04-14 18:52:31,2026-04-15 16:01:03,2026-04-15 16:01:03
255,CORRECCION_FECHA_PRIMER_PAGO,,1280,2025-11-21,,,,,Aplicado en lote: correccion automatica de fecha de primer pago (si hubo duplicado se tomo la solicitud mas reciente por prestamo),SOLUCIONADO,111113612004634,111113612004634,2026-04-14 18:54:33,2026-04-15 16:01:03,2026-04-15 16:01:03
256,CORRECCION_FECHA_PRIMER_PAGO,,1288,2026-02-06,,,,,Aplicado en lote: correccion automatica de fecha de primer pago (si hubo duplicado se tomo la solicitud mas reciente por prestamo),SOLUCIONADO,111113612004634,111113612004634,2026-04-14 19:03:21,2026-04-15 16:01:03,2026-04-15 16:01:03
257,CORRECCION_MONTO_PAGO,,1289,,1093.80,1688.50,,,Aplicado en lote: correccion automatica de monto de pago (si hubo duplicado se tomo la solicitud mas reciente por prestamo),SOLUCIONADO,111113612004634,111113612004634,2026-04-14 19:05:57,2026-04-15 16:01:30,2026-04-15 16:01:30
258,CORRECCION_FECHA_PRIMER_PAGO,,1291,2025-06-20,,,,,Aplicado en lote: correccion automatica de fecha de primer pago (si hubo duplicado se tomo la solicitud mas reciente por prestamo),SOLUCIONADO,111113612004634,111113612004634,2026-04-14 19:07:34,2026-04-15 16:01:03,2026-04-15 16:01:03
259,CORRECCION_FECHA_PRIMER_PAGO,,1292,2025-11-21,,,,,Aplicado en lote: correccion automatica de fecha de primer pago (si hubo duplicado se tomo la solicitud mas reciente por prestamo),SOLUCIONADO,111113612004634,111113612004634,2026-04-14 19:09:33,2026-04-15 16:01:03,2026-04-15 16:01:03
260,CORRECCION_FECHA_PRIMER_PAGO,,1294,2025-09-19,,,,,Aplicado en lote: correccion automatica de fecha de primer pago (si hubo duplicado se tomo la solicitud mas reciente por prestamo),SOLUCIONADO,111113612004634,111113612004634,2026-04-14 19:10:49,2026-04-15 16:01:03,2026-04-15 16:01:03
261,CORRECCION_MONTO_PAGO,,1295,,937.50,1447.00,,,Aplicado en lote: correccion automatica de monto de pago (si hubo duplicado se tomo la solicitud mas reciente por prestamo),SOLUCIONADO,111113612004634,111113612004634,2026-04-14 19:12:14,2026-04-15 16:01:30,2026-04-15 16:01:30
262,CORRECCION_FECHA_PRIMER_PAGO,,1297,2026-01-16,,,,,Aplicado en lote: correccion automatica de fecha de primer pago (si hubo duplicado se tomo la solicitud mas reciente por prestamo),SOLUCIONADO,111113612004634,111113612004634,2026-04-14 19:14:29,2026-04-15 16:01:03,2026-04-15 16:01:03
263,CORRECCION_FECHA_PRIMER_PAGO,,1298,2026-01-09,,,,,Aplicado en lote: correccion automatica de fecha de primer pago (si hubo duplicado se tomo la solicitud mas reciente por prestamo),SOLUCIONADO,111113612004634,111113612004634,2026-04-14 19:15:29,2026-04-15 16:01:03,2026-04-15 16:01:03
264,CORRECCION_FECHA_PRIMER_PAGO,,1305,2026-02-06,,,,,Aplicado en lote: correccion automatica de fecha de primer pago (si hubo duplicado se tomo la solicitud mas reciente por prestamo),SOLUCIONADO,111113612004634,111113612004634,2026-04-14 19:21:41,2026-04-15 16:01:03,2026-04-15 16:01:03
265,CORRECCION_FECHA_PRIMER_PAGO,,1307,2026-02-27,,,,,Aplicado en lote: correccion automatica de fecha de primer pago (si hubo duplicado se tomo la solicitud mas reciente por prestamo),SOLUCIONADO,111113612004634,111113612004634,2026-04-14 19:26:08,2026-04-15 16:01:03,2026-04-15 16:01:03
266,CORRECCION_FECHA_PRIMER_PAGO,,1309,2026-01-09,,,,,Aplicado en lote: correccion automatica de fecha de primer pago (si hubo duplicado se tomo la solicitud mas reciente por prestamo),SOLUCIONADO,111113612004634,111113612004634,2026-04-14 19:28:15,2026-04-15 16:01:03,2026-04-15 16:01:03
267,CORRECCION_FECHA_PRIMER_PAGO,,1310,2025-10-03,,,,,Aplicado en lote: correccion automatica de fecha de primer pago (si hubo duplicado se tomo la solicitud mas reciente por prestamo),SOLUCIONADO,111113612004634,111113612004634,2026-04-14 19:29:28,2026-04-15 16:01:03,2026-04-15 16:01:03
268,CORRECCION_FECHA_PRIMER_PAGO,,1311,2026-01-16,,,,,Aplicado en lote: correccion automatica de fecha de primer pago (si hubo duplicado se tomo la solicitud mas reciente por prestamo),SOLUCIONADO,111113612004634,111113612004634,2026-04-14 19:30:49,2026-04-15 16:01:03,2026-04-15 16:01:03
269,CORRECCION_FECHA_PRIMER_PAGO,,1313,2025-11-21,,,,,Aplicado en lote: correccion automatica de fecha de primer pago (si hubo duplicado se tomo la solicitud mas reciente por prestamo),SOLUCIONADO,111113612004634,111113612004634,2026-04-14 19:32:54,2026-04-15 16:01:03,2026-04-15 16:01:03
270,CORRECCION_FECHA_PRIMER_PAGO,,1314,2026-01-09,,,,,Aplicado en lote: correccion automatica de fecha de primer pago (si hubo duplicado se tomo la solicitud mas reciente por prestamo),SOLUCIONADO,111113612004634,111113612004634,2026-04-14 19:34:05,2026-04-15 16:01:03,2026-04-15 16:01:03
271,CORRECCION_FECHA_PRIMER_PAGO,,1315,2026-02-13,,,,,Aplicado en lote: correccion automatica de fecha de primer pago (si hubo duplicado se tomo la solicitud mas reciente por prestamo),SOLUCIONADO,111113612004634,111113612004634,2026-04-14 19:35:21,2026-04-15 16:01:03,2026-04-15 16:01:03
272,CORRECCION_FECHA_PRIMER_PAGO,,1319,2026-02-27,,,,,Aplicado en lote: correccion automatica de fecha de primer pago (si hubo duplicado se tomo la solicitud mas reciente por prestamo),SOLUCIONADO,111113612004634,111113612004634,2026-04-14 19:38:00,2026-04-15 16:01:03,2026-04-15 16:01:03
273,CORRECCION_FECHA_PRIMER_PAGO,,1558,2026-01-30,,,,,Aplicado en lote: correccion automatica de fecha de primer pago,SOLUCIONADO,111113612004634,111113612004634,2026-04-15 20:08:33,2026-04-16 14:39:02,2026-04-16 14:39:02
274,CORRECCION_FECHA_PRIMER_PAGO,,1732,2026-04-28,,,,,Procesado: se corrigio fecha de primer pago del prestamo 1732 moviendo calendario pendiente un dia (29->28).,SOLUCIONADO,111113612004634,111113612004634,2026-04-22 18:17:41,2026-04-22 18:37:33,2026-04-22 18:37:33
