id_detalle,id_mora_centro,id_cliente,pago_cliente,porcentaje_participacion,monto_multa_cliente,total_a_pagar_cliente,fecha_creacion
1,1,11112924530,780.00,1.0000,1716.00,2496.00,2026-03-29 02:00:00
2,2,11112984597,408.30,1.0000,898.26,1306.56,2026-03-30 02:00:00
3,3,11112707655,706.00,0.3551,1553.20,2259.20,2026-03-31 02:00:00
4,3,11112907887,576.00,0.2897,1267.20,1843.20,2026-03-31 02:00:00
5,3,11113205041,706.00,0.3551,1553.20,2259.20,2026-03-31 02:00:00
30,4,11112887138,888.00,0.7872,1953.60,2841.60,2026-04-01 13:54:49
31,4,11113168985,240.00,0.2128,528.00,768.00,2026-04-01 13:54:49
33,5,11113057488,388.90,1.0000,855.58,1244.48,2026-04-02 02:00:00
34,6,11112932017,300.00,0.1217,660.00,960.00,2026-04-03 02:00:00
35,6,11113005731,720.00,0.2921,1584.00,2304.00,2026-04-03 02:00:00
36,6,11113029053,1444.50,0.5861,3177.90,4622.40,2026-04-03 02:00:00
37,7,11112623811,480.00,1.0000,1056.00,1536.00,2026-04-04 02:00:00
38,8,11112924530,780.00,1.0000,1716.00,2496.00,2026-04-05 02:00:00
39,9,11112984597,408.30,1.0000,898.26,1306.56,2026-04-06 02:00:00
40,10,11112833441,256.00,0.4444,563.20,819.20,2026-04-06 18:40:14
41,10,11112956989,320.00,0.5556,704.00,1024.00,2026-04-06 18:40:14
43,11,11112899272,640.00,0.5212,1408.00,2048.00,2026-04-07 02:00:00
44,11,11112985973,587.90,0.4788,1293.38,1881.28,2026-04-07 02:00:00
50,12,11112917978,291.70,1.0000,641.74,933.44,2026-04-08 16:33:44
51,13,11113057488,388.90,1.0000,855.58,1244.48,2026-04-09 02:00:00
52,14,11113005731,720.00,0.3326,1584.00,2304.00,2026-04-10 02:00:01
53,14,11113029053,1444.50,0.6674,3177.90,4622.40,2026-04-10 02:00:01
55,15,11112874869,780.00,0.3927,1716.00,2496.00,2026-04-11 02:00:00
56,15,11112879732,1206.00,0.6073,2653.20,3859.20,2026-04-11 02:00:00
72,16,11112658700,588.00,0.1690,1293.60,1881.60,2026-04-13 16:43:52
73,16,11112748267,588.00,0.1690,1293.60,1881.60,2026-04-13 16:43:52
74,16,11112754934,588.00,0.1690,1293.60,1881.60,2026-04-13 16:43:52
75,16,11112777895,540.00,0.1552,1188.00,1728.00,2026-04-13 16:43:52
76,16,11113022524,588.00,0.1690,1293.60,1881.60,2026-04-13 16:43:52
77,16,11113101306,588.00,0.1690,1293.60,1881.60,2026-04-13 16:43:52
79,17,11112899272,640.00,0.3893,1408.00,2048.00,2026-04-14 02:00:00
80,17,11112922068,416.00,0.2531,915.20,1331.20,2026-04-14 02:00:00
81,17,11112985973,587.90,0.3576,1293.38,1881.28,2026-04-14 02:00:00
82,18,11112931340,399.90,1.0000,879.78,1279.68,2026-04-15 02:00:00
83,19,11112623811,480.00,0.1310,1056.00,1536.00,2026-04-16 02:00:00
84,19,11112871315,720.00,0.1965,1584.00,2304.00,2026-04-16 02:00:00
85,19,11112932017,300.00,0.0819,660.00,960.00,2026-04-16 02:00:00
86,19,11113005731,720.00,0.1965,1584.00,2304.00,2026-04-16 02:00:00
87,19,11113029053,1444.50,0.3942,3177.90,4622.40,2026-04-16 02:00:00
132,20,11112925822,587.90,0.3798,1293.38,1881.28,2026-04-17 18:55:38
133,20,11113005693,480.00,0.3101,1056.00,1536.00,2026-04-17 18:55:38
134,20,11113139475,480.00,0.3101,1056.00,1536.00,2026-04-17 18:55:38
149,21,11112658700,588.00,0.1690,1293.60,1881.60,2026-04-20 15:30:11
150,21,11112748267,588.00,0.1690,1293.60,1881.60,2026-04-20 15:30:11
151,21,11112754934,588.00,0.1690,1293.60,1881.60,2026-04-20 15:30:11
152,21,11112777895,540.00,0.1552,1188.00,1728.00,2026-04-20 15:30:11
153,21,11113022524,588.00,0.1690,1293.60,1881.60,2026-04-20 15:30:11
154,21,11113101306,588.00,0.1690,1293.60,1881.60,2026-04-20 15:30:11
156,22,11112899272,640.00,0.2640,1408.00,2048.00,2026-04-21 02:00:00
157,22,11112919810,779.90,0.3218,1715.78,2495.68,2026-04-21 02:00:00
158,22,11112922068,416.00,0.1716,915.20,1331.20,2026-04-21 02:00:00
159,22,11112985973,587.90,0.2426,1293.38,1881.28,2026-04-21 02:00:00
165,23,11112714868,587.90,0.1750,1293.38,1881.28,2026-04-22 18:12:41
166,23,11112739079,420.00,0.1250,924.00,1344.00,2026-04-22 18:12:41
167,23,11112816934,587.90,0.1750,1293.38,1881.28,2026-04-22 18:12:41
168,23,11112937194,587.90,0.1750,1293.38,1881.28,2026-04-22 18:12:41
169,23,11113112747,587.90,0.1750,1293.38,1881.28,2026-04-22 18:12:41
170,23,11113182605,587.90,0.1750,1293.38,1881.28,2026-04-22 18:12:41
172,24,11112623811,480.00,0.1630,1056.00,1536.00,2026-04-23 02:00:00
173,24,11112871315,720.00,0.2445,1584.00,2304.00,2026-04-23 02:00:00
174,24,11112932017,300.00,0.1019,660.00,960.00,2026-04-23 02:00:00
175,24,11113029053,1444.50,0.4906,3177.90,4622.40,2026-04-23 02:00:00
185,25,11112922583,587.90,0.1828,1293.38,1881.28,2026-04-24 14:24:48
186,25,11112925822,587.90,0.1828,1293.38,1881.28,2026-04-24 14:24:48
187,25,11112939687,779.90,0.2425,1715.78,2495.68,2026-04-24 14:24:48
188,25,11113005693,480.00,0.1493,1056.00,1536.00,2026-04-24 14:24:48
189,25,11113139475,480.00,0.1493,1056.00,1536.00,2026-04-24 14:24:48
190,25,11113315176,299.90,0.0933,659.78,959.68,2026-04-24 14:24:48
244,26,11112658700,588.00,0.1690,1293.60,1881.60,2026-04-27 16:29:52
245,26,11112748267,588.00,0.1690,1293.60,1881.60,2026-04-27 16:29:52
246,26,11112754934,588.00,0.1690,1293.60,1881.60,2026-04-27 16:29:52
247,26,11112777895,540.00,0.1552,1188.00,1728.00,2026-04-27 16:29:52
248,26,11113022524,588.00,0.1690,1293.60,1881.60,2026-04-27 16:29:52
249,26,11113101306,588.00,0.1690,1293.60,1881.60,2026-04-27 16:29:52
251,27,11112899272,640.00,0.2251,1408.00,2048.00,2026-04-28 02:00:00
252,27,11112919810,779.90,0.2742,1715.78,2495.68,2026-04-28 02:00:00
253,27,11112922068,416.00,0.1463,915.20,1331.20,2026-04-28 02:00:00
254,27,11112938595,420.00,0.1477,924.00,1344.00,2026-04-28 02:00:00
255,27,11112985973,587.90,0.2067,1293.38,1881.28,2026-04-28 02:00:00
258,28,11112805333,705.60,0.5000,1552.32,2257.92,2026-04-29 02:00:00
259,28,11113098291,705.60,0.5000,1552.32,2257.92,2026-04-29 02:00:00
267,29,11112918349,779.90,0.1817,1715.78,2495.68,2026-04-30 13:57:26
268,29,11112973962,779.90,0.1817,1715.78,2495.68,2026-04-30 13:57:26
269,29,11113053166,719.90,0.1677,1583.78,2303.68,2026-04-30 13:57:26
270,29,11113117861,719.90,0.1677,1583.78,2303.68,2026-04-30 13:57:26
271,29,11113209269,399.90,0.0932,879.78,1279.68,2026-04-30 13:57:26
272,29,11113299859,893.00,0.2080,1964.60,2857.60,2026-04-30 13:57:26
274,30,11112918295,299.90,0.2027,659.78,959.68,2026-05-01 02:00:00
275,30,11113058061,779.90,0.5271,1715.78,2495.68,2026-05-01 02:00:00
276,30,11113097725,399.90,0.2703,879.78,1279.68,2026-05-01 02:00:00
277,31,11112839233,587.90,0.1752,1293.38,1881.28,2026-05-04 02:00:00
278,31,11112903012,540.00,0.1609,1188.00,1728.00,2026-05-04 02:00:00
279,31,11112939602,360.00,0.1073,792.00,1152.00,2026-05-04 02:00:00
280,31,11112941078,180.00,0.0536,396.00,576.00,2026-05-04 02:00:00
281,31,11112984597,588.00,0.1752,1293.60,1881.60,2026-05-04 02:00:00
282,31,11113008579,360.00,0.1073,792.00,1152.00,2026-05-04 02:00:00
283,31,11113126104,240.00,0.0715,528.00,768.00,2026-05-04 02:00:00
284,31,11113202376,299.90,0.0894,659.78,959.68,2026-05-04 02:00:00
285,31,11113232046,200.00,0.0596,440.00,640.00,2026-05-04 02:00:00
292,32,11112899272,640.00,0.1796,1408.00,2048.00,2026-05-05 02:00:00
293,32,11112918184,719.90,0.2020,1583.78,2303.68,2026-05-05 02:00:00
294,32,11112919810,779.90,0.2188,1715.78,2495.68,2026-05-05 02:00:00
295,32,11112922068,416.00,0.1167,915.20,1331.20,2026-05-05 02:00:00
296,32,11112938595,420.00,0.1179,924.00,1344.00,2026-05-05 02:00:00
297,32,11112985973,587.90,0.1650,1293.38,1881.28,2026-05-05 02:00:00
309,33,11112931340,399.90,1.0000,879.78,1279.68,2026-05-06 16:54:52
316,34,11112918349,779.90,0.2458,1715.78,2495.68,2026-05-07 15:14:19
317,34,11112973962,779.90,0.2458,1715.78,2495.68,2026-05-07 15:14:19
318,34,11113117861,719.90,0.2269,1583.78,2303.68,2026-05-07 15:14:19
319,34,11113299859,893.00,0.2815,1964.60,2857.60,2026-05-07 15:14:19
323,35,11113042585,648.00,1.0000,1425.60,2073.60,2026-05-08 02:00:00
324,36,11112839233,587.90,0.1533,1293.38,1881.28,2026-05-11 02:00:00
325,36,11112903012,540.00,0.1408,1188.00,1728.00,2026-05-11 02:00:00
326,36,11112929397,300.00,0.0782,660.00,960.00,2026-05-11 02:00:00
327,36,11112939602,360.00,0.0939,792.00,1152.00,2026-05-11 02:00:00
328,36,11112984597,588.00,0.1533,1293.60,1881.60,2026-05-11 02:00:00
329,36,11113008579,360.00,0.0939,792.00,1152.00,2026-05-11 02:00:00
330,36,11113033563,360.00,0.0939,792.00,1152.00,2026-05-11 02:00:00
331,36,11113126104,240.00,0.0626,528.00,768.00,2026-05-11 02:00:00
332,36,11113202376,299.90,0.0782,659.78,959.68,2026-05-11 02:00:00
333,36,11113232046,200.00,0.0521,440.00,640.00,2026-05-11 02:00:00
339,37,11112899272,1419.90,0.3269,3123.78,4543.68,2026-05-12 02:00:00
340,37,11112918184,719.90,0.1657,1583.78,2303.68,2026-05-12 02:00:00
341,37,11112919810,779.90,0.1796,1715.78,2495.68,2026-05-12 02:00:00
342,37,11112922068,416.00,0.0958,915.20,1331.20,2026-05-12 02:00:00
343,37,11112938595,420.00,0.0967,924.00,1344.00,2026-05-12 02:00:00
344,37,11112985973,587.90,0.1353,1293.38,1881.28,2026-05-12 02:00:00
346,38,11112805333,705.60,0.3692,1552.32,2257.92,2026-05-13 02:00:00
347,38,11113057488,200.00,0.1047,440.00,640.00,2026-05-13 02:00:00
348,38,11113098291,1005.50,0.5261,2212.10,3217.60,2026-05-13 02:00:00
349,39,11112623811,480.00,0.4000,1056.00,1536.00,2026-05-14 02:00:00
350,39,11112871315,720.00,0.6000,1584.00,2304.00,2026-05-14 02:00:00
352,40,11113042585,648.00,1.0000,1425.60,2073.60,2026-05-15 02:00:00
353,41,11112839233,587.90,0.2216,1293.38,1881.28,2026-05-18 02:00:00
354,41,11112929397,300.00,0.1131,660.00,960.00,2026-05-18 02:00:00
355,41,11112939602,360.00,0.1357,792.00,1152.00,2026-05-18 02:00:00
356,41,11112996848,420.00,0.1583,924.00,1344.00,2026-05-18 02:00:00
357,41,11113033563,360.00,0.1357,792.00,1152.00,2026-05-18 02:00:00
358,41,11113125623,180.00,0.0679,396.00,576.00,2026-05-18 02:00:00
359,41,11113126158,444.90,0.1677,978.78,1423.68,2026-05-18 02:00:00
366,42,11112739578,180.00,0.3750,396.00,576.00,2026-05-19 16:55:52
367,42,11112976277,300.00,0.6250,660.00,960.00,2026-05-19 16:55:52
369,43,11112835706,705.60,0.4309,1552.32,2257.92,2026-05-20 02:00:00
370,43,11113033055,432.00,0.2638,950.40,1382.40,2026-05-20 02:00:00
371,43,11113057488,200.00,0.1221,440.00,640.00,2026-05-20 02:00:00
372,43,11113098291,299.90,0.1831,659.78,959.68,2026-05-20 02:00:00
376,44,11112918349,779.90,0.2135,1715.78,2495.68,2026-05-21 02:00:00
377,44,11112952934,480.00,0.1314,1056.00,1536.00,2026-05-21 02:00:00
378,44,11112973962,779.90,0.2135,1715.78,2495.68,2026-05-21 02:00:00
379,44,11113117861,719.90,0.1971,1583.78,2303.68,2026-05-21 02:00:00
380,44,11113299859,893.00,0.2445,1964.60,2857.60,2026-05-21 02:00:00
383,45,11113042585,648.00,1.0000,1425.60,2073.60,2026-05-22 02:00:00
384,46,11112839233,587.90,0.2564,1293.38,1881.28,2026-05-25 02:00:00
385,46,11112929397,300.00,0.1308,660.00,960.00,2026-05-25 02:00:00
386,46,11112996848,420.00,0.1832,924.00,1344.00,2026-05-25 02:00:00
387,46,11113033563,360.00,0.1570,792.00,1152.00,2026-05-25 02:00:00
388,46,11113125623,180.00,0.0785,396.00,576.00,2026-05-25 02:00:00
389,46,11113126158,444.90,0.1940,978.78,1423.68,2026-05-25 02:00:00
391,47,11112899272,779.90,0.5416,1715.78,2495.68,2026-05-26 02:00:00
392,47,11113056638,240.00,0.1667,528.00,768.00,2026-05-26 02:00:00
393,47,11113113239,420.00,0.2917,924.00,1344.00,2026-05-26 02:00:00
400,48,11112901756,420.00,0.2188,924.00,1344.00,2026-05-27 14:28:30
401,48,11112933824,300.00,0.1563,660.00,960.00,2026-05-27 14:28:30
402,48,11112973790,719.90,0.3750,1583.78,2303.68,2026-05-27 14:28:30
403,48,11113048867,480.00,0.2500,1056.00,1536.00,2026-05-27 14:28:30
407,49,11112716716,719.90,0.3636,1583.78,2303.68,2026-05-28 02:00:02
408,49,11112792952,779.90,0.3939,1715.78,2495.68,2026-05-28 02:00:02
409,49,11112952934,480.00,0.2424,1056.00,1536.00,2026-05-28 02:00:02
420,50,11112837856,540.00,0.2195,1188.00,1728.00,2026-05-29 16:15:35
421,50,11112918295,540.00,0.2195,1188.00,1728.00,2026-05-29 16:15:35
422,50,11113005465,360.00,0.1464,792.00,1152.00,2026-05-29 16:15:35
423,50,11113023238,299.90,0.1219,659.78,959.68,2026-05-29 16:15:35
424,50,11113042756,719.90,0.2927,1583.78,2303.68,2026-05-29 16:15:35
427,51,11112996848,420.00,0.3182,924.00,1344.00,2026-06-01 02:00:04
428,51,11113125623,180.00,0.1364,396.00,576.00,2026-06-01 02:00:04
429,51,11113162874,180.00,0.1364,396.00,576.00,2026-06-01 02:00:04
430,51,11113186245,240.00,0.1818,528.00,768.00,2026-06-01 02:00:04
431,51,11113189493,300.00,0.2273,660.00,960.00,2026-06-01 02:00:04
434,52,11112887079,240.00,0.1818,528.00,768.00,2026-06-02 02:00:04
435,52,11113056638,240.00,0.1818,528.00,768.00,2026-06-02 02:00:04
436,52,11113113239,420.00,0.3182,924.00,1344.00,2026-06-02 02:00:04
437,52,11113192667,420.00,0.3182,924.00,1344.00,2026-06-02 02:00:04
441,53,11112835706,705.60,0.6203,1552.32,2257.92,2026-06-03 02:00:04
442,53,11113033055,432.00,0.3797,950.40,1382.40,2026-06-03 02:00:04
454,54,11112792766,360.00,1.0000,792.00,1152.00,2026-06-04 18:36:26
455,55,11112873397,288.00,0.1333,633.60,921.60,2026-06-05 02:00:05
456,55,11112886571,504.00,0.2333,1108.80,1612.80,2026-06-05 02:00:05
457,55,11112988424,432.00,0.2000,950.40,1382.40,2026-06-05 02:00:05
458,55,11113018670,288.00,0.1333,633.60,921.60,2026-06-05 02:00:05
459,55,11113042585,648.00,0.3000,1425.60,2073.60,2026-06-05 02:00:05
462,56,11112996848,420.00,0.3182,924.00,1344.00,2026-06-08 02:00:02
463,56,11113125623,180.00,0.1364,396.00,576.00,2026-06-08 02:00:02
464,56,11113162874,180.00,0.1364,396.00,576.00,2026-06-08 02:00:02
465,56,11113186245,240.00,0.1818,528.00,768.00,2026-06-08 02:00:02
466,56,11113189493,300.00,0.2273,660.00,960.00,2026-06-08 02:00:02
469,57,11112887079,240.00,0.1818,528.00,768.00,2026-06-09 02:00:02
470,57,11113056638,240.00,0.1818,528.00,768.00,2026-06-09 02:00:02
471,57,11113113239,420.00,0.3182,924.00,1344.00,2026-06-09 02:00:02
472,57,11113192667,420.00,0.3182,924.00,1344.00,2026-06-09 02:00:02
476,58,11112835706,705.60,0.6203,1552.32,2257.92,2026-06-10 02:00:03
477,58,11113033055,432.00,0.3797,950.40,1382.40,2026-06-10 02:00:03
479,59,11112716716,719.90,0.1964,1583.78,2303.68,2026-06-11 02:00:03
480,59,11112792952,779.90,0.2128,1715.78,2495.68,2026-06-11 02:00:03
481,59,11112847319,964.90,0.2633,2122.78,3087.68,2026-06-11 02:00:03
482,59,11113102023,719.90,0.1964,1583.78,2303.68,2026-06-11 02:00:03
483,59,11113115541,480.00,0.1310,1056.00,1536.00,2026-06-11 02:00:03
510,60,11112862917,360.00,0.3871,792.00,1152.00,2026-06-12 13:41:14
511,60,11112974293,569.90,0.6129,1253.78,1823.68,2026-06-12 13:41:14
513,61,11112996848,420.00,0.1944,924.00,1344.00,2026-06-15 02:00:05
514,61,11113106411,360.00,0.1667,792.00,1152.00,2026-06-15 02:00:05
515,61,11113125623,180.00,0.0833,396.00,576.00,2026-06-15 02:00:05
516,61,11113162874,180.00,0.0833,396.00,576.00,2026-06-15 02:00:05
517,61,11113186245,240.00,0.1111,528.00,768.00,2026-06-15 02:00:05
518,61,11113189493,300.00,0.1389,660.00,960.00,2026-06-15 02:00:05
519,61,11113202376,480.00,0.2222,1056.00,1536.00,2026-06-15 02:00:05
548,62,11112863299,540.00,0.3444,1188.00,1728.00,2026-06-16 06:31:27
549,62,11112914985,240.00,0.1531,528.00,768.00,2026-06-16 06:31:27
550,62,11112998182,587.90,0.3750,1293.38,1881.28,2026-06-16 06:31:27
551,62,11113168985,200.00,0.1276,440.00,640.00,2026-06-16 06:31:27
555,63,11112835706,705.60,0.6203,1552.32,2257.92,2026-06-17 02:00:07
556,63,11113033055,432.00,0.3797,950.40,1382.40,2026-06-17 02:00:07
558,64,11112716716,719.90,0.1665,1583.78,2303.68,2026-06-18 02:00:07
559,64,11112792952,779.90,0.1803,1715.78,2495.68,2026-06-18 02:00:07
560,64,11112847319,964.90,0.2231,2122.78,3087.68,2026-06-18 02:00:07
561,64,11113053166,480.00,0.1110,1056.00,1536.00,2026-06-18 02:00:07
562,64,11113069896,180.00,0.0416,396.00,576.00,2026-06-18 02:00:07
563,64,11113102023,719.90,0.1665,1583.78,2303.68,2026-06-18 02:00:07
564,64,11113115541,480.00,0.1110,1056.00,1536.00,2026-06-18 02:00:07
565,65,11112862917,360.00,0.2449,792.00,1152.00,2026-06-19 02:00:05
566,65,11112974293,569.90,0.3877,1253.78,1823.68,2026-06-19 02:00:05
567,65,11113097725,540.00,0.3674,1188.00,1728.00,2026-06-19 02:00:05
582,66,11112839763,1022.50,0.6397,2249.50,3272.00,2026-06-22 17:09:28
583,66,11113004468,288.00,0.1802,633.60,921.60,2026-06-22 17:09:28
584,66,11113174457,288.00,0.1802,633.60,921.60,2026-06-22 17:09:28
591,67,11113046199,420.00,1.0000,924.00,1344.00,2026-06-23 14:29:05
594,68,11112931340,587.90,0.2500,1293.38,1881.28,2026-06-24 02:00:02
595,68,11112934778,587.95,0.2500,1293.49,1881.44,2026-06-24 02:00:02
596,68,11112996211,587.90,0.2500,1293.38,1881.28,2026-06-24 02:00:02
597,68,11113129537,587.90,0.2500,1293.38,1881.28,2026-06-24 02:00:02
629,69,11112801054,420.00,0.1431,924.00,1344.00,2026-06-25 16:20:31
630,69,11112882874,416.00,0.1417,915.20,1331.20,2026-06-25 16:20:31
631,69,11112956989,779.90,0.2657,1715.78,2495.68,2026-06-25 16:20:31
632,69,11112963613,719.90,0.2452,1583.78,2303.68,2026-06-25 16:20:31
633,69,11113046154,299.90,0.1022,659.78,959.68,2026-06-25 16:20:31
634,69,11113113052,299.90,0.1022,659.78,959.68,2026-06-25 16:20:31
636,70,11112862917,360.00,0.1446,792.00,1152.00,2026-06-26 02:00:09
637,70,11112972833,300.00,0.1205,660.00,960.00,2026-06-26 02:00:09
638,70,11112974293,569.90,0.2289,1253.78,1823.68,2026-06-26 02:00:09
639,70,11113023238,719.90,0.2891,1583.78,2303.68,2026-06-26 02:00:09
640,70,11113097725,540.00,0.2169,1188.00,1728.00,2026-06-26 02:00:09
673,71,11112839763,446.50,0.3652,982.30,1428.80,2026-06-29 16:37:38
674,71,11113004468,288.00,0.2356,633.60,921.60,2026-06-29 16:37:38
675,71,11113006480,200.00,0.1636,440.00,640.00,2026-06-29 16:37:38
676,71,11113174457,288.00,0.2356,633.60,921.60,2026-06-29 16:37:38
686,72,11112874979,360.00,0.6000,792.00,1152.00,2026-06-30 06:08:38
687,72,11112914985,240.00,0.4000,528.00,768.00,2026-06-30 06:08:38
689,73,11112954434,936.00,1.0000,2059.20,2995.20,2026-07-01 02:00:04
750,74,11112801054,420.00,0.1047,924.00,1344.00,2026-07-02 16:23:16
751,74,11112882874,416.00,0.1037,915.20,1331.20,2026-07-02 16:23:16
752,74,11112924530,587.90,0.1466,1293.38,1881.28,2026-07-02 16:23:16
753,74,11112956989,779.90,0.1944,1715.78,2495.68,2026-07-02 16:23:16
754,74,11112963613,719.90,0.1795,1583.78,2303.68,2026-07-02 16:23:16
755,74,11113081447,200.00,0.0499,440.00,640.00,2026-07-02 16:23:16
756,74,11113113052,299.90,0.0748,659.78,959.68,2026-07-02 16:23:16
757,74,11113184661,587.90,0.1466,1293.38,1881.28,2026-07-02 16:23:16
779,75,11112777460,587.90,0.0880,1293.38,1881.28,2026-07-03 14:29:22
780,75,11112806809,180.00,0.0270,396.00,576.00,2026-07-03 14:29:22
781,75,11112893766,779.90,0.1168,1715.78,2495.68,2026-07-03 14:29:22
782,75,11112895952,587.90,0.0880,1293.38,1881.28,2026-07-03 14:29:22
783,75,11112911821,180.00,0.0270,396.00,576.00,2026-07-03 14:29:22
784,75,11112914791,180.00,0.0270,396.00,576.00,2026-07-03 14:29:22
785,75,11112925822,320.00,0.0479,704.01,1024.01,2026-07-03 14:29:22
786,75,11112994198,180.00,0.0270,396.00,576.00,2026-07-03 14:29:22
787,75,11113007902,357.20,0.0535,785.84,1143.04,2026-07-03 14:29:22
788,75,11113023526,180.00,0.0270,396.00,576.00,2026-07-03 14:29:22
789,75,11113037690,420.00,0.0629,924.00,1344.00,2026-07-03 14:29:22
790,75,11113072620,839.90,0.1258,1847.77,2687.67,2026-07-03 14:29:22
791,75,11113098282,659.90,0.0988,1451.78,2111.68,2026-07-03 14:29:22
792,75,11113242625,779.90,0.1168,1715.78,2495.68,2026-07-03 14:29:22
793,75,11113315176,446.50,0.0669,982.30,1428.80,2026-07-03 14:29:22
794,76,11112807935,180.00,0.0519,396.00,576.00,2026-07-06 02:00:09
795,76,11112839233,357.20,0.1031,785.84,1143.04,2026-07-06 02:00:09
796,76,11112925238,587.90,0.1697,1293.38,1881.28,2026-07-06 02:00:09
797,76,11112935428,240.00,0.0693,528.00,768.00,2026-07-06 02:00:09
798,76,11112996352,180.00,0.0519,396.00,576.00,2026-07-06 02:00:09
799,76,11113034548,480.00,0.1385,1056.00,1536.00,2026-07-06 02:00:09
800,76,11113052056,200.00,0.0577,440.00,640.00,2026-07-06 02:00:09
801,76,11113102113,200.00,0.0577,440.00,640.00,2026-07-06 02:00:09
802,76,11113106411,560.00,0.1616,1232.00,1792.00,2026-07-06 02:00:09
803,76,11113202376,480.00,0.1385,1056.00,1536.00,2026-07-06 02:00:09
809,77,11112938595,299.90,0.2631,659.78,959.68,2026-07-07 02:00:09
810,77,11112973194,839.90,0.7369,1847.78,2687.68,2026-07-07 02:00:09
818,78,11112931340,987.80,0.6269,2173.16,3160.96,2026-07-08 18:42:08
819,78,11112952009,587.90,0.3731,1293.38,1881.28,2026-07-08 18:42:08
821,79,11112724518,719.90,1.0000,1583.78,2303.68,2026-07-09 02:00:05
822,80,11112837856,446.50,0.2100,982.30,1428.80,2026-07-10 02:00:05
823,80,11112918295,299.90,0.1410,659.78,959.68,2026-07-10 02:00:05
824,80,11112952328,360.00,0.1693,792.00,1152.00,2026-07-10 02:00:05
825,80,11112972833,300.00,0.1411,660.00,960.00,2026-07-10 02:00:05
826,80,11113023238,719.90,0.3386,1583.78,2303.68,2026-07-10 02:00:05
829,81,11112807935,180.00,0.0764,396.00,576.00,2026-07-13 02:00:07
830,81,11112839233,357.20,0.1515,785.84,1143.04,2026-07-13 02:00:07
831,81,11112941078,200.00,0.0848,440.00,640.00,2026-07-13 02:00:07
832,81,11112996352,180.00,0.0764,396.00,576.00,2026-07-13 02:00:07
833,81,11113034548,480.00,0.2036,1056.00,1536.00,2026-07-13 02:00:07
834,81,11113052056,200.00,0.0848,440.00,640.00,2026-07-13 02:00:07
835,81,11113102113,200.00,0.0848,440.00,640.00,2026-07-13 02:00:07
836,81,11113106411,200.00,0.0848,440.00,640.00,2026-07-13 02:00:07
837,81,11113232046,360.00,0.1527,792.00,1152.00,2026-07-13 02:00:07
844,82,11112938595,299.90,0.2631,659.78,959.68,2026-07-14 02:00:07
845,82,11112973194,839.90,0.7369,1847.78,2687.68,2026-07-14 02:00:07
847,83,11112979148,705.60,1.0000,1552.32,2257.92,2026-07-15 02:00:06
848,84,11112724518,719.90,0.5217,1583.78,2303.68,2026-07-16 02:00:06
849,84,11113209269,659.90,0.4783,1451.78,2111.68,2026-07-16 02:00:06
851,85,11112837856,446.50,0.2367,982.30,1428.80,2026-07-17 02:00:07
852,85,11112918295,299.90,0.1590,659.78,959.68,2026-07-17 02:00:07
853,85,11112952328,360.00,0.1909,792.00,1152.00,2026-07-17 02:00:07
854,85,11113042756,480.00,0.2545,1056.00,1536.00,2026-07-17 02:00:07
855,85,11113082146,299.90,0.1590,659.78,959.68,2026-07-17 02:00:07
858,86,11112941078,200.00,0.1786,440.00,640.00,2026-07-20 02:00:05
859,86,11113052056,360.00,0.3214,792.00,1152.00,2026-07-20 02:00:05
860,86,11113102113,200.00,0.1786,440.00,640.00,2026-07-20 02:00:05
861,86,11113232046,360.00,0.3214,792.00,1152.00,2026-07-20 02:00:05
865,87,11112858472,719.90,0.7500,1583.78,2303.68,2026-07-21 02:00:06
866,87,11113265056,240.00,0.2500,528.00,768.00,2026-07-21 02:00:06
868,88,11112947297,288.00,0.2899,633.60,921.60,2026-07-22 02:00:07
869,88,11112979148,705.60,0.7101,1552.32,2257.92,2026-07-22 02:00:07
871,89,11113115541,719.90,0.3333,1583.78,2303.68,2026-07-23 02:00:07
872,89,11113209269,659.90,0.3056,1451.78,2111.68,2026-07-23 02:00:07
873,89,11113299859,779.90,0.3611,1715.78,2495.68,2026-07-23 02:00:07
874,90,11112918295,299.90,0.2083,659.78,959.68,2026-07-24 02:00:06
875,90,11112952328,360.00,0.2500,792.00,1152.00,2026-07-24 02:00:06
876,90,11113042756,480.00,0.3334,1056.00,1536.00,2026-07-24 02:00:06
877,90,11113082146,299.90,0.2083,659.78,959.68,2026-07-24 02:00:06
