id_prestamos_grupales,id_centro,id_grupo,id_config,id_linea_credito,id_usuario_creador,monto,interes,plazo,fecha_inicio,fecha_fin,pago,iva,estatus,proposito,fecha_creacion,fecha_actualizacion,id_cliente_1,id_cliente_2,id_cliente_3,id_cliente_4,id_cliente_5,pagos_pendientes
1,40,107,5,5,111113612004634,3000.00,6.32,24,2026-03-31,,179.98,182.00,Pendiente,NEGOCIO,2026-03-31 19:49:23,2026-03-31 19:49:23,11112936286,,,,,24
2,40,107,5,5,111113612004634,3000.00,6.32,24,2026-03-31,,179.98,182.00,Pendiente,NEGOCIO,2026-03-31 19:51:17,2026-03-31 19:51:17,11112936286,,,,,24
3,18,44,6,5,111113612004634,19000.00,5.67,18,2026-04-02,,1367.97,775.60,Pendiente,NEGOCIO,2026-04-01 19:17:28,2026-04-01 19:17:28,11113001966,11113148873,,,,18
4,18,155,9,5,111113612004634,2000.00,7.95,13,2026-04-02,,199.96,82.70,Pendiente,NEGOCIO,2026-04-01 19:29:29,2026-04-01 19:29:29,11113121146,,,,,13
5,40,157,6,5,111113612004634,36200.00,5.67,18,2026-04-01,,2606.35,1477.90,Pendiente,NEGOCIO,2026-04-01 20:28:58,2026-04-01 20:28:58,11112936286,11112981187,11112842211,11112924808,11112919969,18
6,48,152,6,5,111113612004634,16000.00,5.67,18,2026-04-03,,1151.98,653.20,Pendiente,NEGOCIO,2026-04-01 21:18:41,2026-04-01 21:18:41,11112972707,11113203887,,,,18
7,3,4,8,5,111113612004634,20000.00,3.85,48,2026-03-31,,639.97,1478.40,Pendiente,NEGOCIO,2026-04-01 22:26:13,2026-04-01 22:26:13,11112899272,,,,,48
8,19,48,5,5,111113612004634,49000.00,6.32,24,2026-04-01,,2939.75,2973.00,Pendiente,NEGOCIO,2026-04-01 22:47:32,2026-04-01 22:47:32,11112714868,11112816934,11112937194,11113112747,11113182605,24
9,24,67,5,5,111113612004634,12000.00,6.32,24,2026-04-02,,719.94,728.10,Pendiente,NEGOCIO,2026-04-02 14:51:03,2026-04-02 14:51:03,11112828133,,,,,24
10,9,23,5,5,111113612004634,9000.00,6.32,24,2026-03-31,,539.95,546.00,Pendiente,NEGOCIO,2026-04-02 15:36:55,2026-04-02 15:36:55,11112942147,,,,,24
11,24,68,5,5,111113612004634,12000.00,6.32,24,2026-04-02,,719.94,728.10,Pendiente,NEGOCIO,2026-04-02 15:53:09,2026-04-02 15:53:09,11112833441,,,,,24
12,3,5,5,5,111113612004634,9800.00,6.32,24,2026-03-31,,587.95,594.60,Pendiente,NEGOCIO,2026-04-02 16:05:43,2026-04-02 16:05:43,11112985973,,,,,24
13,57,137,9,5,111113612004634,3000.00,7.95,13,2026-03-31,,299.93,124.00,Pendiente,NEGOCIO,2026-04-02 16:15:26,2026-04-02 16:15:26,11112833535,,,,,13
14,6,13,9,5,111113612004634,4000.00,7.95,13,2026-04-01,,399.91,165.40,Pendiente,NEGOCIO,2026-04-02 16:22:29,2026-04-02 16:22:29,11112931340,,,,,13
15,46,127,6,5,111113612004634,3000.00,5.67,18,2026-02-26,,216.00,122.50,Pendiente,NEGOCIO,2026-04-02 16:43:03,2026-04-02 16:43:03,11112886288,,,,,18
16,46,127,6,5,111113612004634,20000.00,5.67,18,2026-04-02,,1439.97,816.40,Pendiente,NEGOCIO,2026-04-02 17:10:34,2026-04-02 17:10:34,11112878795,11113026843,11112984529,11112948571,,18
17,21,58,9,5,111113612004634,3000.00,7.95,13,2026-04-03,,299.93,124.00,Pendiente,NEGOCIO,2026-04-02 17:57:52,2026-04-02 17:57:52,11112918295,,,,,13
18,33,93,5,5,111113612004634,4000.00,6.32,24,2026-04-03,,239.98,242.70,Pendiente,NEGOCIO,2026-04-02 18:05:59,2026-04-02 18:05:59,11112809015,,,,,24
19,33,93,5,5,111113612004634,9000.00,6.32,24,2026-04-03,,539.95,546.00,Pendiente,NEGOCIO,2026-04-02 18:06:42,2026-04-02 18:06:42,11112985466,,,,,24
20,24,67,8,5,111113612004634,10000.00,3.85,48,2026-04-02,,319.98,739.20,Pendiente,NEGOCIO,2026-04-02 18:29:19,2026-04-02 18:29:19,11112996430,,,,,48
21,1,1,5,5,111113612004634,9800.00,6.32,24,2026-03-23,,587.95,594.60,Pendiente,NEGOCIO,2026-04-06 16:45:55,2026-04-06 16:45:55,11112839233,,,,,24
22,1,14,9,5,111113612004634,3000.00,7.95,13,2026-02-23,,299.93,124.00,Pendiente,NEGOCIO,2026-04-06 17:40:52,2026-04-06 17:40:52,11113202376,,,,,13
23,1,14,5,5,111113612004634,6000.00,6.32,24,2026-01-26,,359.97,364.00,Pendiente,NEGOCIO,2026-04-06 17:46:27,2026-04-06 17:46:27,11113008579,,,,,24
24,1,113,9,5,111113612004634,2000.00,7.95,13,2026-03-23,,199.96,82.70,Pendiente,NEGOCIO,2026-04-06 18:07:54,2026-04-06 18:07:54,11113106411,,,,,13
25,3,4,8,5,111113612004634,13000.00,3.85,48,2026-01-27,,415.98,961.00,Pendiente,NEGOCIO,2026-04-07 16:38:40,2026-04-07 16:38:40,11112922068,,,,,48
26,3,5,8,5,111113612004634,10000.00,3.85,48,2025-12-30,,319.98,739.20,Pendiente,NEGOCIO,2026-04-07 16:59:29,2026-04-07 16:59:29,11113013620,,,,,48
27,44,129,5,5,111113612004634,4000.00,6.32,24,2026-03-10,,239.98,242.70,Pendiente,NEGOCIO,2026-04-07 17:43:03,2026-04-07 17:43:03,11112949472,,,,,24
28,44,129,5,5,111113612004634,4000.00,6.32,24,2026-03-10,,239.98,242.70,Pendiente,NEGOCIO,2026-04-07 17:43:49,2026-04-07 17:43:49,11112842761,,,,,24
29,9,22,5,5,111113612004634,9800.00,6.32,24,2025-12-09,,587.95,594.60,Pendiente,NEGOCIO,2026-04-07 18:33:00,2026-04-07 18:33:00,11112744466,,,,,24
30,9,23,5,5,111113612004634,3000.00,6.32,24,2026-03-24,,179.98,182.00,Pendiente,NEGOCIO,2026-04-07 18:47:42,2026-04-07 18:47:42,11112739578,,,,,24
31,57,137,5,5,111113612004634,12000.00,6.32,24,2026-03-10,,719.94,728.10,Pendiente,NEGOCIO,2026-04-07 19:35:00,2026-04-07 19:35:00,11112919388,,,,,24
32,25,72,5,5,111113612004634,9800.00,6.32,24,2026-04-07,,587.95,594.60,Pendiente,NEGOCIO,2026-04-07 21:25:55,2026-04-07 21:25:55,11112846773,,,,,24
33,57,137,8,5,111113612004634,17000.00,3.85,48,2025-11-18,,543.97,1256.60,Pendiente,NEGOCIO,2026-04-08 15:55:26,2026-04-08 15:55:26,11112919388,,,,,48
34,39,106,5,5,111113612004634,3000.00,6.32,24,2025-11-12,,179.98,182.00,Pendiente,NEGOCIO,2026-04-08 18:39:33,2026-04-08 18:39:33,11113042038,,,,,24
35,39,106,5,5,111113612004634,3000.00,6.32,24,2025-12-24,,179.98,182.00,Pendiente,NEGOCIO,2026-04-08 18:42:42,2026-04-08 18:42:42,11112943727,,,,,24
36,22,61,6,5,111113612004634,9800.00,5.67,18,2026-03-25,,705.59,400.10,Pendiente,NEGOCIO,2026-04-08 19:54:48,2026-04-08 19:54:48,11112772748,,,,,18
37,22,61,6,5,111113612004634,5000.00,5.67,18,2026-03-25,,359.99,204.10,Pendiente,NEGOCIO,2026-04-08 19:59:30,2026-04-08 19:59:30,11113005497,,,,,18
38,22,158,6,5,111113612004634,8000.00,5.67,18,2026-03-25,,575.99,326.60,Pendiente,NEGOCIO,2026-04-08 20:00:14,2026-04-08 20:00:14,11113264674,,,,,18
39,23,63,5,5,111113612004634,71600.00,6.32,24,2026-03-25,,4295.62,4344.00,Pendiente,NEGOCIO,2026-04-08 20:12:02,2026-04-08 20:12:02,11113073181,11113085560,11112958983,11113105160,11113054433,24
40,42,109,5,5,111113612004634,4000.00,6.32,24,2026-03-26,,239.98,242.70,Pendiente,NEGOCIO,2026-04-09 17:55:03,2026-04-09 17:55:03,11113026469,,,,,24
41,28,82,8,5,111113612004634,17000.00,3.85,48,2026-04-07,,543.97,1256.60,Pendiente,NEGOCIO,2026-04-09 20:31:48,2026-04-09 20:31:48,11113061406,,,,,48
42,26,75,8,5,111113612004634,15000.00,3.85,48,2026-04-10,,479.98,1108.80,Pendiente,NEGOCIO,2026-04-09 20:55:08,2026-04-09 20:55:08,11113139475,,,,,48
43,15,35,5,5,111113612004634,12000.00,6.32,24,2026-04-07,,719.94,728.10,Pendiente,NEGOCIO,2026-04-09 21:06:58,2026-04-09 21:06:58,11112917095,,,,,24
44,38,103,6,5,111113612004634,8000.00,5.67,18,2026-04-07,,575.99,326.60,Pendiente,NEGOCIO,2026-04-09 21:20:22,2026-04-09 21:20:22,11113091669,,,,,18
45,15,34,9,5,111113612004634,4000.00,7.95,13,2026-04-07,,399.91,165.40,Pendiente,NEGOCIO,2026-04-10 20:14:53,2026-04-10 20:14:53,11112998182,,,,,13
46,21,56,5,5,111113612004634,13000.00,6.32,24,2026-04-10,,779.93,788.70,Pendiente,NEGOCIO,2026-04-10 20:25:35,2026-04-10 20:25:35,11113058061,,,,,24
47,47,122,38,5,111113612004634,10000.00,4.62,32,2026-04-06,,446.48,591.40,Pendiente,NEGOCIO,2026-04-10 20:37:31,2026-04-10 20:37:31,11112946258,,,,,32
48,54,131,38,5,111113612004634,10000.00,4.62,32,2026-04-09,,446.48,591.40,Pendiente,NEGOCIO,2026-04-10 20:41:49,2026-04-10 20:41:49,11113066526,,,,,32
49,14,33,6,5,111113612004634,45200.00,5.67,18,2026-04-09,,3254.35,1845.30,Pendiente,NEGOCIO,2026-04-10 22:09:24,2026-04-10 22:09:24,11112707655,11113205041,11112907887,11112982523,11112928768,18
50,10,24,5,5,111113612004634,12000.00,6.32,24,2026-04-09,,719.94,728.10,Pendiente,NEGOCIO,2026-04-10 22:25:22,2026-04-10 22:25:22,11113053166,,,,,24
51,26,76,5,5,111113612004634,9800.00,6.32,24,2026-04-10,,587.95,594.60,Pendiente,NEGOCIO,2026-04-10 22:50:35,2026-04-10 22:50:35,11112925822,,,,,24
52,54,139,6,5,111113612004634,4000.00,5.67,18,2026-04-09,,287.99,163.30,Pendiente,NEGOCIO,2026-04-10 22:55:31,2026-04-10 22:55:31,11113125574,,,,,18
53,47,122,6,5,111113612004634,4000.00,5.67,18,2026-04-10,,287.99,163.30,Pendiente,NEGOCIO,2026-04-10 23:34:01,2026-04-10 23:34:01,11112826720,,,,,18
54,24,68,5,5,111113612004634,9800.00,6.32,24,2026-04-09,,587.95,594.60,Pendiente,NEGOCIO,2026-04-10 23:58:43,2026-04-10 23:58:43,11112751250,,,,,24
55,10,26,9,5,111113612004634,4000.00,7.95,13,2026-04-11,,399.91,165.40,Pendiente,NEGOCIO,2026-04-11 16:01:26,2026-04-11 16:01:26,11113209269,,,,,13
56,26,78,5,5,111113612004634,8000.00,6.32,24,2026-04-10,,479.96,485.40,Pendiente,NEGOCIO,2026-04-11 16:11:40,2026-04-11 16:11:40,11113005693,,,,,24
57,20,51,6,5,111113612004634,13000.00,5.67,18,2026-04-09,,935.98,530.70,Pendiente,NEGOCIO,2026-04-11 16:19:05,2026-04-11 16:19:05,11112682329,,,,,18
58,47,122,6,5,111113612004634,4000.00,5.67,18,2026-04-06,,287.99,163.30,Pendiente,NEGOCIO,2026-04-11 18:47:24,2026-04-11 18:47:24,11112786052,,,,,18
59,54,139,6,5,111113612004634,4000.00,5.67,18,2026-04-09,,287.99,163.30,Pendiente,NEGOCIO,2026-04-11 18:50:41,2026-04-11 18:50:41,11113005621,,,,,18
60,30,84,6,5,111113612004634,6000.00,5.67,18,2026-01-22,,431.99,244.90,Pendiente,NEGOCIO,2026-04-14 16:19:47,2026-04-14 16:19:47,11112933315,,,,,18
61,22,60,6,5,111113612004634,13000.00,5.67,18,2026-04-15,,935.98,530.70,Pendiente,NEGOCIO,2026-04-14 20:47:52,2026-04-14 20:47:52,11112849831,,,,,18
62,1,1,5,5,111113612004634,9000.00,6.32,24,2026-04-13,,539.95,546.00,Pendiente,NEGOCIO,2026-04-14 21:36:23,2026-04-14 21:36:23,11112903012,,,,,24
63,33,91,5,5,111113612004634,13000.00,6.32,24,2025-12-12,,779.93,788.70,Pendiente,NEGOCIO,2026-04-15 20:13:27,2026-04-15 20:13:27,11112855051,,,,,24
64,33,91,8,5,111113612004634,16000.00,3.85,48,2026-02-20,,511.97,1182.70,Pendiente,NEGOCIO,2026-04-15 20:14:44,2026-04-15 20:14:44,11112855051,,,,,48
65,15,34,5,5,111113612004634,9800.00,6.32,24,2026-04-14,,587.95,594.60,Pendiente,NEGOCIO,2026-04-15 21:23:14,2026-04-15 21:23:14,11112887138,,,,,24
66,15,35,9,5,111113612004634,2000.00,7.95,13,2026-04-14,,199.96,82.70,Pendiente,NEGOCIO,2026-04-15 21:26:21,2026-04-15 21:26:21,11112874979,,,,,13
67,3,4,5,5,111113612004634,13000.00,6.32,24,2026-04-14,,779.93,788.70,Pendiente,NEGOCIO,2026-04-15 21:32:45,2026-04-15 21:32:45,11112919810,,,,,24
68,10,26,5,5,111113612004634,12000.00,6.32,24,2026-04-16,,719.94,728.10,Pendiente,NEGOCIO,2026-04-15 21:46:32,2026-04-15 21:46:32,11113117861,,,,,24
69,22,61,9,5,111113612004634,3000.00,7.95,13,2026-04-15,,299.93,124.00,Pendiente,NEGOCIO,2026-04-16 18:30:46,2026-04-16 18:30:46,11112772748,,,,,13
70,47,122,9,5,111113612004634,2000.00,7.95,13,2026-04-13,,199.96,82.70,Pendiente,NEGOCIO,2026-04-16 18:44:47,2026-04-16 18:44:47,11112839763,,,,,13
71,47,164,6,5,111113612004634,4000.00,5.67,18,2026-04-13,,287.99,163.30,Pendiente,NEGOCIO,2026-04-16 21:18:43,2026-04-16 21:18:43,11112823381,,,,,18
72,9,23,5,5,111113612004634,5000.00,6.32,24,2026-04-14,,299.97,303.40,Pendiente,NEGOCIO,2026-04-16 21:50:07,2026-04-16 21:50:07,11112976277,,,,,24
73,19,50,5,5,111113612004634,7000.00,6.32,24,2026-04-15,,419.96,424.70,Pendiente,NEGOCIO,2026-04-17 17:43:01,2026-04-17 17:43:01,11112739079,,,,,24
74,54,131,6,5,111113612004634,15800.00,5.67,18,2026-04-16,,1137.58,645.00,Pendiente,NEGOCIO,2026-04-17 18:21:37,2026-04-17 18:21:37,11112971322,11113121988,,,,18
75,57,165,6,5,111113612004634,4000.00,5.67,18,2026-04-14,,287.99,163.30,Pendiente,NEGOCIO,2026-04-17 18:54:58,2026-04-17 18:54:58,11112888361,,,,,18
76,57,165,5,5,111113612004634,4000.00,6.32,24,2026-04-14,,239.98,242.70,Pendiente,NEGOCIO,2026-04-17 19:18:03,2026-04-17 19:18:03,11112888361,,,,,24
77,21,58,9,5,111113612004634,4000.00,7.95,13,2026-04-17,,399.91,165.40,Pendiente,NEGOCIO,2026-04-17 19:27:45,2026-04-17 19:27:45,11113097725,,,,,13
78,14,33,6,5,111113612004634,5000.00,5.67,18,2026-04-16,,359.99,204.10,Pendiente,NEGOCIO,2026-04-17 19:41:16,2026-04-17 19:41:16,11112866249,,,,,18
79,22,61,9,5,111113612004634,3000.00,7.95,13,2026-04-15,,299.93,124.00,Pendiente,NEGOCIO,2026-04-17 19:48:35,2026-04-17 19:48:35,11112982584,,,,,13
80,22,61,9,5,111113612004634,3000.00,7.95,13,2026-04-15,,299.93,124.00,Pendiente,NEGOCIO,2026-04-17 20:33:04,2026-04-17 20:33:04,11112982584,,,,,13
81,24,161,5,5,111113612004634,14800.00,6.32,24,2026-04-16,,887.92,898.00,Pendiente,NEGOCIO,2026-04-17 21:41:42,2026-04-17 21:41:42,11112996430,11113051816,,,,24
82,26,77,9,5,111113612004634,3000.00,7.95,13,2026-04-17,,299.93,124.00,Pendiente,NEGOCIO,2026-04-17 22:47:14,2026-04-17 22:47:14,11113315176,,,,,13
83,26,74,5,5,111113612004634,9800.00,6.32,24,2026-04-17,,587.95,594.60,Pendiente,NEGOCIO,2026-04-17 22:53:51,2026-04-17 22:53:51,11112922583,,,,,24
84,10,24,5,5,111113612004634,13000.00,6.32,24,2026-04-16,,779.93,788.70,Pendiente,NEGOCIO,2026-04-17 23:02:50,2026-04-17 23:02:50,11112918349,,,,,24
85,24,68,5,5,111113612004634,4000.00,6.32,24,2026-04-16,,239.98,242.70,Pendiente,NEGOCIO,2026-04-17 23:15:16,2026-04-17 23:15:16,11113081447,,,,,24
86,26,77,5,5,111113612004634,13000.00,6.32,24,2026-04-17,,779.93,788.70,Pendiente,NEGOCIO,2026-04-17 23:23:03,2026-04-17 23:23:03,11112939687,,,,,24
87,48,153,6,5,111113612004634,9800.00,5.67,18,2026-04-17,,705.59,400.10,Pendiente,NEGOCIO,2026-04-17 23:35:02,2026-04-17 23:35:02,11113093885,,,,,18
88,1,118,5,5,111113612004634,3000.00,6.32,24,2026-04-13,,179.98,182.00,Pendiente,NEGOCIO,2026-04-20 19:46:34,2026-04-20 19:46:34,11112941078,,,,,24
89,47,122,6,5,111113612004634,4000.00,5.67,18,2026-04-20,,287.99,163.30,Pendiente,NEGOCIO,2026-04-22 19:35:41,2026-04-22 19:35:41,11112916570,,,,,18
90,1,118,9,5,111113612004634,2000.00,7.95,13,2026-04-20,,199.96,82.70,Pendiente,NEGOCIO,2026-04-22 19:49:25,2026-04-22 19:49:25,11113232046,,,,,13
91,10,26,5,5,111113612004634,12000.00,6.32,24,2026-04-23,,719.94,728.10,Pendiente,NEGOCIO,2026-04-22 20:35:21,2026-04-22 20:35:21,11113117861,,,,,24
92,10,24,38,5,111113612004634,20000.00,4.62,32,2026-04-23,,892.96,1182.70,Pendiente,NEGOCIO,2026-04-22 20:50:36,2026-04-22 20:50:36,11113299859,,,,,32
93,44,129,5,5,111113612004634,8000.00,6.32,24,2026-04-21,,479.96,485.40,Pendiente,NEGOCIO,2026-04-22 21:45:03,2026-04-22 21:45:03,11112846982,,,,,24
94,19,48,9,5,111113612004634,4000.00,7.95,13,2026-04-22,,399.91,165.40,Pendiente,NEGOCIO,2026-04-22 22:03:21,2026-04-22 22:03:21,11113182605,,,,,13
95,57,165,5,5,111113612004634,6000.00,6.32,24,2026-04-21,,359.96,364.00,Pendiente,NEGOCIO,2026-04-23 18:37:55,2026-04-23 18:37:55,11113179172,11112823652,,,,24
96,1,118,5,5,111113612004634,4000.00,6.32,24,2026-04-20,,239.98,242.70,Pendiente,NEGOCIO,2026-04-23 18:54:53,2026-04-23 18:54:53,11113126104,,,,,24
97,3,6,5,5,111113612004634,7000.00,6.32,24,2026-04-21,,419.96,424.70,Pendiente,NEGOCIO,2026-04-24 20:44:50,2026-04-24 20:44:50,11112938595,,,,,24
98,31,102,5,5,111113612004634,12000.00,6.32,24,2026-04-24,,719.94,728.00,Pendiente,NEGOCIO,2026-04-24 20:54:18,2026-04-24 20:54:18,11113013674,11112974492,,,,24
99,2,3,6,5,111113612004634,9800.00,5.67,18,2026-04-22,,705.59,400.10,Pendiente,NEGOCIO,2026-04-24 21:01:35,2026-04-24 21:01:35,11112805333,,,,,18
100,24,69,5,5,111113612004634,8000.00,6.32,24,2026-04-23,,479.96,485.40,Pendiente,NEGOCIO,2026-04-24 21:11:49,2026-04-24 21:11:49,11112863857,,,,,24
101,45,147,6,5,111113612004634,9000.00,5.67,18,2026-04-21,,647.99,367.40,Pendiente,NEGOCIO,2026-04-24 21:20:16,2026-04-24 21:20:16,11113005775,,,,,18
102,10,25,5,5,111113612004634,13000.00,6.32,24,2026-04-23,,779.93,788.70,Pendiente,NEGOCIO,2026-04-24 21:25:12,2026-04-24 21:25:12,11112973962,,,,,24
103,57,137,9,5,111113612004634,3000.00,7.95,13,2026-04-21,,299.93,124.00,Pendiente,NEGOCIO,2026-04-24 22:30:02,2026-04-24 22:30:02,11112897750,,,,,13
104,24,69,5,5,111113612004634,9800.00,6.32,24,2026-04-23,,587.95,594.60,Pendiente,NEGOCIO,2026-04-24 22:50:03,2026-04-24 22:50:03,11113012821,,,,,24
105,2,3,6,5,111113612004634,9800.00,5.67,18,2026-04-22,,705.59,400.10,Pendiente,NEGOCIO,2026-04-25 15:35:21,2026-04-25 15:35:21,11113098291,,,,,18
106,54,131,6,5,111113612004634,7000.00,5.67,18,2026-04-23,,503.99,285.80,Pendiente,NEGOCIO,2026-04-25 16:27:37,2026-04-25 16:27:37,11113066526,,,,,18
107,54,131,38,5,111113612004634,8000.00,4.62,32,2026-04-23,,357.18,473.10,Pendiente,NEGOCIO,2026-04-25 16:31:29,2026-04-25 16:31:29,11112994997,,,,,32
108,26,78,5,5,111113612004634,5000.00,6.32,24,2026-04-24,,299.97,303.40,Pendiente,NEGOCIO,2026-04-25 17:01:52,2026-04-25 17:01:52,11113007902,,,,,24
109,22,158,6,5,111113612004634,8000.00,5.67,18,2026-04-22,,575.99,326.60,Pendiente,NEGOCIO,2026-04-25 17:15:17,2026-04-25 17:15:17,11112932017,,,,,18
110,45,147,6,5,111113612004634,6000.00,5.67,18,2026-04-21,,431.99,244.90,Pendiente,NEGOCIO,2026-04-25 17:24:35,2026-04-25 17:24:35,11112763649,,,,,18
111,19,48,8,5,111113612004634,16000.00,3.85,48,2026-04-22,,511.97,1182.70,Pendiente,NEGOCIO,2026-04-25 17:32:51,2026-04-25 17:32:51,11112937194,,,,,48
112,12,29,6,5,111113612004634,9000.00,5.67,18,2026-05-01,,647.99,367.40,Pendiente,NEGOCIO,2026-04-29 14:52:02,2026-04-29 14:52:02,11113042585,,,,,18
113,33,91,8,5,111113612004634,12000.00,3.85,48,2026-05-01,,383.98,887.00,Pendiente,NEGOCIO,2026-04-29 15:08:19,2026-04-29 15:08:19,11112915373,,,,,48
114,33,90,9,5,111113612004634,4000.00,7.95,13,2026-05-01,,399.91,165.40,Pendiente,NEGOCIO,2026-04-29 15:19:13,2026-04-29 15:19:13,11112911592,,,,,13
115,1,113,5,5,111113612004634,6000.00,6.32,24,2026-04-27,,359.97,364.00,Pendiente,NEGOCIO,2026-04-29 15:29:11,2026-04-29 15:29:11,11112939602,,,,,24
116,50,123,9,5,111113612004634,7000.00,7.95,13,2026-04-27,,699.84,289.40,Pendiente,NEGOCIO,2026-04-29 15:40:10,2026-04-29 15:40:10,11112789848,11112993402,,,,13
117,57,165,5,5,111113612004634,4000.00,6.32,24,2026-04-28,,239.98,242.70,Pendiente,NEGOCIO,2026-04-29 21:34:37,2026-04-29 21:34:37,11113166323,,,,,24
118,3,4,5,5,111113612004634,12000.00,6.32,24,2026-04-28,,719.94,728.10,Pendiente,NEGOCIO,2026-04-29 21:42:18,2026-04-29 21:42:18,11112918184,,,,,24
119,22,61,6,5,111113612004634,9800.00,5.67,18,2026-04-29,,705.59,400.10,Pendiente,NEGOCIO,2026-04-30 18:06:44,2026-04-30 18:06:44,11112917272,,,,,18
120,45,148,6,5,111113612004634,5000.00,5.67,18,2026-04-28,,359.99,204.10,Pendiente,NEGOCIO,2026-04-30 18:13:57,2026-04-30 18:13:57,11112884857,,,,,18
121,32,88,6,5,111113612004634,9000.00,5.67,18,2026-04-30,,647.99,367.40,Pendiente,NEGOCIO,2026-04-30 18:19:30,2026-04-30 18:19:30,11112938387,,,,,18
122,33,91,5,5,111113612004634,13000.00,6.32,24,2026-05-01,,779.93,788.70,Pendiente,NEGOCIO,2026-04-30 18:29:59,2026-04-30 18:29:59,11112855051,,,,,24
123,2,3,9,5,111113612004634,5000.00,7.95,13,2026-04-29,,499.89,206.70,Pendiente,NEGOCIO,2026-04-30 18:35:56,2026-04-30 18:35:56,11113057488,11113098291,,,,13
124,47,164,6,5,111113612004634,3000.00,5.67,18,2026-04-27,,216.00,122.50,Pendiente,NEGOCIO,2026-04-30 18:42:55,2026-04-30 18:42:55,11113095058,,,,,18
125,47,122,9,5,111113612004634,2000.00,7.95,13,2026-04-27,,199.96,82.70,Pendiente,NEGOCIO,2026-04-30 18:50:57,2026-04-30 18:50:57,11113058523,,,,,13
126,54,131,6,5,111113612004634,15600.00,5.67,18,2026-04-30,,1123.18,636.80,Pendiente,NEGOCIO,2026-04-30 19:01:26,2026-04-30 19:01:26,11112955447,11112994997,,,,18
127,31,86,9,5,111113612004634,2000.00,7.95,13,2026-05-01,,199.96,82.70,Pendiente,NEGOCIO,2026-04-30 21:52:33,2026-04-30 21:52:33,11113013674,,,,,13
128,25,72,5,5,111113612004634,19600.00,6.32,24,2026-04-28,,1175.90,1189.20,Pendiente,NEGOCIO,2026-04-30 23:07:29,2026-04-30 23:07:29,11113036082,11112889700,,,,24
129,50,123,5,5,111113612004634,9800.00,6.32,24,2026-05-04,,587.95,594.60,Pendiente,NEGOCIO,2026-05-06 15:18:22,2026-05-06 15:18:22,11112818097,,,,,24
130,1,14,5,5,111113612004634,5000.00,6.32,24,2026-05-04,,299.97,303.40,Pendiente,NEGOCIO,2026-05-06 16:06:22,2026-05-06 16:06:22,11112929397,,,,,24
131,47,164,6,5,111113612004634,4000.00,5.67,18,2026-05-04,,287.99,163.30,Pendiente,NEGOCIO,2026-05-06 16:47:02,2026-05-06 16:47:02,11113006480,,,,,18
132,42,109,5,5,111113612004634,7000.00,6.32,24,2026-05-07,,419.96,424.70,Pendiente,NEGOCIO,2026-05-06 16:53:26,2026-05-06 16:53:26,11112946318,,,,,24
133,45,147,6,5,111113612004634,8000.00,5.67,18,2026-05-05,,575.99,326.60,Pendiente,NEGOCIO,2026-05-06 19:50:06,2026-05-06 19:50:06,11112892924,,,,,18
134,47,166,6,5,111113612004634,10000.00,5.67,18,2026-05-04,,719.98,408.20,Pendiente,NEGOCIO,2026-05-06 20:07:33,2026-05-06 20:07:33,11112945246,11113085031,,,,18
135,1,113,5,5,111113612004634,6000.00,6.32,24,2026-05-04,,359.97,364.00,Pendiente,NEGOCIO,2026-05-07 15:33:00,2026-05-07 15:33:00,11113033563,,,,,24
136,28,82,5,5,111113612004634,36600.00,6.32,24,2026-05-05,,2195.81,2220.60,Pendiente,NEGOCIO,2026-05-07 17:30:25,2026-05-07 17:30:25,11113061406,11113008351,11113134860,11112787203,11112813052,24
137,21,58,5,5,111113612004634,18000.00,6.32,24,2026-05-08,,1079.90,1092.00,Pendiente,NEGOCIO,2026-05-07 17:53:10,2026-05-07 17:53:10,11112837856,11112918295,,,,24
138,21,55,9,5,111113612004634,3000.00,7.95,13,2026-05-08,,299.93,124.00,Pendiente,NEGOCIO,2026-05-07 17:58:41,2026-05-07 17:58:41,11113023238,,,,,13
139,40,107,9,5,111113612004634,2000.00,7.95,13,2026-05-07,,199.96,82.70,Pendiente,NEGOCIO,2026-05-07 18:03:23,2026-05-07 18:03:23,11112936286,,,,,13
140,10,125,8,5,111113612004634,15000.00,3.85,48,2026-05-07,,479.98,1108.80,Pendiente,NEGOCIO,2026-05-08 18:40:46,2026-05-08 18:40:46,11112952934,,,,,48
141,57,137,9,5,111113612004634,4000.00,7.95,13,2026-05-05,,399.91,165.40,Pendiente,NEGOCIO,2026-05-08 18:52:05,2026-05-08 18:52:05,11113194053,,,,,13
142,44,128,9,5,111113612004634,2000.00,7.95,13,2026-05-05,,199.96,82.70,Pendiente,NEGOCIO,2026-05-08 19:02:12,2026-05-08 19:02:12,11112948100,,,,,13
143,33,93,9,5,111113612004634,3000.00,7.95,13,2026-05-08,,299.93,124.00,Pendiente,NEGOCIO,2026-05-08 19:25:45,2026-05-08 19:25:45,11113119485,,,,,13
144,48,152,9,5,111113612004634,4000.00,7.95,13,2026-05-08,,399.91,165.40,Pendiente,NEGOCIO,2026-05-08 19:37:43,2026-05-08 19:37:43,11113042732,,,,,13
145,40,107,9,5,111113612004634,2000.00,7.95,13,2026-05-06,,199.96,82.70,Pendiente,NEGOCIO,2026-05-08 19:46:37,2026-05-08 19:46:37,11112981187,,,,,13
146,22,60,8,5,111113612004634,18000.00,3.85,48,2026-05-06,,575.97,1330.60,Pendiente,NEGOCIO,2026-05-08 21:47:30,2026-05-08 21:47:30,11113207666,,,,,48
147,26,77,9,5,111113612004634,2000.00,7.95,13,2026-05-08,,199.96,82.70,Pendiente,NEGOCIO,2026-05-08 21:53:04,2026-05-08 21:53:04,11113116034,,,,,13
148,21,56,5,5,111113612004634,12000.00,6.32,24,2026-05-08,,719.94,728.10,Pendiente,NEGOCIO,2026-05-08 22:10:37,2026-05-08 22:10:37,11113042756,,,,,24
149,24,68,9,5,111113612004634,4000.00,7.95,13,2026-05-07,,399.91,165.40,Pendiente,NEGOCIO,2026-05-08 22:20:50,2026-05-08 22:20:50,11112833441,,,,,13
150,3,4,5,5,111113612004634,13000.00,6.32,24,2026-05-05,,779.93,788.70,Pendiente,NEGOCIO,2026-05-08 22:39:09,2026-05-08 22:39:09,11112899272,,,,,24
151,13,30,5,5,111113612004634,32000.00,6.32,24,2026-05-06,,1919.83,1941.60,Pendiente,NEGOCIO,2026-05-08 23:11:29,2026-05-08 23:11:29,11112933824,11112973790,11113048867,11112901756,,24
152,26,74,5,5,111113612004634,4000.00,6.32,24,2026-05-08,,239.98,242.69,Pendiente,NEGOCIO,2026-05-09 17:36:48,2026-05-09 17:36:48,11112735798,,,,,24
153,20,51,6,5,111113612004634,8000.00,5.67,18,2025-12-18,,575.99,326.59,Pendiente,NEGOCIO,2026-05-12 17:30:52,2026-05-12 17:30:52,11113113098,,,,,18
154,20,51,6,5,111113612004634,9000.00,5.67,18,2025-09-11,,647.99,367.42,Pendiente,NEGOCIO,2026-05-12 17:32:11,2026-05-12 17:32:11,11112887993,,,,,18
155,20,51,8,5,111113612004634,10000.00,3.85,48,2025-07-03,,319.98,739.20,Pendiente,NEGOCIO,2026-05-12 17:32:57,2026-05-12 17:32:57,11112887993,,,,,48
156,20,52,6,5,111113612004634,6000.00,5.67,18,2025-11-20,,431.99,244.94,Pendiente,NEGOCIO,2026-05-12 17:48:14,2026-05-12 17:48:14,11113043010,,,,,18
157,20,52,9,5,111113612004634,3000.00,7.95,13,2025-11-20,,299.93,124.02,Pendiente,NEGOCIO,2026-05-12 17:53:35,2026-05-12 17:53:35,11113043010,,,,,13
158,20,53,6,5,111113612004634,7000.00,5.67,18,2025-10-09,,503.99,285.77,Pendiente,NEGOCIO,2026-05-12 17:56:39,2026-05-12 17:56:39,11113146282,,,,,18
159,20,53,6,5,111113612004634,13000.00,5.67,18,2026-01-22,,935.98,530.71,Pendiente,NEGOCIO,2026-05-12 18:01:51,2026-05-12 18:01:51,11112886913,,,,,18
160,20,53,8,5,111113612004634,10000.00,3.85,48,2025-09-18,,319.98,739.20,Pendiente,NEGOCIO,2026-05-12 18:03:22,2026-05-12 18:03:22,11112954461,,,,,48
161,20,53,8,5,111113612004634,10000.00,3.85,48,2025-09-18,,319.98,739.20,Pendiente,NEGOCIO,2026-05-12 18:09:16,2026-05-12 18:09:16,11112886913,,,,,48
162,23,62,8,5,111113612004634,15000.00,3.85,48,2026-05-13,,479.98,1108.80,Pendiente,NEGOCIO,2026-05-14 14:58:39,2026-05-14 14:58:39,11113105160,,,,,48
163,1,113,5,5,111113612004634,7000.00,6.32,24,2026-05-11,,419.96,424.70,Pendiente,NEGOCIO,2026-05-14 15:19:49,2026-05-14 15:19:49,11112996848,,,,,24
164,3,114,5,5,111113612004634,7000.00,6.32,24,2026-05-12,,419.96,424.70,Pendiente,NEGOCIO,2026-05-14 15:28:46,2026-05-14 15:28:46,11113113239,,,,,24
165,15,35,9,5,111113612004634,2000.00,7.95,13,2026-05-12,,199.96,82.68,Pendiente,NEGOCIO,2026-05-14 15:44:50,2026-05-14 15:44:50,11113168985,,,,,13
166,15,35,5,5,111113612004634,9000.00,6.32,24,2026-05-12,,539.95,546.05,Pendiente,NEGOCIO,2026-05-14 15:52:08,2026-05-14 15:52:08,11112863299,,,,,24
167,56,135,6,5,111113612004634,16000.00,5.67,18,2026-05-14,,1151.98,653.18,Pendiente,NEGOCIO,2026-05-14 16:19:55,2026-05-14 16:19:55,11113022051,11113031819,,,,18
168,2,47,6,5,111113612004634,15800.00,5.67,18,2026-05-13,,1137.58,645.02,Pendiente,NEGOCIO,2026-05-14 16:44:03,2026-05-14 16:44:03,11112835706,11113033055,,,,18
169,27,81,5,5,111113612004634,4000.00,6.32,24,2026-05-11,,239.98,242.69,Pendiente,NEGOCIO,2026-05-14 22:23:50,2026-05-14 22:23:50,11112755226,,,,,24
172,22,60,6,5,111113612004634,13000.00,5.67,18,2026-05-13,,935.98,530.71,Pendiente,NEGOCIO,2026-05-15 21:24:27,2026-05-15 21:24:27,11113131595,,,,,18
173,24,67,5,5,111113612004634,9800.00,6.32,24,2026-05-14,,587.95,594.59,Pendiente,NEGOCIO,2026-05-15 21:32:21,2026-05-15 21:32:21,11113046154,,,,,24
174,30,84,6,5,111113612004634,16000.00,5.67,18,2026-05-14,,1151.98,653.18,Pendiente,NEGOCIO,2026-05-16 17:14:06,2026-05-16 17:14:06,11113091556,11112933315,,,,18
175,1,118,5,5,111113612004634,3000.00,6.32,24,2026-05-11,,179.98,182.02,Pendiente,NEGOCIO,2026-05-16 17:20:29,2026-05-16 17:20:29,11113125623,,,,,24
176,21,55,5,5,111113612004634,6000.00,6.32,24,2026-05-15,,359.97,364.03,Pendiente,NEGOCIO,2026-05-16 17:26:28,2026-05-16 17:26:28,11113005465,,,,,24
177,24,69,5,5,111113612004634,6000.00,6.32,24,2026-05-14,,359.97,364.03,Pendiente,NEGOCIO,2026-05-16 17:32:58,2026-05-16 17:32:58,11113053191,,,,,24
178,26,75,5,5,111113612004634,9800.00,6.32,24,2026-05-15,,587.95,594.59,Pendiente,NEGOCIO,2026-05-16 17:40:50,2026-05-16 17:40:50,11112924092,,,,,24
179,33,93,5,5,111113612004634,4000.00,6.32,24,2026-05-15,,239.98,242.69,Pendiente,NEGOCIO,2026-05-16 17:50:48,2026-05-16 17:50:48,11112893523,,,,,24
180,19,49,5,5,111113612004634,9000.00,6.32,24,2026-05-13,,539.95,546.05,Pendiente,NEGOCIO,2026-05-18 21:36:16,2026-05-18 21:36:16,11112669629,,,,,24
181,47,122,6,5,111113612004634,25000.00,5.67,18,2026-05-18,,1799.97,1020.60,Pendiente,NEGOCIO,2026-05-20 21:39:56,2026-05-20 21:39:56,11112839763,11112946258,11113058523,,,18
182,57,165,5,5,111113612004634,3000.00,6.32,24,2026-05-19,,179.98,182.02,Pendiente,NEGOCIO,2026-05-21 21:04:13,2026-05-21 21:04:13,11112867599,,,,,24
183,27,79,8,5,111113612004634,10000.00,3.85,48,2026-05-18,,319.98,739.20,Pendiente,NEGOCIO,2026-05-22 14:56:33,2026-05-22 14:56:33,11112658700,,,,,48
184,53,119,6,5,111113612004634,25000.00,5.67,18,2026-05-20,,1799.96,1020.60,Pendiente,NEGOCIO,2026-05-22 15:22:21,2026-05-22 15:22:21,11113109760,11112998765,11112905127,11113047273,,18
185,22,60,6,5,111113612004634,13000.00,5.67,18,2026-05-20,,935.98,530.71,Pendiente,NEGOCIO,2026-05-22 15:29:40,2026-05-22 15:29:40,11112816492,,,,,18
186,58,140,9,5,111113612004634,6000.00,7.95,13,2026-05-18,,599.88,248.04,Pendiente,NEGOCIO,2026-05-22 15:44:52,2026-05-22 15:44:52,11113229030,11113004915,11112958365,,,13
187,57,137,9,5,111113612004634,2000.00,7.95,13,2026-05-19,,199.96,82.68,Pendiente,NEGOCIO,2026-05-22 17:44:41,2026-05-22 17:44:41,11113053988,,,,,13
188,3,114,5,5,111113612004634,4000.00,6.32,24,2026-05-19,,239.98,242.69,Pendiente,NEGOCIO,2026-05-22 20:32:41,2026-05-22 20:32:41,11113056638,,,,,24
189,24,67,5,5,111113612004634,12000.00,6.32,24,2026-05-21,,719.94,728.06,Pendiente,NEGOCIO,2026-05-22 21:23:38,2026-05-22 21:23:38,11112763680,,,,,24
190,26,78,5,5,111113612004634,6000.00,6.32,24,2026-05-22,,359.97,364.03,Pendiente,NEGOCIO,2026-05-22 21:29:08,2026-05-22 21:29:08,11112625987,,,,,24
191,10,25,5,5,111113612004634,25000.00,6.32,24,2026-05-21,,1499.87,1516.80,Pendiente,NEGOCIO,2026-05-22 21:56:15,2026-05-22 21:56:15,11112716716,11112792952,,,,24
192,32,88,6,5,111113612004634,22000.00,5.67,18,2026-05-21,,1583.97,898.13,Pendiente,NEGOCIO,2026-05-22 23:08:01,2026-05-22 23:08:01,11113218407,11113163277,,,,18
193,23,62,8,5,111113612004634,23000.00,3.85,48,2026-05-27,,735.96,1700.16,Pendiente,NEGOCIO,2026-05-28 15:21:18,2026-05-28 15:21:18,11113054433,,,,,48
194,3,114,5,5,111113612004634,7000.00,6.32,24,2026-05-26,,419.96,424.70,Pendiente,NEGOCIO,2026-05-28 15:54:19,2026-05-28 15:54:19,11113192667,,,,,24
195,19,48,9,5,111113612004634,3000.00,7.95,13,2026-05-27,,299.93,124.02,Pendiente,NEGOCIO,2026-05-28 15:59:18,2026-05-28 15:59:18,11112816934,,,,,13
196,12,29,6,5,111113612004634,21000.00,5.67,18,2026-05-29,,1511.96,857.31,Pendiente,NEGOCIO,2026-05-28 16:18:18,2026-05-28 16:18:18,11112988424,11112873397,11112886571,11113018670,,18
197,19,50,5,5,111113612004634,4000.00,6.32,24,2026-05-27,,239.98,242.69,Pendiente,NEGOCIO,2026-05-28 21:08:02,2026-05-28 21:08:02,11112914012,,,,,24
198,22,61,9,5,111113612004634,4000.00,7.95,13,2026-05-27,,399.91,165.36,Pendiente,NEGOCIO,2026-05-28 22:20:59,2026-05-28 22:20:59,11112872200,,,,,13
199,14,33,6,5,111113612004634,5000.00,5.67,18,2026-05-29,,359.99,204.12,Pendiente,NEGOCIO,2026-05-29 21:34:33,2026-05-29 21:34:33,11112792766,,,,,18
200,13,30,8,5,111113612004634,32000.00,3.85,48,2026-05-13,,1023.94,2365.44,Pendiente,NEGOCIO,2026-05-29 22:55:09,2026-05-29 22:55:09,11112859053,11112967766,,,,48
201,13,30,5,5,111113612004634,16000.00,6.32,24,2026-05-27,,959.92,970.76,Pendiente,NEGOCIO,2026-05-29 22:58:23,2026-05-29 22:58:23,11112859053,11112967766,,,,24
202,24,67,8,5,111113612004634,13000.00,3.85,48,2026-05-28,,415.98,960.96,Pendiente,NEGOCIO,2026-05-29 23:33:53,2026-05-29 23:33:53,11112828133,,,,,48
203,22,60,6,5,111113612004634,8000.00,5.67,18,2026-05-27,,575.99,326.59,Pendiente,NEGOCIO,2026-05-29 23:39:31,2026-05-29 23:39:31,11112871359,,,,,18
204,1,1,5,5,111113612004634,12000.00,6.32,24,2026-05-25,,719.93,728.07,Pendiente,NEGOCIO,2026-05-30 17:26:42,2026-05-30 17:26:42,11113186245,11113162874,11113189493,,,24
205,53,119,6,5,111113612004634,3000.00,5.67,18,2026-05-27,,216.00,122.47,Pendiente,NEGOCIO,2026-05-30 17:31:34,2026-05-30 17:31:34,11113023334,,,,,18
206,10,25,5,5,111113612004634,12000.00,6.32,24,2026-05-28,,719.94,728.06,Pendiente,NEGOCIO,2026-05-30 18:08:47,2026-05-30 18:08:47,11113102023,,,,,24
207,3,114,5,5,111113612004634,4000.00,6.32,24,2026-05-26,,239.98,242.69,Pendiente,NEGOCIO,2026-05-30 19:39:18,2026-05-30 19:39:18,11112887079,,,,,24
208,24,160,5,5,111113612004634,16500.00,6.32,24,2026-05-28,,989.91,1001.08,Pendiente,NEGOCIO,2026-06-01 20:51:34,2026-06-01 20:51:34,11113096161,11112761450,,,,24
209,24,68,8,5,111113612004634,13000.00,3.85,48,2026-05-28,,415.98,960.96,Pendiente,NEGOCIO,2026-06-01 20:58:55,2026-06-01 20:58:55,11112833441,,,,,48
210,25,73,5,5,111113612004634,7000.00,6.32,24,2026-04-28,,419.96,424.70,Pendiente,NEGOCIO,2026-06-03 16:33:20,2026-06-03 16:33:20,11112854078,,,,,24
211,42,109,9,5,111113612004634,4000.00,7.95,13,2026-06-04,,399.91,165.36,Pendiente,NEGOCIO,2026-06-04 17:38:41,2026-06-04 17:38:41,11112946318,,,,,13
212,21,58,5,5,111113612004634,9500.00,6.32,24,2026-06-05,,569.95,576.38,Pendiente,NEGOCIO,2026-06-04 17:50:15,2026-06-04 17:50:15,11112974293,,,,,24
213,15,34,5,5,111113612004634,9800.00,6.32,24,2026-06-02,,587.95,594.59,Pendiente,NEGOCIO,2026-06-04 18:07:19,2026-06-04 18:07:19,11112998182,,,,,24
214,33,93,5,5,111113612004634,12000.00,6.32,24,2026-06-05,,719.94,728.06,Pendiente,NEGOCIO,2026-06-04 18:25:51,2026-06-04 18:25:51,11112864704,,,,,24
215,19,48,9,5,111113612004634,4000.00,7.95,13,2026-06-03,,399.91,165.36,Pendiente,NEGOCIO,2026-06-04 18:39:35,2026-06-04 18:39:35,11112937194,,,,,13
216,33,93,5,5,111113612004634,23300.00,6.32,24,2026-06-05,,1397.88,1413.66,Pendiente,NEGOCIO,2026-06-04 21:56:19,2026-06-04 21:56:19,11112915373,11112849049,11113181739,,,24
217,53,119,9,5,111113612004634,3000.00,7.95,13,2026-06-03,,299.93,124.02,Pendiente,NEGOCIO,2026-06-05 18:17:23,2026-06-05 18:17:23,11113109760,,,,,13
218,53,120,6,5,111113612004634,10000.00,5.67,18,2026-06-03,,719.98,408.24,Pendiente,NEGOCIO,2026-06-05 18:40:07,2026-06-05 18:40:07,11113033150,11112785207,,,,18
219,26,77,8,5,111113612004634,15000.00,3.85,48,2026-06-05,,479.98,1108.80,Pendiente,NEGOCIO,2026-06-05 20:08:31,2026-06-05 20:08:31,11112939687,,,,,48
220,6,13,5,5,111113612004634,39200.00,6.32,24,2026-06-03,,2351.80,2378.36,Pendiente,NEGOCIO,2026-06-05 20:49:50,2026-06-05 20:49:50,11112934778,11112996211,11113129537,11112931340,,24
221,24,67,9,5,111113612004634,3000.00,7.95,13,2026-06-04,,299.93,124.02,Pendiente,NEGOCIO,2026-06-05 22:04:46,2026-06-05 22:04:46,11113046154,,,,,13
222,33,93,5,5,111113612004634,19000.00,6.32,24,2026-06-05,,1139.90,1152.77,Pendiente,NEGOCIO,2026-06-05 22:41:51,2026-06-05 22:41:51,11112874869,11113119485,,,,24
223,21,56,5,5,111113612004634,6000.00,6.32,24,2026-06-05,,359.97,364.03,Pendiente,NEGOCIO,2026-06-05 23:01:39,2026-06-05 23:01:39,11112862917,,,,,24
224,10,24,11,5,111113612004634,20000.00,5.86,32,2026-06-04,,964.88,1500.16,Pendiente,NEGOCIO,2026-06-05 23:09:45,2026-06-05 23:09:45,11112847319,,,,,32
225,10,24,8,5,111113612004634,15000.00,3.85,48,2026-06-04,,479.98,1108.80,Pendiente,NEGOCIO,2026-06-05 23:10:27,2026-06-05 23:10:27,11113115541,,,,,48
226,27,79,8,5,111113612004634,10000.00,3.85,48,2026-06-11,,319.98,739.20,Pendiente,Negocio,2026-06-09 16:59:19,2026-06-09 16:59:19,11113022524,,,,,48
227,1,118,5,5,111113612004634,6000.00,6.32,24,2026-06-08,,359.97,364.03,Pendiente,NEGOCIO,2026-06-10 19:01:05,2026-06-10 19:01:05,11113106411,,,,,24
228,1,14,5,5,111113612004634,8000.00,6.32,24,2026-06-08,,479.96,485.38,Pendiente,NEGOCIO,2026-06-10 19:03:32,2026-06-10 19:03:32,11113202376,,,,,24
229,33,93,5,5,111113612004634,20000.00,6.32,24,2026-06-12,,1199.90,1213.44,Pendiente,NEGOCIO,2026-06-10 19:16:03,2026-06-10 19:16:03,11113068907,11112896125,,,,24
230,21,58,5,5,111113612004634,9000.00,6.32,24,2026-06-12,,539.95,546.05,Pendiente,NEGOCIO,2026-06-10 19:29:11,2026-06-10 19:29:11,11113097725,,,,,24
231,48,152,6,5,111113612004634,11000.00,5.67,18,2026-06-12,,791.98,449.06,Pendiente,NEGOCIO,2026-06-10 19:35:53,2026-06-10 19:35:53,11113042732,,,,,18
232,56,135,9,5,111113612004634,2000.00,7.95,13,2026-06-08,,199.96,82.68,Pendiente,NEGOCIO,2026-06-10 20:08:30,2026-06-10 20:08:30,11113022051,,,,,13
233,44,128,5,5,111113612004634,7000.00,6.32,24,2026-06-09,,419.96,424.70,Pendiente,NEGOCIO,2026-06-10 20:20:56,2026-06-10 20:20:56,11113046199,,,,,24
234,47,122,38,5,111113612004634,10000.00,4.62,32,2026-06-08,,446.48,591.36,Pendiente,NEGOCIO,2026-06-10 22:02:18,2026-06-10 22:02:18,11112839763,,,,,32
235,15,35,5,5,111113612004634,4000.00,6.32,24,2026-06-09,,239.98,242.69,Pendiente,NEGOCIO,2026-06-10 22:35:15,2026-06-10 22:35:15,11112914985,,,,,24
236,47,166,6,5,111113612004634,8000.00,5.67,18,2026-06-08,,575.98,326.60,Pendiente,NEGOCIO,2026-06-11 13:52:56,2026-06-11 13:52:56,11113174457,11113004468,,,,18
237,13,31,5,5,111113612004634,10000.00,6.32,24,2026-06-10,,599.94,606.72,Pendiente,NEGOCIO,2026-06-11 14:11:13,2026-06-11 14:11:13,11112732871,11112979691,,,,24
238,26,75,5,5,111113612004634,33800.00,6.32,24,2026-06-12,,2027.82,2050.72,Pendiente,NEGOCIO,2026-06-11 17:30:32,2026-06-11 17:30:32,11112895952,11113098282,11113242625,,,24
239,22,61,6,5,111113612004634,6000.00,5.67,18,2026-06-10,,431.99,244.94,Pendiente,NEGOCIO,2026-06-11 18:21:48,2026-06-11 18:21:48,11112982584,,,,,18
240,26,75,5,5,111113612004634,9800.00,6.32,24,2026-06-12,,587.95,594.59,Pendiente,NEGOCIO,2026-06-11 19:06:17,2026-06-11 19:06:17,11112777460,,,,,24
241,26,76,8,5,111113612004634,10000.00,3.85,48,2026-06-12,,319.98,739.20,Pendiente,NEGOCIO,2026-06-12 18:02:15,2026-06-12 18:02:15,11112925822,,,,,48
242,22,61,9,5,111113612004634,2000.00,7.95,13,2026-06-10,,199.96,82.68,Pendiente,NEGOCIO,2026-06-12 20:47:49,2026-06-12 20:47:49,11113005497,,,,,13
243,10,125,5,5,111113612004634,3000.00,6.32,24,2026-06-11,,179.98,182.02,Pendiente,NEGOCIO,2026-06-12 21:05:27,2026-06-12 21:05:27,11113069896,,,,,24
244,56,135,6,5,111113612004634,4000.00,5.67,18,2026-06-08,,287.99,163.30,Pendiente,NEGOCIO,2026-06-12 21:29:34,2026-06-12 21:29:34,11113186271,,,,,18
245,32,87,6,5,111113612004634,4000.00,5.67,18,2026-06-11,,287.99,163.30,Pendiente,NEGOCIO,2026-06-12 21:36:00,2026-06-12 21:36:00,11112889189,,,,,18
246,10,24,8,5,111113612004634,15000.00,3.85,48,2026-06-11,,479.98,1108.80,Pendiente,NEGOCIO,2026-06-13 16:09:11,2026-06-13 16:09:11,11113053166,,,,,48
247,24,160,9,5,111113612004634,6000.00,7.95,13,2026-06-11,,599.86,248.04,Pendiente,NEGOCIO,2026-06-13 16:19:53,2026-06-13 16:19:53,11112956989,11113113052,,,,13
248,1,1,5,5,11119423046816,4000.00,6.32,24,2026-06-15,,239.98,242.69,Pendiente,NEGOCIO,2026-06-15 19:57:34,2026-06-15 19:57:34,11112839233,,,,,24
249,2,3,6,5,111113612004634,13000.00,5.67,18,2026-06-17,,935.98,530.71,Pendiente,NEGOCIO,2026-06-16 18:33:34,2026-06-16 18:33:34,11112954434,,,,,18
250,19,48,8,5,111113612004634,15000.00,3.85,48,2026-06-10,,479.98,1108.80,Pendiente,NEGOCIO,2026-06-17 17:20:53,2026-06-17 17:20:53,11113112747,,,,,48
251,26,76,38,5,111113612004634,10000.00,4.62,32,2026-06-19,,446.48,591.36,Pendiente,NEGOCIO,2026-06-18 15:15:17,2026-06-18 15:15:17,11113315176,,,,,32
252,1,14,5,5,111113612004634,13800.00,6.32,24,2026-06-15,,827.93,837.28,Pendiente,NEGOCIO,2026-06-18 15:44:41,2026-06-18 15:44:41,11112935428,11112925238,,,,24
253,26,78,5,5,111113612004634,6000.00,6.32,24,2026-06-19,,359.96,364.04,Pendiente,NEGOCIO,2026-06-18 16:08:07,2026-06-18 16:08:07,11112994198,11112911821,,,,24
254,58,140,6,5,111113612004634,28000.00,5.67,18,2026-06-16,,2015.96,1143.06,Pendiente,NEGOCIO,2026-06-18 16:37:01,2026-06-18 16:37:01,11113229030,11112958365,11112897765,11113004915,11113062348,18
255,26,78,5,5,111113612004634,6000.00,6.32,24,2026-06-19,,359.96,364.04,Pendiente,NEGOCIO,2026-06-18 17:05:39,2026-06-18 17:05:39,11112914791,11113023526,,,,24
256,26,77,38,5,111113612004634,8000.00,4.62,32,2026-06-19,,357.18,473.09,Pendiente,NEGOCIO,2026-06-18 17:13:18,2026-06-18 17:13:18,11113007902,,,,,32
257,24,70,5,5,111113612004634,7000.00,6.32,24,2026-06-18,,419.96,424.70,Pendiente,NEGOCIO,2026-06-18 17:54:38,2026-06-18 17:54:38,11112801054,,,,,24
258,32,87,6,5,111113612004634,4000.00,5.67,18,2026-06-18,,287.99,163.30,Pendiente,NEGOCIO,2026-06-18 22:01:56,2026-06-18 22:01:56,11112936233,,,,,18
259,64,167,6,5,111113612004634,20000.00,5.67,18,2026-06-19,,1439.95,816.50,Pendiente,NEGOCIO,2026-06-19 22:08:35,2026-06-19 22:08:35,11112838338,11112987168,11113031567,11112866965,11112903021,18
260,22,60,9,5,111113612004634,4000.00,7.95,13,2026-06-17,,399.91,165.36,Pendiente,NEGOCIO,2026-06-19 22:23:42,2026-06-19 22:23:42,11112816492,,,,,13
261,21,59,5,5,111113612004634,5000.00,6.32,24,2026-06-19,,299.97,303.36,Pendiente,NEGOCIO,2026-06-19 22:31:07,2026-06-19 22:31:07,11112972833,,,,,24
262,24,68,8,5,111113612004634,15000.00,3.85,48,2026-06-18,,479.98,1108.80,Pendiente,NEGOCIO,2026-06-19 22:52:51,2026-06-19 22:52:51,11112956989,,,,,48
263,24,65,8,5,111113612004634,13000.00,3.85,48,2026-06-18,,415.98,960.96,Pendiente,NEGOCIO,2026-06-19 23:03:24,2026-06-19 23:03:24,11112882874,,,,,48
264,55,133,6,5,111113612004634,16000.00,5.67,18,2026-06-16,,1151.98,653.18,Pendiente,NEGOCIO,2026-06-19 23:17:46,2026-06-19 23:17:46,11112881133,11113095404,11112952632,11113003747,,18
265,21,55,5,5,111113612004634,12000.00,6.32,24,2026-06-19,,719.94,728.06,Pendiente,NEGOCIO,2026-06-19 23:21:20,2026-06-19 23:21:20,11113023238,,,,,24
266,26,76,5,5,111113612004634,14000.00,6.32,24,2026-06-19,,839.93,849.41,Pendiente,NEGOCIO,2026-06-20 14:49:13,2026-06-20 14:49:13,11113072620,,,,,24
267,24,66,5,5,111113612004634,12000.00,6.32,24,2026-06-18,,719.94,728.06,Pendiente,NEGOCIO,2026-06-20 17:27:12,2026-06-20 17:27:12,11112963613,,,,,24
268,1,1,5,5,111113612004634,14000.00,6.32,24,2026-06-22,,839.92,849.42,Pendiente,NEGOCIO,2026-06-25 21:57:38,2026-06-25 21:57:38,11113034548,11112807935,11112996352,,,24
269,3,6,9,5,111113612004634,3000.00,7.95,13,2026-06-23,,299.93,124.02,Pendiente,NEGOCIO,2026-06-25 22:06:29,2026-06-25 22:06:29,11112938595,,,,,13
270,44,129,5,5,111113612004634,13000.00,6.32,24,2026-06-23,,779.93,788.74,Pendiente,NEGOCIO,2026-06-25 22:21:14,2026-06-25 22:21:14,11112948100,11112842761,,,,24
271,15,35,5,5,111113612004634,6000.00,6.32,24,2026-06-23,,359.97,364.03,Pendiente,NEGOCIO,2026-06-25 22:29:01,2026-06-25 22:29:01,11112874979,,,,,24
272,47,164,9,5,111113612004634,2000.00,7.95,13,2026-06-22,,199.96,82.68,Pendiente,NEGOCIO,2026-06-25 22:33:57,2026-06-25 22:33:57,11113006480,,,,,13
273,10,26,5,5,111113612004634,12000.00,6.32,24,2026-06-25,,719.94,728.06,Pendiente,NEGOCIO,2026-06-25 22:41:04,2026-06-25 22:41:04,11112724518,,,,,24
274,45,147,9,5,111113612004634,3000.00,7.95,13,2026-06-23,,299.93,124.02,Pendiente,NEGOCIO,2026-06-25 22:53:51,2026-06-25 22:53:51,11113005775,,,,,13
275,1,118,9,5,111113612004634,2000.00,7.95,13,2026-06-22,,199.96,82.68,Pendiente,NEGOCIO,2026-06-26 21:37:42,2026-06-26 21:37:42,11113106411,,,,,13
276,6,13,9,5,111113612004634,4000.00,7.95,13,2026-06-24,,399.91,165.36,Pendiente,NEGOCIO,2026-06-26 21:46:13,2026-06-26 21:46:13,11112931340,,,,,13
277,24,66,5,5,111113612004634,19600.00,6.32,24,2026-06-25,,1175.90,1189.18,Pendiente,NEGOCIO,2026-06-26 22:11:49,2026-06-26 22:11:49,11113184661,11112924530,,,,24
278,1,1,38,5,111113612004634,8000.00,4.62,32,2026-06-22,,357.18,473.09,Pendiente,NEGOCIO,2026-06-26 22:20:46,2026-06-26 22:20:46,11112839233,,,,,32
279,1,118,9,5,111113612004634,2000.00,7.95,13,2026-06-22,,199.96,82.68,Pendiente,NEGOCIO,2026-06-26 22:35:31,2026-06-26 22:35:31,11113052056,,,,,13
280,3,5,5,5,111113612004634,14000.00,6.32,24,2026-06-26,,839.93,849.41,Pendiente,NEGOCIO,2026-06-27 19:17:28,2026-06-27 19:17:28,11112973194,,,,,24
281,21,58,38,5,111113612004634,10000.00,4.62,32,2026-06-26,,446.48,591.36,Pendiente,NEGOCIO,2026-06-29 21:26:31,2026-06-29 21:26:31,11112837856,,,,,32
282,26,78,5,5,111113612004634,23000.00,6.32,24,2026-06-26,,1379.87,1395.46,Pendiente,NEGOCIO,2026-06-29 21:34:50,2026-06-29 21:34:50,11112893766,11113037690,11112806809,,,24
283,33,90,9,5,111113612004634,4000.00,7.95,13,2026-06-26,,399.91,165.36,Pendiente,NEGOCIO,2026-06-29 21:54:00,2026-06-29 21:54:00,11113203334,,,,,13
284,32,87,6,5,111113612004634,9800.00,5.67,18,2026-06-25,,705.59,400.08,Pendiente,NEGOCIO,2026-06-29 22:03:29,2026-06-29 22:03:29,11113045113,,,,,18
285,32,88,8,5,111113612004634,15000.00,3.85,48,2026-06-25,,479.98,1108.80,Pendiente,NEGOCIO,2026-06-29 22:18:03,2026-06-29 22:18:03,11112938387,,,,,48
286,56,135,6,5,111113612004634,8000.00,5.67,18,2026-06-22,,575.99,326.59,Pendiente,NEGOCIO,2026-06-29 22:21:10,2026-06-29 22:21:10,11112869659,,,,,18
287,24,68,9,5,111113612004634,2000.00,7.95,13,2026-06-25,,199.96,82.68,Pendiente,NEGOCIO,2026-06-29 22:24:38,2026-06-29 22:24:38,11113081447,,,,,13
288,27,80,5,5,111113612004634,9800.00,6.32,24,2026-06-20,,587.95,594.59,Pendiente,NEGOCIO,2026-07-02 22:16:51,2026-07-02 22:16:51,11112777895,,,,,24
289,44,128,5,5,111113612004634,9800.00,6.32,24,2026-06-30,,587.95,594.59,Pendiente,NEGOCIO,2026-07-02 22:26:36,2026-07-02 22:26:36,11112819235,,,,,24
290,21,56,5,5,111113612004634,6000.00,6.32,24,2026-07-03,,359.97,364.03,Pendiente,NEGOCIO,2026-07-02 22:42:18,2026-07-02 22:42:18,11112952328,,,,,24
291,33,91,5,5,111113612004634,9800.00,6.32,24,2026-07-03,,587.95,594.59,Pendiente,NEGOCIO,2026-07-02 22:46:54,2026-07-02 22:46:54,11113028141,,,,,24
292,46,127,6,5,111113612004634,6000.00,5.67,18,2026-07-02,,431.99,244.94,Pendiente,NEGOCIO,2026-07-03 21:42:35,2026-07-03 21:42:35,11112886288,,,,,18
293,6,146,5,5,111113612004634,9800.00,6.32,24,2026-07-01,,587.95,594.59,Pendiente,NEGOCIO,2026-07-03 21:43:30,2026-07-03 21:43:30,11112952009,,,,,24
294,1,118,9,5,111113612004634,2000.00,7.95,13,2026-06-29,,199.96,82.68,Pendiente,NEGOCIO,2026-07-03 21:44:28,2026-07-03 21:44:28,11113102113,,,,,13
295,22,158,6,5,111113612004634,22800.00,5.67,18,2026-07-01,,1641.57,930.79,Pendiente,NEGOCIO,2026-07-03 21:46:09,2026-07-03 21:46:09,11112872200,11112917334,,,,18
296,45,147,6,5,111113612004634,6000.00,5.67,18,2026-06-30,,431.99,244.94,Pendiente,NEGOCIO,2026-07-03 21:46:56,2026-07-03 21:46:56,11112859540,,,,,18
297,54,139,6,5,111113612004634,6000.00,5.67,18,2026-07-03,,431.99,244.94,Pendiente,NEGOCIO,2026-07-03 21:47:54,2026-07-03 21:47:54,11113271100,,,,,18
298,21,58,9,5,111113612004634,3000.00,7.95,13,2026-07-03,,299.93,124.02,Pendiente,NEGOCIO,2026-07-03 21:49:03,2026-07-03 21:49:03,11112918295,,,,,13
299,32,88,6,5,111113612004634,7000.00,5.67,18,2026-07-02,,503.99,285.77,Pendiente,NEGOCIO,2026-07-03 21:49:50,2026-07-03 21:49:50,11112828093,,,,,18
300,48,153,6,5,111113612004634,8000.00,5.67,18,2026-07-03,,575.99,326.59,Pendiente,NEGOCIO,2026-07-03 21:50:33,2026-07-03 21:50:33,11112802275,,,,,18
301,58,171,6,5,111113612004634,3000.00,5.67,18,2026-06-29,,216.00,122.47,Pendiente,NEGOCIO,2026-07-03 21:51:36,2026-07-03 21:51:36,11112973732,,,,,18
302,33,90,8,5,111113612004634,18000.00,3.85,48,2026-07-03,,575.97,1330.56,Pendiente,NEGOCIO,2026-07-04 04:09:12,2026-07-04 04:09:12,11112874869,,,,,48
303,15,35,5,5,111113612004634,6000.00,6.32,24,2026-06-30,,359.97,364.03,Pendiente,NEGOCIO,2026-07-04 04:10:32,2026-07-04 04:10:32,11112935138,,,,,24
304,26,74,5,5,111113612004634,8000.00,6.32,24,2026-07-03,,479.96,485.38,Pendiente,NEGOCIO,2026-07-04 04:12:12,2026-07-04 04:12:12,11112808669,,,,,24
305,32,172,6,5,111113612004634,4000.00,5.67,18,2026-07-02,,287.99,163.30,Pendiente,NEGOCIO,2026-07-04 04:18:10,2026-07-04 04:18:10,11113046773,,,,,18
306,65,169,6,5,111113612004634,12000.00,5.67,18,2026-07-02,,864.00,489.88,Pendiente,NEGOCIO,2026-07-04 04:23:49,2026-07-04 04:23:49,11113222743,11112964591,11113087803,11113179982,,18
307,1,118,5,5,111113612004634,6000.00,6.32,24,2026-07-06,,359.97,364.03,Pendiente,NEGOCIO,2026-07-09 19:16:59,2026-07-09 19:16:59,11113232046,,,,,24
308,2,3,6,5,111113612004634,9800.00,5.67,18,2026-07-08,,705.59,400.08,Pendiente,NEGOCIO,2026-07-09 19:55:29,2026-07-09 19:55:29,11112979148,,,,,18
309,53,120,9,5,111113612004634,2000.00,7.95,13,2026-07-08,,199.96,82.68,Pendiente,NEGOCIO,2026-07-09 20:02:34,2026-07-09 20:02:34,11112785207,,,,,13
310,53,119,9,5,111113612004634,3000.00,7.95,13,2026-07-08,,299.93,124.02,Pendiente,NEGOCIO,2026-07-09 20:03:59,2026-07-09 20:03:59,11112998765,,,,,13
311,33,92,5,5,111113612004634,8000.00,6.32,24,2026-07-10,,479.96,485.38,Pendiente,NEGOCIO,2026-07-09 20:15:19,2026-07-09 20:15:19,11112897851,,,,,24
312,26,75,5,5,111113612004634,9800.00,6.32,24,2026-07-10,,587.95,594.59,Pendiente,NEGOCIO,2026-07-09 20:40:03,2026-07-09 20:40:03,11113139475,,,,,24
313,47,164,6,5,111113612004634,8000.00,5.67,18,2026-07-06,,575.99,326.59,Pendiente,NEGOCIO,2026-07-09 20:47:57,2026-07-09 20:47:57,11112823381,,,,,18
314,6,13,5,5,111113612004634,9000.00,6.32,24,2026-07-08,,539.95,546.05,Pendiente,NEGOCIO,2026-07-09 20:54:12,2026-07-09 20:54:12,11112824835,,,,,24
315,22,60,6,5,111113612004634,13000.00,5.67,18,2026-07-08,,935.98,530.71,Pendiente,NEGOCIO,2026-07-09 21:09:08,2026-07-09 21:09:08,11113207666,,,,,18
316,22,61,9,5,111113612004634,3000.00,7.95,13,2026-07-08,,299.93,124.02,Pendiente,NEGOCIO,2026-07-09 21:09:49,2026-07-09 21:09:49,11112982584,,,,,13
317,19,50,5,5,111113612004634,4000.00,6.32,24,2026-07-08,,239.98,242.69,Pendiente,NEGOCIO,2026-07-09 21:22:45,2026-07-09 21:22:45,11113074398,,,,,24
318,1,118,9,5,111113612004634,2000.00,7.95,13,2026-07-06,,199.96,82.68,Pendiente,NEGOCIO,2026-07-09 22:04:17,2026-07-09 22:04:17,11112941078,,,,,13
319,57,165,5,5,111113612004634,4000.00,6.32,24,2026-07-07,,239.98,242.69,Pendiente,NEGOCIO,2026-07-09 22:13:13,2026-07-09 22:13:13,11112982881,,,,,24
320,57,165,9,5,111113612004634,3000.00,7.95,13,2026-07-07,,299.93,124.02,Pendiente,NEGOCIO,2026-07-09 22:16:30,2026-07-09 22:16:30,11112823652,,,,,13
321,19,50,9,5,111113612004634,3000.00,7.95,13,2026-07-08,,299.93,124.02,Pendiente,NEGOCIO,2026-07-09 23:32:58,2026-07-09 23:32:58,11112739079,,,,,13
322,15,34,9,5,111113612004634,4000.00,7.95,13,2026-07-07,,399.91,165.36,Pendiente,NEGOCIO,2026-07-09 23:38:50,2026-07-09 23:38:50,11112998182,,,,,13
323,21,57,9,5,111113612004634,3000.00,7.95,13,2026-07-10,,299.93,124.02,Pendiente,NEGOCIO,2026-07-10 19:51:58,2026-07-10 19:51:58,11113082146,,,,,13
324,10,26,5,5,111113612004634,11000.00,6.32,24,2026-07-09,,659.94,667.39,Pendiente,NEGOCIO,2026-07-10 20:04:51,2026-07-10 20:04:51,11113209269,,,,,24
325,50,123,9,5,111113612004634,3000.00,7.95,13,2026-07-06,,299.93,124.02,Pendiente,NEGOCIO,2026-07-10 20:30:12,2026-07-10 20:30:12,11112818097,,,,,13
326,54,139,6,5,111113612004634,14000.00,5.67,18,2026-07-09,,1007.98,571.53,Pendiente,NEGOCIO,2026-07-10 20:34:20,2026-07-10 20:34:20,11113121988,11112977454,,,,18
327,42,109,5,5,111113612004634,4000.00,6.32,24,2026-07-09,,239.98,242.69,Pendiente,NEGOCIO,2026-07-10 20:38:18,2026-07-10 20:38:18,11112833520,,,,,24
328,24,161,5,5,111113612004634,5000.00,6.32,24,2026-07-09,,299.97,303.36,Pendiente,NEGOCIO,2026-07-10 20:40:30,2026-07-10 20:40:30,11112939631,,,,,24
329,24,66,8,5,111113612004634,13000.00,3.85,48,2026-07-09,,415.98,960.96,Pendiente,NEGOCIO,2026-07-10 22:59:03,2026-07-10 22:59:03,11112963613,,,,,48
330,24,70,8,5,111113612004634,15000.00,3.85,48,2026-07-09,,479.98,1108.80,Pendiente,NEGOCIO,2026-07-10 23:01:50,2026-07-10 23:01:50,11113096161,,,,,48
331,21,56,8,5,111113612004634,15000.00,3.85,48,2026-07-10,,479.98,1108.80,Pendiente,NEGOCIO,2026-07-10 23:16:21,2026-07-10 23:16:21,11113042756,,,,,48
332,26,76,11,5,111113612004634,30000.00,5.86,32,2026-07-10,,1447.32,2250.24,Pendiente,NEGOCIO,2026-07-10 23:20:40,2026-07-10 23:20:40,11112958035,,,,,32
333,26,77,5,5,111113612004634,6000.00,6.32,24,2026-07-17,,359.97,364.03,Pendiente,NEGOCIO,2026-07-16 17:51:25,2026-07-16 17:51:25,11113116034,,,,,24
334,55,174,6,5,111113612004634,8000.00,5.67,18,2026-07-14,,575.98,326.60,Pendiente,NEGOCIO,2026-07-16 23:24:02,2026-07-16 23:24:02,11112867783,11113071228,,,,18
335,27,80,5,5,111113612004634,8000.00,6.32,24,2026-07-16,,479.96,485.38,Pendiente,NEGOCIO,2026-07-16 23:38:41,2026-07-16 23:38:41,11113092434,11112626052,,,,24
336,3,6,5,5,111113612004634,16000.00,6.32,24,2026-07-14,,959.92,970.75,Pendiente,NEGOCIO,2026-07-16 23:53:48,2026-07-16 23:53:48,11112858472,11113265056,,,,24
337,33,92,11,5,111113612004634,25000.00,5.86,32,2026-07-17,,1206.10,1875.20,Pendiente,NEGOCIO,2026-07-17 19:08:11,2026-07-17 19:08:11,11112879732,,,,,32
338,1,118,5,5,111113612004634,6000.00,6.32,24,2026-07-13,,359.97,364.03,Pendiente,NEGOCIO,2026-07-17 19:18:45,2026-07-17 19:18:45,11113052056,,,,,24
339,10,24,5,5,111113612004634,12000.00,6.32,24,2026-07-16,,719.94,728.06,Pendiente,NEGOCIO,2026-07-17 19:39:00,2026-07-17 19:39:00,11113115541,,,,,24
340,22,158,6,5,111113612004634,16000.00,5.67,18,2026-07-15,,1151.98,653.19,Pendiente,NEGOCIO,2026-07-17 20:19:58,2026-07-17 20:19:58,11113005497,11113264674,,,,18
341,10,24,5,5,111113612004634,13000.00,6.32,24,2026-07-16,,779.93,788.74,Pendiente,NEGOCIO,2026-07-17 20:28:14,2026-07-17 20:28:14,11113299859,,,,,24
342,2,141,6,5,111113612004634,4000.00,5.67,18,2026-07-15,,287.99,163.30,Pendiente,NEGOCIO,2026-07-17 20:37:50,2026-07-17 20:37:50,11112947297,,,,,18
343,48,121,6,5,111113612004634,8000.00,5.67,18,2026-07-17,,575.99,326.59,Pendiente,NEGOCIO,2026-07-17 21:22:27,2026-07-17 21:22:27,11112778298,,,,,18
344,33,92,5,5,111113612004634,9500.00,6.32,24,2026-07-17,,569.95,576.38,Pendiente,NEGOCIO,2026-07-17 21:27:07,2026-07-17 21:27:07,11113018033,,,,,24
345,55,133,38,5,111113612004634,10000.00,4.62,32,2026-07-14,,446.48,591.36,Pendiente,NEGOCIO,2026-07-17 21:31:59,2026-07-17 21:31:59,11112881133,,,,,32
346,19,48,9,5,111113612004634,4000.00,7.95,13,2026-07-15,,399.91,165.36,Pendiente,NEGOCIO,2026-07-17 21:38:27,2026-07-17 21:38:27,11113182605,,,,,13
347,24,66,5,5,111113612004634,14000.00,6.32,24,2026-07-16,,839.93,849.41,Pendiente,NEGOCIO,2026-07-17 21:50:13,2026-07-17 21:50:13,11112773739,,,,,24
348,24,69,11,5,111113612004634,30000.00,5.86,32,2026-07-16,,1447.32,2250.24,Pendiente,NEGOCIO,2026-07-17 22:29:55,2026-07-17 22:29:55,11112881178,,,,,32
349,24,66,11,5,111113612004634,25000.00,5.86,32,2026-07-16,,1206.10,1875.20,Pendiente,NEGOCIO,2026-07-17 22:42:13,2026-07-17 22:42:13,11112971667,,,,,32
350,66,175,6,5,111113612004634,20000.00,5.67,18,2026-07-15,,1439.95,816.50,Pendiente,NEGOCIO,2026-07-17 23:03:08,2026-07-17 23:03:08,11113004656,11112767272,11112933326,11112857174,11112951374,18
351,67,178,6,5,111113612004634,24000.00,5.67,18,2026-07-22,,1727.94,979.80,Pendiente,NEGOCIO,2026-07-22 20:31:52,2026-07-22 20:31:52,11112913625,11112939450,11113145552,11113179794,11113015330,18
352,33,93,9,5,111113612004634,4000.00,7.95,13,2026-07-24,,399.91,165.36,Pendiente,NEGOCIO,2026-07-22 20:54:47,2026-07-22 20:54:47,11113119485,,,,,13
353,27,80,5,5,111113612004634,63000.00,6.32,24,2026-07-20,,3779.67,3822.35,Pendiente,NEGOCIO,2026-07-22 21:28:40,2026-07-22 21:28:40,11112658700,11112748267,11113101306,11113022524,11112754934,24
354,57,137,5,5,111113612004634,21000.00,6.32,24,2026-07-21,,1259.88,1274.10,Pendiente,NEGOCIO,2026-07-22 22:16:12,2026-07-22 22:16:12,11112833535,11112897750,11113053988,,,24
355,40,107,6,5,111113612004634,24600.00,5.67,18,2026-07-22,,1771.17,1004.27,Pendiente,NEGOCIO,2026-07-23 14:19:27,2026-07-23 14:19:27,11112936286,11112919969,11112981187,,,18
356,26,77,5,5,111113612004634,17000.00,6.32,24,2026-07-24,,1019.91,1031.43,Pendiente,NEGOCIO,2026-07-23 14:47:38,2026-07-23 14:47:38,11113315176,11113116034,,,,24
357,21,55,11,5,111113612004634,30000.00,5.86,32,2026-07-24,,1447.32,2250.24,Pendiente,NEGOCIO,2026-07-23 15:01:36,2026-07-23 15:01:36,11112888569,,,,,32
358,27,80,5,5,111113612004634,14000.00,6.32,24,2026-07-20,,839.92,849.40,Pendiente,NEGOCIO,2026-07-23 23:06:11,2026-07-23 23:06:11,11112626649,11112622956,,,,24
359,1,1,8,5,111113612004634,15000.00,3.85,48,2026-07-20,,479.98,1108.80,Pendiente,NEGOCIO,2026-07-23 23:22:31,2026-07-23 23:22:31,11113034548,,,,,48
360,54,131,6,5,111113612004634,10000.00,5.67,18,2026-07-23,,719.98,408.24,Pendiente,NEGOCIO,2026-07-23 23:39:50,2026-07-23 23:39:50,11113125574,11113004199,,,,18
361,24,65,5,5,111113612004634,14000.00,6.32,24,2026-07-23,,839.93,849.41,Pendiente,NEGOCIO,2026-07-24 16:21:39,2026-07-24 16:21:39,11113021078,,,,,24
362,22,158,9,5,111113612004634,3000.00,7.95,13,2026-07-22,,299.93,124.02,Pendiente,NEGOCIO,2026-07-24 16:31:42,2026-07-24 16:31:42,11112917334,,,,,13
363,50,124,9,5,111113612004634,3000.00,7.95,13,2026-07-20,,299.93,124.02,Pendiente,NEGOCIO,2026-07-24 16:43:38,2026-07-24 16:43:38,11113061706,,,,,13
364,46,127,6,5,111113612004634,25000.00,5.67,18,2026-07-23,,1799.97,1020.59,Pendiente,NEGOCIO,2026-07-24 17:19:28,2026-07-24 17:19:28,11112878795,11112984529,11113026843,11113172654,,18
