id_ticket,id_movimiento,folio,codigo_verificacion,firma,generado_por,fecha_generacion,comentario
1,3976,TK-2026-3976,ZC5Q-WHHQ-P7BA-XFKC,Zc5qWhhQP7bAxFKcoa3AGhKComZoj_9wd9DpSV-4d8I,111113612603105,2026-06-25 19:00:34,"SE DEPOSITAN LA SIGUIENTE GARANTIA YA QUE EL CLIENTE TIENE UNA LINEA MENSUAL LA CUAL EMPEZO EM MARZO POR CUESTIONES DE LOGISTICA EL DIA DE HOY SE PONE AL CORRIENTE CON LAS GARANTIAS DE LOS MESES MARZO , ABRIL Y MAYO."
2,4205,TK-2026-4205,2CA6-RCKI-WIYC-NQVM,2cA6R_ckIWIycn_qvmbURn4FdtBCUyi7RtP_LIyvFCg,111113612603105,2026-06-29 17:15:15,SE DEPOSITA LA GARANTIA COMPLEMENTARIA $375.00 PESOS
3,4207,TK-2026-4207,EUR0-ELA2-K630-QPZN,eUR0ELa2k630qpZNRRo2yfmDJq9Qdn0HiCTj26k9SOA,111113612603105,2026-06-29 18:02:21,SE DEPOSITA EL COMPLEMENTO DE LA LINEA DE LA SRA LETICIA QUE ABARCA DEL 17-03-206 AL 23-06-2026 CIERRE AL PAGO 15
4,4209,TK-2026-4209,NGJS-IAXP-TLHM-JWTP,ngjsIaXPtLhMJwtpO54_OVV8lPDc3CTvj5FLY-pcfjA,111113612603105,2026-06-29 18:14:26,deposito complementario del 31-03-2026 al 23-06-2026
5,4211,TK-2026-4211,IIHX-PKY6-SYRE-KTHD,I-IHXpKy6SYrEk-ThD5ydnsBP19q0bC7dexOVPCOsQ8,111113612603105,2026-06-29 22:46:49,
6,4213,TK-2026-4213,IARX-6V2L-CKYV-MW8I,iARx6v2lCkyVMW8IYqgiT564GdB42uY83hRRhx7aF7E,111113612603105,2026-06-29 23:10:37,
7,4215,TK-2026-4215,9JJO-NHKV-HUND-XYNH,9JJONhkvhUndxyNhsp-JNjy6Q1wZtR0KEDikcO6ihyk,111113612603105,2026-06-29 23:25:02,
8,4273,TK-2026-4273,9TL8-5PSD-04NY-QIP3,9tL85PSD04NyQIp3dDP_5uIn5BwRiT93IhRfafoHFUI,111113612603105,2026-06-30 15:41:39,
9,4275,TK-2026-4275,LLNZ-WGC6-QIVY-VVU6,LlNzWGc6qi-vyv-vU6gnTFFJJBiiqLC85dwKJpFELvs,111113612603105,2026-06-30 16:37:44,
10,4276,TK-2026-4276,6Q0M-HVGD-YIRY-XEVA,6Q0MHVGdyiRyXEVaLKsZGltpuyo26n37pWwrZM2jU68,111113612603105,2026-06-30 16:37:45,
11,4377,TK-2026-4377,K0JY-SEMC-6W8G-DAOG,K0jYSEmc6W8GDAOGSXUP357Ik5ljj5NXzkpFkIwJ-08,111113612603105,2026-07-06 16:50:04,
12,4378,TK-2026-4378,QD0V-PMWU-K5U7-VOAJ,Qd0vpmwUk5u7VoAJc_ZXQygJJ8pNfNHgAfx8JKVnugo,111113612603105,2026-07-06 16:50:05,
13,4381,TK-2026-4381,Z7PD-SSIB-N60P-BDWO,Z_7PDsSIbN60PbDWOsr0JaXRvXLFG1FhxXt5H1sZJ6w,111113612603105,2026-07-06 17:12:43,GARANTIAS QUE ABARCAN DEL 17-03-2026 AL 29-06-2026
14,4383,TK-2026-4383,UM7F-R8KI-ZX2C-CPLX,UM7fr8kIzX2c_cPLxh57P6iqdWi1ZZrY9YofTViWWnA,111113612603105,2026-07-06 17:56:28,
15,4384,TK-2026-4384,XXAY-CDFF-OA08-4JOT,xX-AyCDFfoa084jOTn1vHM66Xc0U9qDO1MgElDhX49Q,111113612603105,2026-07-06 17:56:28,
16,4387,TK-2026-4387,JTEK-U423-RVTO-B1QJ,jteKu423RVtOB1qjLGwHqgF8mLltwhFeAP0OXGPujis,111113612603105,2026-07-06 18:14:05,
17,4389,TK-2026-4389,FSMO-13AN-9B48-CXZT,fSMo13aN9b48CXzt1faQmPeDv2aMs4e-rdXfg4WJcBQ,111113612603105,2026-07-06 18:34:24,
18,4392,TK-2026-4392,VFTO-UTFX-NRJH-EF9A,VfToutfxnrJhEf9AONaIidpzIFYAYH3kvfnpWKuKIq8,111113612603105,2026-07-06 18:49:21,
19,4394,TK-2026-4394,FBQ9-TJPI-MUJM-5NZR,fbQ9tJ-PimuJM5nZrGbbgxujypb-j1MzZ3_ssJicfI0,111113612603105,2026-07-06 18:59:09,
20,4396,TK-2026-4396,9UCJ-CMYD-MZ1O-XAWN,9UcjCMyDmZ1oxA_WnP7cHwuGl3I7YBKgShWZ396gO9E,111113612603105,2026-07-06 19:19:13,
21,4398,TK-2026-4398,NHZL-NOFG-RCDV-SFLN,NhZLNoFGRcD_VsFlNODfmqmolaEUjiRt8hXx9GJEd_A,111113612603105,2026-07-06 19:52:30,
22,4399,TK-2026-4399,CZIF-HJLT-ANLJ-FNDU,czIfhjLtanlJFndub7EfiUK5jrNa_QgVCmc94m012bY,111113612603105,2026-07-06 19:52:31,
23,4403,TK-2026-4403,AG91-NL31-TPQV-AQV5,AG91nL31TpQvAqv5sMzj_8fgPwLjISk_NXWwHfz5EAg,111113612603105,2026-07-15 16:12:43,
24,4404,TK-2026-4404,N1KL-8H1J-4OPO-UMOR,N1Kl8h1J4opoumORTubXk3-RNiLPcMmZFrl3csim3wI,111113612603105,2026-07-15 16:12:44,
25,4405,TK-2026-4405,GP2M-H8OF-ASG9-CWIU,gp2mH8ofAsG9cWiuHN48xEnzjZgC1GfkWkrkHh5b5sE,111113612603105,2026-07-15 16:12:44,
26,4406,TK-2026-4406,IEEH-A514-KG3K-ZP8L,ieeha514Kg3kZp8lQk7AJNg__BspzJ1g_iQMbfzwdDo,111113612603105,2026-07-15 16:12:44,
27,4411,TK-2026-4411,MCVH-4GGK-XN3O-XRKV,Mcvh4ggkXN3OxrKvLuYmVs41w9oYjVHnCycJzt-bjP4,111113612603105,2026-07-15 16:23:51,
28,4413,TK-2026-4413,PET6-CVSC-SDY7-GLOR,pET6cvsCsdY7GLOR39YDkfuET5lrigrtnFjKsdI-mCE,111113612603105,2026-07-15 16:40:52,
29,4414,TK-2026-4414,AUVD-T9EN-XWXN-XMT7,AUVDT9eNXWXnxMT7N6bYgN5nvwXdIzJ1nMRLEBj8utU,111113612603105,2026-07-15 16:40:59,
30,4417,TK-2026-4417,M4MI-MJO0-QNJG-R8QK,M4MImjO0QnJGR8QkpCfAmAm4TST55KRsGHHs8Zsp0-o,111113612603105,2026-07-15 16:59:50,
31,4419,TK-2026-4419,TZ2I-HO8O-LCSR-QFTU,T_z2IhO8OlcSrQ-F_tUynXuv0IM8NZu1K5IHMbR5UXM,111113612603105,2026-07-15 18:13:47,
32,4420,TK-2026-4420,Q0ZF-21KN-IB1R-LSCT,q0ZF21kNIb1rlsctHm2gbPM8rWukuS3-hphSpLMr3Aw,111113612603105,2026-07-15 18:13:47,
33,4421,TK-2026-4421,CS05-US8E-J5EO-VTJV,Cs05Us8Ej5eo_VtJv59IhLnoetjgt9zVth31Uu9Kzso,111113612603105,2026-07-15 18:13:48,
34,4422,TK-2026-4422,KTXF-19UL-3OEY-VUVY,KTxF19Ul-3oEyvUVyPIvhhMI6DQmfd7-kbzHz6yZHh8,111113612603105,2026-07-15 18:13:49,
35,4423,TK-2026-4423,YIPI-ZOBO-F7OK-GWNN,yiPIzobOF7OKGWnNV11EwuFMmgUq11yIOpgTsu0pMqw,111113612603105,2026-07-15 18:13:49,
36,4429,TK-2026-4429,LDDU-IWDX-6FGG-PWR7,LddUI-wDX6Fggpwr7KhtPwmXbbbtI5D43bJhhvAGa3M,111113612603105,2026-07-15 18:31:57,
37,4430,TK-2026-4430,WRAM-0UCR-UVAL-NUFA,wraM0UcRu-vALnUfaqQmrA5WKOVykRLE5lNgft5U1lk,111113612603105,2026-07-15 18:58:54,
38,4432,TK-2026-4432,VDQU-NGWR-04IR-LG5C,vdqUNGWr04IRlg5cRObl7cpdRaTzARdPGv26_EoEuzM,111113612603105,2026-07-15 19:25:10,
39,4435,TK-2026-4435,R6JP-NGBQ-M5JX-SPU1,R6jpn_GBQM5Jxspu183-KFj1MSPBBmv3aEUQz8t_GKM,111113612603105,2026-07-15 19:25:27,
40,4439,TK-2026-4439,B8DF-2DOI-DCIR-O5QZ,B8DF2dOIdCIRO5qZCvkPAt2EOpLf5fVtM_btypyzClo,111113612603105,2026-07-15 19:34:38,
41,4441,TK-2026-4441,O1ZA-DNWU-JUQS-SJBU,O1ZAdNwUj__uQssJbuUyhIH3U0vtOBFPpN4ittP-zFI,111113612603105,2026-07-15 19:42:52,
42,4445,TK-2026-4445,MVPI-G463-GHTT-QA9J,mVPIg463ghTtqa9jRen6ATLZffdQmTBhEmLH33_pHbs,111113612603105,2026-07-21 15:36:45,
43,4446,TK-2026-4446,W8MY-BIEJ-XPKN-XR0N,w8Mybiej_xPknxr0N9HCDCpvAReI0X-yf9AunArRg5o,111113612603105,2026-07-21 15:36:46,
44,4449,TK-2026-4449,R4JU-BNXH-NGLZ-2PBO,r4juBNXHnGLz2pbopWzorQEoUdTZvqfV_1WIkyy6Khc,111113612603105,2026-07-21 16:08:02,
45,4450,TK-2026-4450,XRYR-98VC-K03Z-HUTN,xrYr98VCK03zHUTNMtAGaZp_c28tG7en9_7CD-Ll72E,111113612603105,2026-07-21 16:08:02,
46,4451,TK-2026-4451,QGFU-YHEA-Q3UR-IFDO,qGFUyhEaq3uRi-fDowY0M3nEruAET3v51UQBeg5Pccw,111113612603105,2026-07-21 16:08:03,
47,4455,TK-2026-4455,B2LH-HA1R-WKTH-ELOO,b2LhhA1rWkTHeLOOv1Tsxlw_al_Bj6axb3HMHl9k3uA,111113612603105,2026-07-21 16:43:31,
48,4456,TK-2026-4456,9UCU-D39F-FSCQ-R7XF,9ucUD39FFsCQ_R7XfEUKmEC4XjuB9okWK-0zjWlXfao,111113612603105,2026-07-21 16:43:31,
49,4457,TK-2026-4457,Z2MN-LTUT-C3IV-IDRX,z2MNLtUTC3IVIdrxEgnFOzqG9M86PX6eJheDyJkTxqg,111113612603105,2026-07-21 16:43:31,
50,4458,TK-2026-4458,YEZM-ESWP-IJCK-MTPO,YezMeSwpIJCKmtpoWC4DuMDSvnStLgxrF7VBwghnkSc,111113612603105,2026-07-21 16:43:32,
51,4459,TK-2026-4459,CBE3-OZFE-M4JA-SEHK,CBe3OzFeM4jASeHKECRu_HJ_b0RdVSKD_iuVINGzLmo,111113612603105,2026-07-21 16:43:33,
52,4460,TK-2026-4460,LM64-P0D6-NJGB-X4ND,lm64p0D6njGbX4nDrlZyGm5bElTYKshEcDjp9n-40GI,111113612603105,2026-07-21 16:43:34,
53,4461,TK-2026-4461,HKDC-1D98-GYJ6-DS6D,hkDc_1D98gYJ6DS6dqhWnjS2IA9O-GT9AMte4b5FgOI,111113612603105,2026-07-21 16:43:34,
54,4469,TK-2026-4469,ZP6J-0CVA-VKTO-IAJO,zp6j0CVaVKT-OIaJoaasTpLi1NjOHgLYByz0mk4TqcI,111113612603105,2026-07-21 16:50:15,
55,4471,TK-2026-4471,0LZT-ISTM-PPX6-LZY1,0lZTisTMpPx6l-zy1wkCBm4Kv8oiIOm5uhZe1p6GOug,111113612603105,2026-07-21 17:05:15,
56,4472,TK-2026-4472,DXNA-KMTN-ROXE-IGNP,DxnakmTnroX-EIgnpiOavtWJOJI9go90MvGrBRgAtAE,111113612603105,2026-07-21 17:09:17,
