id_vivienda,propiedad,superficie,niveles,no_habitaciones,tiempo_residencia,paredes,piso,techo,fecha_creacion,fecha_actualizacion,id_cliente
7,Propia,11250.00,1,6,13,Ladrillo,Cemento,Concreto,2025-06-17 23:49:05,2025-06-17 23:49:05,11113025129
8,Familiar,300.00,1,1,28,Ladrillo,Loseta,Concreto,2025-06-25 00:15:08,2025-06-25 00:15:08,11112925238
9,Familiar,99.00,99,99,99,Otro,Otro,Otro,2025-06-26 00:35:07,2025-06-26 00:35:07,11112903012
10,Familiar,100.00,1,1,36,Ladrillo,Cemento,Lámina,2025-06-27 19:48:34,2025-06-27 19:48:34,11113008579
11,Propia,150.00,1,3,50,Ladrillo,Cemento,Concreto,2025-06-27 20:56:35,2025-06-27 20:56:35,11112984597
14,Propia,20.00,1,1,20,Ladrillo,Cemento,Concreto,2025-07-03 23:55:43,2025-07-03 23:55:43,11113098291
17,Propia,270.00,1,4,22,Ladrillo,Cemento,Lámina,2025-07-15 20:23:42,2025-07-15 20:23:42,11112919810
18,Propia,270.00,1,4,1,Ladrillo,Cemento,Lámina,2025-07-15 20:48:22,2025-07-15 20:48:22,11112861463
19,Propia,270.00,2,5,19,Ladrillo,Cemento,Concreto,2025-07-15 21:49:20,2025-07-15 21:49:20,11112899272
20,Propia,270.00,1,4,20,Ladrillo,Cemento,Concreto,2025-07-15 22:07:02,2025-07-15 22:07:02,11112985973
21,Familiar,8.00,1,3,9,Ladrillo,Cemento,Lámina,2025-07-15 22:51:41,2025-07-15 22:51:41,11112821963
22,Propia,40.00,1,2,66,Otro,Cemento,Lámina,2025-07-16 15:33:05,2025-07-16 15:33:05,11112918184
23,Propia,16.00,1,2,20,Ladrillo,Cemento,Lámina,2025-07-16 15:43:28,2025-07-16 15:43:28,11112922068
24,Propia,270.00,1,5,20,Madera,Cemento,Teja,2025-07-16 16:30:36,2025-07-16 16:30:36,11113129537
25,Propia,1.00,1,1,1,Ladrillo,Cemento,Concreto,2025-07-22 20:11:27,2025-07-22 20:11:27,11113204127
26,Propia,1.00,1,1,1,Ladrillo,Cemento,Concreto,2025-07-22 20:31:21,2025-07-22 20:31:21,11113208518
27,Familiar,270.00,1,5,20,Ladrillo,Cemento,Concreto,2025-07-30 18:07:59,2025-07-30 18:07:59,11112791994
28,Propia,270.00,1,4,31,Ladrillo,Cemento,Otro,2025-07-30 18:29:53,2025-07-30 18:29:53,11112971766
29,Familiar,270.00,1,4,5,Ladrillo,Cemento,Concreto,2025-07-30 18:44:46,2025-07-30 18:44:46,11112979148
30,Familiar,270.00,1,4,8,Ladrillo,Loseta,Otro,2025-07-30 19:08:12,2025-07-30 19:08:12,11113029053
31,Propia,270.00,2,8,45,Ladrillo,Cemento,Otro,2025-07-30 19:25:24,2025-07-30 19:25:24,11113017302
32,Propia,270.00,1,5,23,Ladrillo,Cemento,Concreto,2025-07-30 19:42:17,2025-07-30 19:42:17,11112871315
33,Rentada,270.00,2,6,2,Ladrillo,Cemento,Otro,2025-07-30 20:09:16,2025-07-30 20:09:16,11112966560
34,Propia,270.00,1,2,20,Ladrillo,Loseta,Teja,2025-07-30 21:49:36,2025-07-30 21:49:36,11112805333
36,Familiar,200.00,2,4,14,Ladrillo,Loseta,Concreto,2025-07-30 23:09:24,2025-07-30 23:09:24,11112835706
37,Familiar,270.00,1,5,48,Otro,Cemento,Lámina,2025-07-30 23:21:49,2025-07-30 23:21:49,11112901442
38,Propia,270.00,1,3,8,Ladrillo,Cemento,Lámina,2025-07-30 23:47:48,2025-07-30 23:47:48,11112909806
39,Familiar,270.00,2,9,39,Ladrillo,Cemento,Concreto,2025-08-01 16:35:46,2025-08-01 16:35:46,11112949301
40,Familiar,270.00,1,5,30,Ladrillo,Cemento,Otro,2025-08-01 17:06:15,2025-08-01 17:06:15,11112913368
41,Propia,1.00,1,2,1,Ladrillo,Cemento,Concreto,2025-08-01 17:50:04,2025-08-01 17:50:04,11113204612
42,Propia,270.00,1,6,20,Ladrillo,Cemento,Concreto,2025-08-01 18:46:57,2025-08-01 18:46:57,11112996211
43,Propia,270.00,1,4,59,Ladrillo,Cemento,Otro,2025-08-01 18:59:06,2025-08-01 18:59:06,11112931340
44,Propia,270.00,1,1,41,Ladrillo,Cemento,Concreto,2025-08-01 19:15:33,2025-08-01 19:15:33,11113025167
45,Propia,270.00,1,3,40,Ladrillo,Cemento,Concreto,2025-08-01 19:41:18,2025-08-01 19:41:18,11113129161
48,Propia,270.00,1,5,30,Otro,Cemento,Concreto,2025-08-01 21:13:46,2025-08-01 21:13:46,11112977354
49,Familiar,270.00,1,5,15,Ladrillo,Cemento,Lámina,2025-08-01 21:32:47,2025-08-01 21:32:47,11112997831
50,Propia,270.00,1,5,15,Ladrillo,Cemento,Lámina,2025-08-01 21:40:46,2025-08-01 21:40:46,11113043290
51,Propia,270.00,1,5,40,Ladrillo,Loseta,Concreto,2025-08-01 22:39:27,2025-08-01 22:39:27,11112926916
52,Familiar,270.00,2,10,29,Ladrillo,Cemento,Concreto,2025-08-01 23:00:55,2025-08-01 23:00:55,11112985270
53,Familiar,200.00,2,5,2,Ladrillo,Cemento,Concreto,2025-08-05 15:31:55,2025-08-05 15:31:55,11112765503
54,Propia,270.00,1,7,52,Otro,Cemento,Lámina,2025-08-05 15:51:18,2025-08-05 15:51:18,11112792952
55,Propia,270.00,1,5,27,Ladrillo,Tierra,Lámina,2025-08-05 16:42:39,2025-08-05 16:42:39,11112973962
56,Propia,270.00,1,6,50,Ladrillo,Cemento,Otro,2025-08-05 17:03:14,2025-08-05 17:03:14,11112847319
57,Propia,270.00,1,7,1,Ladrillo,Cemento,Otro,2025-08-05 17:21:43,2025-08-05 17:21:43,11113115541
58,Propia,270.00,1,2,25,Ladrillo,Cemento,Concreto,2025-08-05 17:49:38,2025-08-05 17:49:38,11112905319
59,Familiar,270.00,1,2,25,Ladrillo,Cemento,Lámina,2025-08-05 17:59:04,2025-08-05 17:59:04,11112972021
60,Propia,270.00,1,3,25,Ladrillo,Cemento,Concreto,2025-08-05 18:14:46,2025-08-05 18:14:46,11113176710
61,Rentada,270.00,1,4,3,Ladrillo,Cemento,Concreto,2025-08-05 18:28:44,2025-08-05 18:28:44,11112744466
62,Familiar,270.00,1,2,4,Otro,Cemento,Lámina,2025-08-05 18:40:43,2025-08-05 18:40:43,11112846629
63,Propia,270.00,1,4,30,Ladrillo,Cemento,Lámina,2025-08-05 18:57:53,2025-08-05 18:57:53,11113102023
64,Propia,180.00,2,2,20,Ladrillo,Cemento,Concreto,2025-08-05 19:24:25,2025-08-05 19:24:25,11112997957
65,Propia,120.00,1,5,24,Otro,Cemento,Lámina,2025-08-05 19:44:46,2025-08-05 19:44:46,11113018670
66,Propia,160.00,1,9,47,Ladrillo,Cemento,Concreto,2025-08-05 20:05:19,2025-08-05 20:05:19,11112962530
67,Propia,240.00,1,4,35,Ladrillo,Cemento,Concreto,2025-08-05 20:14:40,2025-08-05 20:14:40,11112873397
68,Familiar,200.00,1,4,5,Ladrillo,Loseta,Concreto,2025-08-05 20:30:39,2025-08-05 20:30:39,11113101807
69,Propia,270.00,2,6,45,Ladrillo,Loseta,Concreto,2025-08-05 20:44:58,2025-08-05 20:44:58,11112933824
70,Propia,540.00,1,5,50,Ladrillo,Cemento,Concreto,2025-08-05 20:59:48,2025-08-05 20:59:48,11112934778
71,Propia,270.00,1,4,40,Ladrillo,Cemento,Concreto,2025-08-05 23:09:17,2025-08-05 23:09:17,11112707655
72,Familiar,270.00,1,4,42,Otro,Cemento,Lámina,2025-08-05 23:28:17,2025-08-05 23:28:17,11112994926
73,Propia,270.00,1,6,25,Otro,Cemento,Lámina,2025-08-05 23:41:37,2025-08-05 23:41:37,11112998182
74,Familiar,270.00,1,4,20,Concreto,Cemento,Lámina,2025-08-06 17:15:32,2025-08-06 17:15:32,11112919022
75,Propia,270.00,1,4,6,Ladrillo,Cemento,Otro,2025-08-06 18:28:41,2025-08-06 18:28:41,11112711848
76,Propia,200.00,1,4,33,Ladrillo,Loseta,Lámina,2025-08-06 19:59:04,2025-08-06 19:59:04,11112973932
77,Propia,270.00,1,3,10,Ladrillo,Cemento,Concreto,2025-08-06 20:21:21,2025-08-06 20:21:21,11112775265
78,Propia,30.00,2,3,4,Ladrillo,Loseta,Concreto,2025-08-06 21:09:24,2025-08-06 21:09:24,11112856037
79,Familiar,32.00,1,2,30,Otro,Cemento,Concreto,2025-08-06 21:54:52,2025-08-06 21:54:52,11113008354
80,Propia,270.00,1,3,49,Ladrillo,Cemento,Lámina,2025-08-06 22:28:14,2025-08-06 22:28:14,11112862419
82,Familiar,270.00,1,8,17,Ladrillo,Cemento,Lámina,2025-08-07 18:33:53,2025-08-07 18:33:53,11112844764
83,Familiar,270.00,1,6,20,Otro,Cemento,Lámina,2025-08-07 18:48:14,2025-08-07 18:48:14,11112934036
84,Propia,270.00,2,4,20,Otro,Cemento,Lámina,2025-08-07 19:03:14,2025-08-07 19:03:14,11112846982
85,Propia,270.00,1,5,21,Ladrillo,Cemento,Concreto,2025-08-07 19:28:35,2025-08-07 19:28:35,11112836635
86,Propia,270.00,1,4,25,Otro,Cemento,Lámina,2025-08-07 19:48:16,2025-08-07 19:48:16,11112968070
87,Propia,270.00,1,5,10,Ladrillo,Cemento,Lámina,2025-08-07 20:02:30,2025-08-07 20:02:30,11112779406
88,Familiar,270.00,1,5,8,Ladrillo,Loseta,Concreto,2025-08-07 20:29:25,2025-08-07 20:29:25,11112852646
89,Propia,270.00,1,6,5,Ladrillo,Cemento,Lámina,2025-08-07 21:11:07,2025-08-07 21:11:07,11113136238
90,Propia,240.00,1,10,9,Ladrillo,Cemento,Lámina,2025-08-07 21:30:15,2025-08-07 21:30:15,11112941544
91,Propia,480.00,1,10,40,Ladrillo,Cemento,Concreto,2025-08-07 23:36:27,2025-08-07 23:36:27,11113182605
92,Propia,540.00,1,6,52,Ladrillo,Cemento,Concreto,2025-08-07 23:53:49,2025-08-07 23:53:49,11113112747
93,Propia,280.00,1,3,30,Ladrillo,Cemento,Concreto,2025-08-08 16:11:06,2025-08-08 16:11:06,11112993643
94,Propia,150.00,1,4,16,Ladrillo,Loseta,Concreto,2025-08-08 16:36:05,2025-08-08 16:36:05,11112721007
95,Familiar,100.00,1,6,22,Ladrillo,Cemento,Lámina,2025-08-08 17:10:40,2025-08-08 17:10:40,11112863347
96,Propia,250.00,1,6,36,Ladrillo,Cemento,Lámina,2025-08-08 17:24:20,2025-08-08 17:24:20,11112669629
97,Familiar,360.00,1,6,18,Ladrillo,Cemento,Lámina,2025-08-08 17:34:44,2025-08-08 17:34:44,11112904459
98,Familiar,375.00,1,5,22,Ladrillo,Loseta,Lámina,2025-08-08 17:47:15,2025-08-08 17:47:15,11112714868
99,Propia,450.00,1,4,30,Ladrillo,Cemento,Concreto,2025-08-08 18:05:08,2025-08-08 18:05:08,11112954461
100,Propia,200.00,1,4,20,Ladrillo,Cemento,Lámina,2025-08-08 18:22:39,2025-08-08 18:22:39,11112954311
101,Propia,250.00,1,10,12,Otro,Cemento,Lámina,2025-08-08 18:34:45,2025-08-08 18:34:45,11113043010
102,Propia,300.00,1,10,36,Ladrillo,Cemento,Lámina,2025-08-08 18:49:23,2025-08-08 18:49:23,11112726320
103,Propia,270.00,2,5,10,Ladrillo,Cemento,Otro,2025-08-08 20:19:00,2025-08-08 20:19:00,11113037708
104,Propia,270.00,1,6,1,Madera,Cemento,Lámina,2025-08-08 20:33:21,2025-08-08 20:33:21,11113009751
105,Propia,140.00,2,3,20,Otro,Tierra,Lámina,2025-08-08 20:45:07,2025-08-08 20:45:07,11113005465
106,Rentada,320.00,1,6,7,Ladrillo,Cemento,Lámina,2025-08-11 16:02:01,2025-08-11 16:02:01,11113105293
107,Propia,150.00,1,4,10,Ladrillo,Cemento,Concreto,2025-08-11 16:14:47,2025-08-11 16:14:47,11112811779
108,Propia,300.00,2,5,20,Ladrillo,Loseta,Concreto,2025-08-11 16:33:52,2025-08-11 16:33:52,11112826391
109,Propia,150.00,1,6,10,Ladrillo,Cemento,Concreto,2025-08-11 16:44:28,2025-08-11 16:44:28,11113024141
110,Propia,200.00,1,4,13,Ladrillo,Cemento,Lámina,2025-08-11 16:53:03,2025-08-11 16:53:03,11112817849
111,Familiar,104.00,1,10,5,Ladrillo,Cemento,Lámina,2025-08-11 17:05:26,2025-08-11 17:05:26,11112917272
112,Propia,160.00,1,6,18,Ladrillo,Cemento,Lámina,2025-08-11 17:23:34,2025-08-11 17:23:34,11112849831
113,Propia,390.00,1,5,7,Ladrillo,Cemento,Lámina,2025-08-11 17:40:41,2025-08-11 17:40:41,11113131595
114,Propia,270.00,1,9,11,Ladrillo,Cemento,Concreto,2025-08-11 17:52:47,2025-08-11 17:52:47,11113105160
115,Familiar,300.00,1,7,2,Ladrillo,Cemento,Concreto,2025-08-11 18:07:39,2025-08-11 18:07:39,11112763680
116,Propia,100.00,1,6,2,Ladrillo,Cemento,Concreto,2025-08-11 18:22:45,2025-08-11 18:22:45,11112963613
117,Familiar,600.00,1,8,34,Ladrillo,Cemento,Lámina,2025-08-11 18:32:49,2025-08-11 18:32:49,11112927981
118,Propia,143.00,1,7,15,Ladrillo,Cemento,Lámina,2025-08-11 18:44:50,2025-08-11 18:44:50,11112924530
119,Propia,246.00,1,5,34,Otro,Cemento,Lámina,2025-08-11 18:56:00,2025-08-11 18:56:00,11113046154
120,Propia,500.00,1,7,67,Ladrillo,Cemento,Lámina,2025-08-11 19:10:10,2025-08-11 19:10:10,11112761450
121,Propia,150.00,1,6,37,Ladrillo,Cemento,Lámina,2025-08-11 19:18:59,2025-08-11 19:18:59,11112998003
122,Propia,250.00,1,4,20,Ladrillo,Cemento,Lámina,2025-08-11 19:29:20,2025-08-11 19:29:20,11112979940
123,Propia,425.00,1,6,14,Ladrillo,Cemento,Concreto,2025-08-11 20:28:25,2025-08-11 20:28:25,11112846773
125,Propia,300.00,1,5,8,Ladrillo,Loseta,Concreto,2025-08-11 23:27:53,2025-08-11 23:27:53,11112925822
126,Propia,270.00,1,2,13,Ladrillo,Cemento,Lámina,2025-08-12 18:16:56,2025-08-12 18:16:56,11113101701
127,Propia,250.00,1,6,22,Ladrillo,Loseta,Concreto,2025-08-12 18:45:19,2025-08-12 18:45:19,11112871513
128,Propia,400.00,2,2,15,Ladrillo,Cemento,Concreto,2025-08-12 18:58:23,2025-08-12 18:58:23,11112984989
129,Propia,270.00,1,2,30,Ladrillo,Otro,Concreto,2025-08-12 19:21:52,2025-08-12 19:21:52,11113022051
130,Propia,148.00,2,2,59,Ladrillo,Cemento,Concreto,2025-08-12 19:36:45,2025-08-12 19:36:45,11113119485
131,Propia,270.00,1,2,22,Ladrillo,Cemento,Concreto,2025-08-12 20:10:22,2025-08-12 20:10:22,11112944716
132,Familiar,150.00,2,6,31,Ladrillo,Loseta,Concreto,2025-08-12 20:19:53,2025-08-12 20:19:53,11112896125
133,Familiar,150.00,1,6,40,Otro,Cemento,Concreto,2025-08-12 20:33:41,2025-08-12 20:33:41,11112903380
134,Propia,1200.00,1,6,30,Otro,Cemento,Otro,2025-08-12 20:43:56,2025-08-12 20:43:56,11113315176
135,Familiar,256.00,1,7,15,Ladrillo,Cemento,Concreto,2025-08-12 20:54:50,2025-08-12 20:54:50,11113102396
136,Propia,600.00,1,10,28,Ladrillo,Cemento,Concreto,2025-08-12 21:05:50,2025-08-12 21:05:50,11112748267
137,Propia,400.00,2,10,23,Ladrillo,Cemento,Otro,2025-08-12 21:25:36,2025-08-12 21:25:36,11113134860
138,Rentada,270.00,1,2,25,Ladrillo,Loseta,Concreto,2025-08-12 21:42:57,2025-08-12 21:42:57,11113061406
139,Familiar,270.00,1,5,30,Ladrillo,Cemento,Concreto,2025-08-12 21:50:56,2025-08-12 21:50:56,11113008351
140,Familiar,150.00,1,3,25,Ladrillo,Cemento,Lámina,2025-08-12 23:10:14,2025-08-12 23:10:14,11112864353
141,Propia,120.00,2,7,20,Ladrillo,Loseta,Concreto,2025-08-12 23:33:13,2025-08-12 23:33:13,11112669206
142,Familiar,108.00,1,4,5,Ladrillo,Cemento,Concreto,2025-08-12 23:42:38,2025-08-12 23:42:38,11112939609
143,Familiar,256.00,1,5,5,Ladrillo,Loseta,Concreto,2025-08-12 23:53:13,2025-08-12 23:53:13,11113049802
144,Propia,300.00,1,4,8,Ladrillo,Cemento,Concreto,2025-08-13 16:39:45,2025-08-13 16:39:45,11113203887
145,Propia,122.00,1,4,31,Ladrillo,Cemento,Lámina,2025-08-13 16:47:34,2025-08-13 16:47:34,11112895240
146,Propia,280.00,1,2,10,Otro,Tierra,Lámina,2025-08-13 16:56:06,2025-08-13 16:56:06,11112974117
147,Propia,240.00,1,3,18,Otro,Cemento,Lámina,2025-08-13 17:29:48,2025-08-13 17:29:48,11112988424
148,Familiar,350.00,1,4,40,Ladrillo,Cemento,Lámina,2025-08-13 17:44:51,2025-08-13 17:44:51,11113163277
149,Familiar,450.00,1,6,3,Ladrillo,Cemento,Concreto,2025-08-13 18:00:26,2025-08-13 18:00:26,11112893766
150,Propia,270.00,1,4,8,Ladrillo,Cemento,Teja,2025-08-13 18:16:32,2025-08-13 18:16:32,11112855051
151,Propia,270.00,1,4,20,Ladrillo,Loseta,Concreto,2025-08-13 18:26:01,2025-08-13 18:26:01,11113068907
152,Propia,100.00,1,2,25,Ladrillo,Cemento,Concreto,2025-08-13 18:40:52,2025-08-13 18:40:52,11112864704
153,Propia,400.00,1,5,35,Ladrillo,Cemento,Lámina,2025-08-13 19:01:05,2025-08-13 19:01:05,11112915373
154,Propia,500.00,2,5,3,Ladrillo,Cemento,Concreto,2025-08-13 19:17:12,2025-08-13 19:17:12,11112911592
155,Familiar,500.00,2,10,2,Ladrillo,Cemento,Concreto,2025-08-13 19:38:08,2025-08-13 19:38:08,11112874869
156,Propia,480.00,1,6,4,Ladrillo,Loseta,Concreto,2025-08-13 19:52:00,2025-08-13 19:52:00,11112849049
157,Propia,140.00,2,10,35,Ladrillo,Loseta,Concreto,2025-08-13 20:07:12,2025-08-13 20:07:12,11112804263
158,Propia,300.00,1,3,26,Ladrillo,Loseta,Concreto,2025-08-13 20:20:43,2025-08-13 20:20:43,11113266313
159,Propia,300.00,1,2,4,Ladrillo,Cemento,Concreto,2025-08-13 20:38:03,2025-08-13 20:38:03,11112979236
160,Propia,300.00,1,4,5,Ladrillo,Cemento,Concreto,2025-08-13 20:45:54,2025-08-13 20:45:54,11113062074
161,Propia,148.00,1,4,12,Ladrillo,Cemento,Lámina,2025-08-13 21:01:22,2025-08-13 21:01:22,11112716131
162,Propia,270.00,2,4,40,Ladrillo,Loseta,Concreto,2025-08-13 22:45:19,2025-08-13 22:45:19,11112739966
163,Familiar,270.00,1,4,17,Ladrillo,Cemento,Concreto,2025-08-13 22:56:24,2025-08-13 22:56:24,11112973790
164,Propia,600.00,1,2,10,Otro,Tierra,Lámina,2025-08-14 15:57:05,2025-08-14 15:57:05,11113061706
165,Propia,300.00,1,5,38,Ladrillo,Cemento,Concreto,2025-08-14 16:37:11,2025-08-14 16:37:11,11112967766
166,Familiar,270.00,2,5,35,Ladrillo,Cemento,Concreto,2025-08-14 16:51:29,2025-08-14 16:51:29,11113048867
167,Familiar,270.00,1,6,1,Ladrillo,Cemento,Lámina,2025-08-14 17:13:19,2025-08-14 17:13:19,11113053110
168,Familiar,270.00,2,8,30,Ladrillo,Cemento,Concreto,2025-08-14 17:58:28,2025-08-14 17:58:28,11112979691
169,Familiar,240.00,1,2,50,Ladrillo,Cemento,Lámina,2025-08-14 18:30:13,2025-08-14 18:30:13,11113205041
170,Propia,240.00,1,2,30,Ladrillo,Cemento,Lámina,2025-08-14 19:11:37,2025-08-14 19:11:37,11112907887
171,Familiar,270.00,2,7,30,Ladrillo,Cemento,Concreto,2025-08-14 21:12:12,2025-08-14 21:12:12,11112889700
172,Propia,270.00,1,4,36,Ladrillo,Loseta,Concreto,2025-08-14 22:35:24,2025-08-14 22:35:24,11113021377
173,Familiar,200.00,1,2,10,Ladrillo,Cemento,Concreto,2025-08-15 15:45:24,2025-08-15 15:45:24,11113168762
174,Familiar,200.00,1,5,10,Ladrillo,Cemento,Lámina,2025-08-15 15:59:49,2025-08-15 15:59:49,11113237911
175,Propia,250.00,1,3,55,Ladrillo,Cemento,Lámina,2025-08-15 16:30:40,2025-08-15 16:30:40,11112828133
176,Propia,172.00,1,2,16,Ladrillo,Loseta,Concreto,2025-08-15 17:07:58,2025-08-15 17:07:58,11113018033
177,Familiar,300.00,1,5,15,Ladrillo,Cemento,Concreto,2025-08-15 17:20:41,2025-08-15 17:20:41,11113102519
178,Propia,800.00,1,4,50,Otro,Cemento,Lámina,2025-08-15 18:40:16,2025-08-15 18:40:16,11113028726
179,Propia,390.00,1,4,10,Ladrillo,Cemento,Lámina,2025-08-15 18:54:14,2025-08-15 18:54:14,11112974293
180,Familiar,270.00,1,9,4,Ladrillo,Loseta,Teja,2025-08-15 19:18:11,2025-08-15 19:18:11,11112854485
181,Propia,480.00,1,5,37,Concreto,Cemento,Concreto,2025-08-15 19:39:12,2025-08-15 19:39:12,11112937194
182,Propia,200.00,1,2,26,Ladrillo,Loseta,Concreto,2025-08-15 19:52:29,2025-08-15 19:52:29,11113202376
183,Familiar,160.00,1,4,31,Ladrillo,Cemento,Concreto,2025-08-15 20:15:12,2025-08-15 20:15:12,11112935428
184,Familiar,270.00,1,2,60,Otro,Cemento,Lámina,2025-08-15 20:53:22,2025-08-15 20:53:22,11112993910
185,Familiar,100.00,1,2,15,Ladrillo,Cemento,Concreto,2025-08-15 21:01:40,2025-08-15 21:01:40,11112954121
186,Propia,200.00,1,4,35,Ladrillo,Cerámica,Concreto,2025-08-16 15:32:50,2025-08-16 15:32:50,11112859053
187,Familiar,270.00,2,4,29,Ladrillo,Cemento,Concreto,2025-09-06 19:01:40,2025-09-06 19:01:40,11113042991
188,Propia,100.00,1,4,19,Otro,Cemento,Lámina,2025-09-06 19:30:10,2025-09-06 19:30:10,11113207666
189,Propia,270.00,1,2,43,Ladrillo,Tierra,Lámina,2025-09-07 15:41:31,2025-09-07 15:41:31,11112981072
190,Propia,270.00,1,2,30,Ladrillo,Cemento,Concreto,2025-09-07 15:54:19,2025-09-07 15:54:19,11112816492
191,Propia,1000.00,1,3,35,Ladrillo,Otro,Concreto,2025-09-07 16:33:28,2025-09-07 16:33:28,11113099230
192,Propia,270.00,1,3,9,Ladrillo,Cerámica,Concreto,2025-09-07 16:46:57,2025-09-07 16:46:57,11112833441
193,Rentada,270.00,1,4,10,Adobe,Cemento,Lámina,2025-09-07 17:10:09,2025-09-07 17:10:09,11113036043
194,Familiar,300.00,1,3,26,Ladrillo,Cemento,Concreto,2025-09-07 17:30:04,2025-09-07 17:30:04,11112871359
195,Familiar,270.00,1,4,15,Ladrillo,Cemento,Otro,2025-09-07 17:51:04,2025-09-07 17:51:04,11113091669
196,Familiar,270.00,1,3,1,Ladrillo,Cerámica,Concreto,2025-09-07 18:03:24,2025-09-07 18:03:24,11112842889
197,Propia,270.00,1,3,58,Otro,Cemento,Lámina,2025-09-07 18:19:42,2025-09-07 18:19:42,11112984205
198,Propia,270.00,1,1,30,Otro,Cemento,Lámina,2025-09-07 19:09:57,2025-09-07 19:09:57,11113001966
199,Propia,270.00,1,3,15,Ladrillo,Cemento,Concreto,2025-09-07 19:50:30,2025-09-07 19:50:30,11113101539
200,Propia,270.00,1,2,15,Otro,Cemento,Lámina,2025-09-08 20:28:23,2025-09-08 20:28:23,11113209269
201,Propia,270.00,1,3,40,Ladrillo,Cemento,Concreto,2025-09-08 20:42:49,2025-09-08 20:42:49,11113203334
202,Propia,270.00,1,2,18,Ladrillo,Cemento,Concreto,2025-09-08 20:52:47,2025-09-08 20:52:47,11112879732
203,Propia,270.00,2,4,30,Ladrillo,Cerámica,Concreto,2025-09-08 21:10:38,2025-09-08 21:10:38,11113289382
204,Propia,270.00,1,5,20,Ladrillo,Cemento,Teja,2025-09-08 21:18:56,2025-09-08 21:18:56,11112924092
205,Propia,270.00,1,2,25,Adobe,Cemento,Lámina,2025-09-08 21:26:32,2025-09-08 21:26:32,11112939687
206,Familiar,270.00,1,3,30,Ladrillo,Cemento,Lámina,2025-09-08 21:36:36,2025-09-08 21:36:36,11112989633
207,Familiar,270.00,1,4,29,Ladrillo,Cemento,Concreto,2025-09-08 21:44:08,2025-09-08 21:44:08,11113003674
208,Familiar,270.00,2,4,2,Ladrillo,Cerámica,Concreto,2025-09-08 21:52:47,2025-09-08 21:52:47,11113186700
209,Familiar,270.00,2,4,2,Ladrillo,Cerámica,Concreto,2025-09-08 21:58:12,2025-09-08 21:58:12,11112957047
210,Familiar,270.00,1,4,7,Adobe,Cemento,Teja,2025-09-08 22:05:51,2025-09-08 22:05:51,11113168554
211,Propia,270.00,1,3,25,Ladrillo,Cemento,Concreto,2025-09-20 15:28:12,2025-09-20 15:28:12,11113161382
212,Propia,270.00,1,3,25,Ladrillo,Cerámica,Concreto,2025-09-20 15:37:57,2025-09-20 15:37:57,11113139475
213,Propia,270.00,2,6,20,Ladrillo,Cemento,Concreto,2025-09-20 15:48:34,2025-09-20 15:48:34,11112837073
214,Propia,150.00,2,2,25,Ladrillo,Cerámica,Concreto,2025-09-20 16:07:09,2025-09-20 16:07:09,11112682329
215,Propia,270.00,2,6,38,Ladrillo,Cemento,Concreto,2025-09-20 16:20:36,2025-09-20 16:20:36,11112842211
216,Familiar,270.00,2,6,24,Ladrillo,Cemento,Concreto,2025-09-20 16:29:03,2025-09-20 16:29:03,11113028141
217,Familiar,270.00,2,6,30,Ladrillo,Cemento,Concreto,2025-09-20 16:37:56,2025-09-20 16:37:56,11113141758
218,Propia,270.00,1,3,30,Ladrillo,Cemento,Concreto,2025-09-20 16:48:11,2025-09-20 16:48:11,11112947469
219,Familiar,270.00,2,3,34,Ladrillo,Cerámica,Concreto,2025-09-20 16:56:38,2025-09-20 16:56:38,11112937209
220,Propia,270.00,1,3,30,Otro,Cemento,Lámina,2025-09-20 18:29:56,2025-09-20 18:29:56,11112788121
221,Propia,270.00,1,5,1,Ladrillo,Cerámica,Concreto,2025-09-20 18:38:13,2025-09-20 18:38:13,11112936286
222,Propia,270.00,1,3,30,Ladrillo,Cemento,Lámina,2025-09-20 18:52:30,2025-09-20 18:52:30,11113172495
223,Propia,270.00,1,4,13,Ladrillo,Cemento,Concreto,2025-09-20 19:09:40,2025-09-20 19:09:40,11112764956
224,Propia,270.00,1,3,24,Ladrillo,Cerámica,Concreto,2025-09-20 19:21:06,2025-09-20 19:21:06,11113188998
225,Familiar,270.00,1,5,18,Ladrillo,Cerámica,Concreto,2025-09-20 19:33:16,2025-09-20 19:33:16,11113045113
226,Propia,270.00,1,3,8,Ladrillo,Cemento,Concreto,2025-09-20 19:43:37,2025-09-20 19:43:37,11112889189
227,Propia,270.00,1,2,6,Lámina,Cemento,Lámina,2025-09-20 19:58:47,2025-09-20 19:58:47,11112908135
228,Propia,270.00,1,4,20,Ladrillo,Cemento,Lámina,2025-09-20 20:11:48,2025-09-20 20:11:48,11112816934
229,Propia,1000.00,1,7,53,Adobe,Cemento,Teja,2025-10-14 20:53:58,2025-10-14 20:53:58,11112986899
230,Familiar,270.00,1,5,20,Ladrillo,Cemento,Concreto,2025-10-14 21:11:51,2025-10-14 21:11:51,11112954434
231,Familiar,300.00,1,9,36,Ladrillo,Cemento,Lámina,2025-10-14 21:29:05,2025-10-14 21:29:05,11112971667
232,Propia,270.00,1,3,24,Adobe,Cemento,Lámina,2025-10-14 21:45:28,2025-10-14 21:45:28,11112708888
233,Familiar,42.00,1,2,1,Ladrillo,Cerámica,Concreto,2025-10-14 22:01:58,2025-10-14 22:01:58,11112953105
234,Propia,600.00,1,2,25,Ladrillo,Cemento,Lámina,2025-10-28 19:30:04,2025-10-28 19:30:04,11112886571
235,Familiar,150.00,2,5,70,Madera,Cemento,Lámina,2025-10-28 19:45:32,2025-10-28 19:45:32,11113121732
236,Propia,40.00,1,3,20,Madera,Cemento,Lámina,2025-10-28 19:56:43,2025-10-28 19:56:43,11112808669
237,Propia,200.00,1,3,34,Ladrillo,Cemento,Concreto,2025-10-28 20:32:34,2025-10-28 20:32:34,11112971322
238,Propia,600.00,1,2,3,Ladrillo,Cemento,Concreto,2025-10-28 20:45:02,2025-10-28 20:45:02,11112777460
239,Familiar,270.00,3,6,5,Ladrillo,Cerámica,Concreto,2025-10-31 19:32:24,2025-10-31 19:32:24,11113114310
240,Familiar,80.00,3,7,15,Ladrillo,Cemento,Concreto,2025-10-31 19:41:55,2025-10-31 19:41:55,11112922496
241,Rentada,270.00,1,3,5,Ladrillo,Cemento,Concreto,2025-10-31 19:50:07,2025-10-31 19:50:07,11112926863
242,Propia,150.00,2,3,30,Ladrillo,Cemento,Lámina,2025-10-31 20:02:12,2025-10-31 20:02:12,11112828093
243,Propia,330.00,1,3,49,Ladrillo,Cemento,Concreto,2025-10-31 20:09:46,2025-10-31 20:09:46,11113113098
244,Propia,270.00,1,2,7,Ladrillo,Cemento,Concreto,2025-10-31 20:24:47,2025-10-31 20:24:47,11113066526
245,Propia,270.00,1,4,7,Lámina,Cemento,Lámina,2025-10-31 20:33:50,2025-10-31 20:33:50,11112973194
246,Propia,180.00,2,5,26,Ladrillo,Cemento,Concreto,2025-10-31 20:42:16,2025-10-31 20:42:16,11112886913
247,Familiar,400.00,1,4,20,Ladrillo,Cemento,Concreto,2025-10-31 20:55:06,2025-10-31 20:55:06,11112788591
248,Rentada,270.00,1,3,8,Ladrillo,Cemento,Concreto,2025-10-31 21:04:02,2025-10-31 21:04:02,11112924808
249,Familiar,270.00,2,5,25,Ladrillo,Cerámica,Concreto,2025-10-31 21:13:00,2025-10-31 21:13:00,11113042585
250,Propia,270.00,1,6,30,Lámina,Otro,Lámina,2025-10-31 21:20:05,2025-10-31 21:20:05,11112878524
251,Familiar,270.00,1,8,28,Adobe,Cemento,Lámina,2025-10-31 21:27:53,2025-10-31 21:27:53,11112887993
252,Propia,1590.00,1,5,1,Ladrillo,Cemento,Concreto,2025-10-31 21:37:20,2025-10-31 21:37:20,11112857142
253,Propia,1200.00,1,1,51,Adobe,Cemento,Otro,2025-10-31 21:43:11,2025-10-31 21:43:11,11113242625
254,Propia,104.00,1,4,12,Ladrillo,Cerámica,Concreto,2025-11-01 17:04:30,2025-11-01 17:04:30,11112884593
255,Propia,270.00,1,3,19,Ladrillo,Cemento,Concreto,2025-11-01 17:14:58,2025-11-01 17:14:58,11112942147
256,Familiar,200.00,1,5,25,Ladrillo,Cemento,Concreto,2025-11-01 17:23:42,2025-11-01 17:23:42,11113098282
257,Rentada,270.00,1,1,2,Ladrillo,Cemento,Concreto,2025-11-01 17:33:49,2025-11-01 17:33:49,11113101552
258,Propia,270.00,2,5,10,Otro,Cemento,Lámina,2025-11-01 17:43:24,2025-11-01 17:43:24,11112984818
259,Familiar,400.00,1,1,2,Ladrillo,Cemento,Concreto,2025-11-01 17:52:41,2025-11-01 17:52:41,11112994997
260,Propia,270.00,1,5,6,Ladrillo,Cemento,Concreto,2025-11-01 18:04:51,2025-11-01 18:04:51,11112893373
261,Propia,270.00,1,5,10,Lámina,Tierra,Lámina,2025-11-01 18:14:24,2025-11-01 18:14:24,11113013620
262,Familiar,270.00,1,4,25,Ladrillo,Cerámica,Concreto,2025-11-01 18:44:23,2025-11-01 18:44:23,11112962910
263,Propia,270.00,1,6,40,Adobe,Cemento,Lámina,2025-11-01 18:53:14,2025-11-01 18:53:14,11113076219
264,Propia,2400.00,1,7,1,Ladrillo,Cemento,Concreto,2025-11-01 19:03:12,2025-11-01 19:03:12,11113007142
265,Familiar,160.00,1,4,45,Ladrillo,Cemento,Concreto,2025-11-01 19:13:19,2025-11-01 19:13:19,11113037690
266,Propia,60.00,1,4,15,Ladrillo,Cerámica,Concreto,2025-11-01 19:22:25,2025-11-01 19:22:25,11113022524
267,Propia,60.00,1,4,15,Ladrillo,Cemento,Concreto,2025-11-01 19:29:20,2025-11-01 19:29:20,11112754934
268,Propia,270.00,2,7,34,Ladrillo,Cemento,Concreto,2025-11-01 19:38:11,2025-11-01 19:38:11,11112893338
269,Propia,600.00,1,5,40,Ladrillo,Cemento,Concreto,2025-11-01 19:48:04,2025-11-01 19:48:04,11113101306
270,Familiar,270.00,1,3,20,Adobe,Tierra,Lámina,2025-11-01 19:59:24,2025-11-01 19:59:24,11112938387
271,Propia,270.00,2,4,20,Ladrillo,Cemento,Concreto,2025-11-01 20:06:43,2025-11-01 20:06:43,11113085560
272,Propia,270.00,1,4,20,Ladrillo,Cemento,Concreto,2025-11-01 20:18:03,2025-11-01 20:18:03,11112958983
273,Propia,270.00,1,2,35,Otro,Cemento,Concreto,2025-11-01 20:29:19,2025-11-01 20:29:19,11112928768
274,Propia,270.00,1,4,30,Ladrillo,Cemento,Concreto,2025-11-01 20:49:41,2025-11-01 20:49:41,11113012821
275,Familiar,270.00,1,4,23,Ladrillo,Cemento,Lámina,2025-11-01 20:57:34,2025-11-01 20:57:34,11112846271
276,Propia,270.00,1,4,52,Ladrillo,Tierra,Concreto,2025-11-01 21:21:53,2025-11-01 21:21:53,11113081447
277,Propia,340.00,1,6,30,Concreto,Cemento,Concreto,2025-11-05 18:34:57,2025-11-05 18:34:57,11112658700
278,Propia,265.00,1,2,10,Concreto,Cemento,Concreto,2025-11-05 18:53:50,2025-11-05 18:53:50,11112771908
279,Propia,235.00,1,3,50,Ladrillo,Cemento,Concreto,2025-11-05 19:03:26,2025-11-05 19:03:26,11112956531
280,Familiar,245.00,1,4,8,Ladrillo,Cemento,Concreto,2025-11-10 23:09:13,2025-11-10 23:09:13,11113094138
281,Familiar,265.00,1,2,10,Adobe,Cemento,Concreto,2025-11-11 18:46:40,2025-11-11 18:46:40,11113022877
282,Propia,42.00,1,2,27,Concreto,Cemento,Concreto,2025-11-11 19:04:35,2025-11-11 19:04:35,11112728771
283,Propia,265.00,1,3,55,Adobe,Cemento,Lámina,2025-11-11 19:44:42,2025-11-11 19:44:42,11112924678
284,Propia,120.00,1,2,19,Ladrillo,Cemento,Concreto,2025-11-11 20:08:38,2025-11-11 20:08:38,11112856649
286,Propia,90.00,1,1,30,Madera,Cemento,Lámina,2025-11-14 16:23:43,2025-11-14 16:23:43,11113072620
287,Familiar,300.00,1,4,10,Ladrillo,Cemento,Lámina,2025-11-14 16:53:34,2025-11-14 16:53:34,11112759993
288,Propia,90.00,1,2,10,Ladrillo,Mosaico,Concreto,2025-11-14 17:10:17,2025-11-14 17:10:17,11112747162
289,Propia,100.01,1,3,8,Ladrillo,Mosaico,Lámina,2025-11-14 17:24:39,2025-11-14 17:24:39,11113208007
290,Familiar,120.00,2,3,5,Ladrillo,Mosaico,Concreto,2025-11-14 17:33:28,2025-11-14 17:33:28,11112967853
291,Propia,150.00,1,2,43,Ladrillo,Cemento,Teja,2025-11-14 17:48:41,2025-11-14 17:48:41,11113194053
292,Propia,120.00,1,4,20,Ladrillo,Mosaico,Concreto,2025-11-14 17:55:08,2025-11-14 17:55:08,11112795043
293,Propia,250.00,1,2,40,Adobe,Cemento,Lámina,2025-11-14 18:04:50,2025-11-14 18:04:50,11113218407
294,Propia,150.00,1,4,10,Ladrillo,Cemento,Concreto,2025-11-14 18:15:15,2025-11-14 18:15:15,11113231927
295,Propia,90.00,1,1,7,Lámina,Cemento,Lámina,2025-11-15 19:11:08,2025-11-15 19:11:08,11112869400
296,Propia,200.00,1,2,8,Ladrillo,Cemento,Concreto,2025-11-15 20:09:06,2025-11-15 20:09:06,11113039501
297,Propia,274.00,1,3,16,Ladrillo,Cemento,Concreto,2025-11-21 01:37:06,2025-11-21 01:37:06,11113042038
299,Propia,200.00,2,3,4,Madera,Cemento,Lámina,2025-11-21 01:54:19,2025-11-21 01:54:19,11112965092
300,Familiar,200.00,1,3,24,Adobe,Mosaico,Teja,2025-11-21 02:01:26,2025-11-21 02:01:26,11113138946
301,Familiar,150.00,1,2,6,Ladrillo,Tierra,Lámina,2025-11-21 02:08:55,2025-11-21 02:08:55,11112892478
302,Propia,150.00,1,3,15,Lámina,Cemento,Lámina,2025-11-21 02:19:43,2025-11-21 02:19:43,11113113052
303,Propia,150.00,1,2,8,Lámina,Cemento,Lámina,2025-11-21 02:26:22,2025-11-21 02:26:22,11113082146
304,Propia,150.00,1,3,53,Ladrillo,Cemento,Lámina,2025-11-21 02:34:31,2025-11-21 02:34:31,11112814562
305,Familiar,200.00,2,2,1,Ladrillo,Mosaico,Concreto,2025-11-21 02:41:03,2025-11-21 02:41:03,11112907237
306,Propia,200.00,1,4,5,Ladrillo,Cemento,Concreto,2025-11-21 02:49:53,2025-11-21 02:49:53,11112947405
307,Propia,150.00,1,2,5,Ladrillo,Cemento,Lámina,2025-11-21 03:00:28,2025-11-21 03:00:28,11112962070
308,Familiar,80.00,1,3,14,Ladrillo,Mosaico,Concreto,2025-11-21 03:11:07,2025-11-21 03:11:07,11113146282
309,Propia,200.00,1,3,63,Adobe,Cemento,Concreto,2025-11-21 03:18:19,2025-11-21 03:18:19,11112802275
310,Propia,340.00,1,2,34,Ladrillo,Cemento,Concreto,2025-11-21 03:33:42,2025-11-21 03:33:42,11112794953
311,Propia,200.00,1,4,18,Ladrillo,Cemento,Lámina,2025-11-21 03:39:54,2025-11-21 03:39:54,11112917095
312,Familiar,200.00,1,2,20,Adobe,Cemento,Teja,2025-11-21 03:48:16,2025-11-21 03:48:16,11113107492
313,Propia,200.00,1,3,5,Madera,Cemento,Lámina,2025-11-21 03:55:23,2025-11-21 03:55:23,11112819235
314,Propia,250.00,2,4,51,Ladrillo,Cemento,Concreto,2025-11-21 04:02:06,2025-11-21 04:02:06,11113104303
315,Propia,200.00,1,2,10,Ladrillo,Cemento,Concreto,2025-11-21 04:08:58,2025-11-21 04:08:58,11113214056
316,Propia,260.00,1,1,10,Ladrillo,Cemento,Concreto,2025-11-22 16:44:05,2025-11-22 16:44:05,11112783173
317,Propia,60.00,1,2,5,Madera,Cemento,Lámina,2025-11-22 17:18:16,2025-11-22 17:18:16,11113016455
318,Propia,2000.00,1,3,10,Block,Cemento,Concreto,2025-11-22 17:50:00,2025-11-22 17:50:00,11112781039
319,Familiar,265.00,1,4,26,Ladrillo,Cemento,Concreto,2025-12-03 15:37:56,2025-12-03 15:37:56,11113003608
320,Familiar,365.00,2,6,38,Ladrillo,Cemento,Concreto,2025-12-05 19:22:54,2025-12-05 19:22:54,11113049905
321,Propia,245.00,1,4,30,Ladrillo,Cemento,Concreto,2025-12-16 20:45:21,2025-12-16 20:45:21,11113054433
322,Rentada,42.00,1,1,5,Ladrillo,Mosaico,Otro,2025-12-16 21:14:37,2025-12-16 21:14:37,11112905722
323,Propia,245.00,1,2,35,Ladrillo,Mosaico,Concreto,2025-12-16 21:25:38,2025-12-16 21:25:38,11113007902
324,Propia,345.00,1,4,14,Ladrillo,Cemento,Concreto,2025-12-17 17:03:06,2025-12-17 17:03:06,11113019580
325,Familiar,350.00,1,3,22,Ladrillo,Cemento,Concreto,2025-12-17 17:59:43,2025-12-17 17:59:43,11113009695
326,Familiar,245.00,2,8,13,Ladrillo,Cemento,Lámina,2025-12-17 18:13:13,2025-12-17 18:13:13,11112666665
327,Propia,245.00,1,3,19,Ladrillo,Cemento,Concreto,2025-12-17 18:21:15,2025-12-17 18:21:15,11112896316
328,Familiar,300.00,1,3,4,Ladrillo,Cemento,Concreto,2025-12-17 18:31:32,2025-12-17 18:31:32,11112948802
329,Propia,300.00,2,4,55,Ladrillo,Cemento,Concreto,2025-12-17 18:40:31,2025-12-17 18:40:31,11113053778
330,Propia,120.00,1,2,50,Ladrillo,Cemento,Concreto,2025-12-17 18:54:20,2025-12-17 18:54:20,11113142034
331,Propia,245.00,1,2,14,Otro,Cemento,Lámina,2025-12-17 19:04:31,2025-12-17 19:04:31,11112985536
332,Propia,245.00,1,2,10,Lámina,Cemento,Lámina,2025-12-17 23:03:12,2025-12-17 23:03:12,11113189493
333,Propia,245.00,1,3,40,Adobe,Cemento,Lámina,2025-12-18 15:24:51,2025-12-18 15:24:51,11112929397
334,Propia,245.00,1,3,22,Lámina,Cemento,Lámina,2025-12-18 15:41:09,2025-12-18 15:41:09,11112939602
335,Familiar,245.00,1,2,23,Adobe,Cemento,Lámina,2025-12-18 15:57:34,2025-12-18 15:57:34,11112996848
336,Propia,245.00,1,3,20,Ladrillo,Cemento,Lámina,2025-12-18 16:04:17,2025-12-18 16:04:17,11113033563
337,Propia,245.00,1,2,20,Ladrillo,Cemento,Concreto,2025-12-18 16:34:05,2025-12-18 16:34:05,11112858472
338,Propia,300.00,1,3,25,Ladrillo,Tierra,Lámina,2025-12-18 16:46:37,2025-12-18 16:46:37,11112665749
339,Propia,245.00,1,2,50,Ladrillo,Cemento,Concreto,2025-12-18 16:56:25,2025-12-18 16:56:25,11113006375
340,Propia,245.00,1,3,21,Ladrillo,Cemento,Lámina,2025-12-18 17:06:15,2025-12-18 17:06:15,11112938595
341,Propia,245.00,1,2,30,Madera,Cemento,Concreto,2025-12-18 18:21:55,2025-12-18 18:21:55,11112942643
342,Familiar,300.00,1,4,2,Ladrillo,Tierra,Lámina,2025-12-18 18:39:35,2025-12-18 18:39:35,11113005731
343,Propia,365.00,1,3,9,Adobe,Cemento,Teja,2025-12-18 20:20:03,2025-12-18 20:20:03,11112936225
344,Propia,361.00,1,3,9,Ladrillo,Tierra,Lámina,2025-12-18 20:31:23,2025-12-18 20:31:23,11112969340
345,Propia,200.00,1,1,9,Ladrillo,Mosaico,Concreto,2025-12-18 20:40:54,2025-12-18 20:40:54,11112828782
348,Propia,100.00,1,2,10,Concreto,Cemento,Concreto,2025-12-19 20:33:21,2025-12-19 20:33:21,11112999671
349,Propia,300.00,1,2,10,Concreto,Cemento,Concreto,2025-12-19 21:46:52,2025-12-19 21:46:52,11112712265
350,Propia,245.00,1,3,30,Lámina,Cemento,Lámina,2025-12-24 18:28:22,2025-12-24 18:28:22,11112805044
351,Propia,245.00,1,2,2,Lámina,Cemento,Lámina,2025-12-24 18:41:56,2025-12-24 18:41:56,11112802463
352,Propia,340.00,1,2,36,Adobe,Cemento,Lámina,2025-12-29 17:26:59,2025-12-29 17:26:59,11112933181
353,Propia,245.00,1,2,35,Adobe,Cemento,Lámina,2025-12-29 19:18:18,2025-12-29 19:18:18,11112985431
354,Propia,270.00,1,3,27,Ladrillo,Cemento,Lámina,2026-01-02 23:06:43,2026-01-02 23:06:43,11112918349
355,Propia,200.00,1,3,9,Madera,Tierra,Lámina,2026-01-02 23:14:56,2026-01-02 23:14:56,11112904439
356,Familiar,300.00,1,5,18,Adobe,Cemento,Lámina,2026-01-02 23:22:11,2026-01-02 23:22:11,11112739079
357,Propia,200.00,1,2,5,Ladrillo,Cemento,Lámina,2026-01-02 23:28:55,2026-01-02 23:28:55,11113044045
358,Propia,200.00,1,3,14,Ladrillo,Cemento,Concreto,2026-01-02 23:39:10,2026-01-02 23:39:10,11112974492
359,Familiar,300.00,1,5,15,Ladrillo,Cemento,Lámina,2026-01-02 23:45:53,2026-01-02 23:45:53,11112863299
360,Propia,60.00,1,3,20,Ladrillo,Cemento,Lámina,2026-01-03 00:06:19,2026-01-03 00:06:19,11113004593
361,Familiar,300.00,1,3,10,Ladrillo,Cemento,Lámina,2026-01-03 00:12:12,2026-01-03 00:12:12,11112878795
362,Familiar,200.00,1,2,32,Ladrillo,Cemento,Concreto,2026-01-03 00:19:19,2026-01-03 00:19:19,11112929341
363,Propia,100.00,2,3,1,Ladrillo,Cemento,Concreto,2026-01-03 00:25:39,2026-01-03 00:25:39,11112984529
364,Propia,110.00,2,2,25,Adobe,Cemento,Concreto,2026-01-03 00:33:16,2026-01-03 00:33:16,11113026843
366,Propia,300.00,1,5,25,Ladrillo,Cemento,Concreto,2026-01-03 01:04:29,2026-01-03 01:04:29,11113042756
367,Propia,245.00,1,2,20,Ladrillo,Cemento,Concreto,2026-01-05 17:23:20,2026-01-05 17:23:20,11112824835
368,Propia,245.00,2,3,30,Ladrillo,Cemento,Lámina,2026-01-05 17:41:28,2026-01-05 17:41:28,11112818336
369,Propia,245.00,1,1,1,Ladrillo,Cemento,Concreto,2026-01-06 17:21:14,2026-01-06 17:21:14,11112815237
370,Familiar,245.00,1,1,1,Ladrillo,Cemento,Lámina,2026-01-06 17:33:41,2026-01-06 17:33:41,11112837047
371,Propia,200.00,1,2,10,Lámina,Cemento,Lámina,2026-01-13 19:16:34,2026-01-13 19:16:34,11113051816
372,Familiar,250.00,1,6,10,Ladrillo,Tierra,Lámina,2026-01-14 18:45:33,2026-01-14 18:45:33,11112763649
373,Propia,250.00,1,4,13,Ladrillo,Cemento,Concreto,2026-01-14 19:40:26,2026-01-14 19:40:26,11112866249
374,Familiar,50.00,2,3,31,Ladrillo,Cemento,Concreto,2026-01-14 20:18:02,2026-01-14 20:18:02,11112818097
375,Familiar,200.00,1,4,40,Ladrillo,Cemento,Lámina,2026-01-14 20:29:32,2026-01-14 20:29:32,11112975417
376,Propia,200.00,1,5,28,Ladrillo,Cemento,Concreto,2026-01-14 20:50:10,2026-01-14 20:50:10,11112792766
377,Propia,200.00,1,2,6,Ladrillo,Cemento,Lámina,2026-01-14 21:15:36,2026-01-14 21:15:36,11113106411
378,Propia,345.00,1,3,20,Ladrillo,Cemento,Concreto,2026-01-14 21:59:33,2026-01-14 21:59:33,11112887138
379,Propia,200.00,1,4,21,Ladrillo,Cemento,Lámina,2026-01-15 19:37:11,2026-01-15 19:37:11,11112996430
380,Propia,200.00,1,7,40,Ladrillo,Cemento,Concreto,2026-01-15 19:49:42,2026-01-15 19:49:42,11112931322
381,Rentada,400.00,1,2,5,Ladrillo,Cemento,Lámina,2026-01-15 20:02:09,2026-01-15 20:02:09,11112773739
382,Propia,200.00,1,4,39,Adobe,Cemento,Lámina,2026-01-15 20:19:31,2026-01-15 20:19:31,11112802259
383,Propia,200.00,1,1,2,Concreto,Cemento,Concreto,2026-01-15 20:43:04,2026-01-15 20:43:04,11113033618
384,Propia,200.00,1,3,6,Ladrillo,Cemento,Concreto,2026-01-15 20:57:42,2026-01-15 20:57:42,11112699307
385,Propia,200.00,2,8,32,Ladrillo,Cemento,Concreto,2026-01-15 21:07:53,2026-01-15 21:07:53,11113116034
386,Propia,200.00,1,1,31,Ladrillo,Cemento,Concreto,2026-01-16 19:56:55,2026-01-16 19:56:55,11113042732
387,Propia,200.00,1,4,28,Madera,Cemento,Lámina,2026-01-16 20:28:00,2026-01-16 20:28:00,11113013674
388,Propia,200.00,1,2,1,Madera,Cemento,Lámina,2026-01-16 20:53:29,2026-01-16 20:53:29,11112948100
389,Propia,200.00,1,4,7,Madera,Cemento,Lámina,2026-01-16 21:07:03,2026-01-16 21:07:03,11112922583
390,Propia,200.00,1,2,25,Ladrillo,Otro,Lámina,2026-01-16 22:03:12,2026-01-16 22:03:12,11113002299
391,Propia,200.00,1,2,1,Ladrillo,Cemento,Concreto,2026-01-16 22:29:08,2026-01-16 22:29:08,11112706693
392,Familiar,200.00,1,2,20,Block,Cemento,Lámina,2026-01-16 22:40:30,2026-01-16 22:40:30,11112807346
393,Propia,200.00,1,3,20,Ladrillo,Cemento,Lámina,2026-01-16 22:53:53,2026-01-16 22:53:53,11112783089
394,Propia,200.00,1,4,25,Ladrillo,Cemento,Concreto,2026-01-23 16:02:01,2026-01-23 16:02:01,11112888569
395,Familiar,200.00,1,4,30,Ladrillo,Cemento,Concreto,2026-01-23 16:17:58,2026-01-23 16:17:58,11112862917
396,Propia,200.00,1,5,2,Ladrillo,Cemento,Concreto,2026-01-23 16:41:55,2026-01-23 16:41:55,11112908291
397,Propia,200.00,1,3,25,Ladrillo,Cemento,Concreto,2026-01-23 16:55:09,2026-01-23 16:55:09,11112952328
398,Propia,600.00,1,3,20,Ladrillo,Cemento,Concreto,2026-01-23 17:11:27,2026-01-23 17:11:27,11112821419
399,Familiar,200.00,1,2,40,Ladrillo,Cemento,Lámina,2026-01-23 17:36:32,2026-01-23 17:36:32,11112716716
400,Familiar,120.00,1,5,5,Ladrillo,Cemento,Concreto,2026-01-23 18:39:03,2026-01-23 18:39:03,11112837856
401,Familiar,120.00,1,5,5,Ladrillo,Cemento,Concreto,2026-01-23 18:55:11,2026-01-23 18:55:11,11112918295
402,Propia,200.00,1,1,52,Ladrillo,Cemento,Concreto,2026-01-23 19:18:46,2026-01-23 19:18:46,11113093885
403,Propia,200.00,1,3,10,Ladrillo,Cemento,Lámina,2026-01-23 20:03:01,2026-01-23 20:03:01,11112957025
404,Familiar,200.00,1,4,6,Ladrillo,Cemento,Lámina,2026-01-26 15:59:31,2026-01-26 15:59:31,11112892924
405,Familiar,200.00,1,4,33,Ladrillo,Cemento,Lámina,2026-01-26 16:18:39,2026-01-26 16:18:39,11113005775
406,Propia,265.00,2,2,20,Ladrillo,Cemento,Concreto,2026-01-26 17:21:10,2026-01-26 17:21:10,11113091556
407,Propia,200.00,1,2,2,Ladrillo,Cemento,Concreto,2026-01-26 18:13:16,2026-01-26 18:13:16,11112898863
408,Propia,576.00,1,4,5,Ladrillo,Cemento,Concreto,2026-01-26 18:26:36,2026-01-26 18:26:36,11112777895
409,Familiar,200.00,1,4,15,Ladrillo,Cemento,Concreto,2026-01-26 18:55:27,2026-01-26 18:55:27,11113011924
410,Propia,200.00,1,3,14,Ladrillo,Cemento,Concreto,2026-01-26 19:52:53,2026-01-26 19:52:53,11113023238
411,Propia,210.00,1,3,30,Ladrillo,Cemento,Lámina,2026-01-26 20:07:50,2026-01-26 20:07:50,11113188904
412,Propia,200.00,1,3,10,Adobe,Cemento,Lámina,2026-01-27 15:45:18,2026-01-27 15:45:18,11112897851
413,Familiar,200.00,1,2,20,Ladrillo,Cemento,Lámina,2026-01-27 16:09:41,2026-01-27 16:09:41,11112861770
414,Propia,168.00,2,3,20,Ladrillo,Cemento,Concreto,2026-01-27 16:36:10,2026-01-27 16:36:10,11112993402
415,Familiar,150.00,2,4,2,Ladrillo,Cemento,Concreto,2026-01-27 16:47:23,2026-01-27 16:47:23,11112962972
416,Propia,50.00,2,3,61,Ladrillo,Cemento,Concreto,2026-01-27 16:57:47,2026-01-27 16:57:47,11112789848
417,Familiar,200.00,1,4,9,Ladrillo,Cemento,Lámina,2026-01-27 17:16:10,2026-01-27 17:16:10,11112859540
418,Familiar,200.00,1,3,45,Block,Cemento,Teja,2026-01-27 17:37:46,2026-01-27 17:37:46,11113051729
419,Propia,100.00,2,3,2,Ladrillo,Cemento,Concreto,2026-01-27 17:49:20,2026-01-27 17:49:20,11113038739
420,Familiar,200.00,1,2,5,Lámina,Cemento,Lámina,2026-01-27 18:01:42,2026-01-27 18:01:42,11112982523
421,Familiar,48.00,2,4,2,Ladrillo,Cemento,Concreto,2026-01-27 18:11:59,2026-01-27 18:11:59,11113004040
422,Propia,200.00,1,3,15,Lámina,Cemento,Lámina,2026-01-27 18:24:03,2026-01-27 18:24:03,11113046199
423,Rentada,50.00,2,3,13,Ladrillo,Cemento,Concreto,2026-01-28 17:40:05,2026-01-28 17:40:05,11112917978
424,Propia,800.00,1,3,15,Ladrillo,Cemento,Otro,2026-01-28 18:03:50,2026-01-28 18:03:50,11112859703
425,Propia,200.00,2,5,15,Ladrillo,Cemento,Concreto,2026-01-28 19:00:14,2026-01-28 19:00:14,11113279742
426,Propia,1560.00,1,3,50,Ladrillo,Cemento,Lámina,2026-01-28 19:09:56,2026-01-28 19:09:56,11112855162
427,Propia,200.00,1,4,10,Ladrillo,Cemento,Concreto,2026-01-28 19:35:25,2026-01-28 19:35:25,11112919388
428,Propia,200.00,1,2,50,Adobe,Cemento,Lámina,2026-01-28 20:04:26,2026-01-28 20:04:26,11112872200
429,Propia,200.00,1,1,36,Adobe,Cemento,Lámina,2026-01-29 15:50:40,2026-01-29 15:50:40,11113058061
430,Propia,200.00,1,4,20,Ladrillo,Cemento,Lámina,2026-01-29 16:30:29,2026-01-29 16:30:29,11113184661
431,Rentada,100.00,1,1,2,Ladrillo,Cemento,Lámina,2026-01-29 16:55:48,2026-01-29 16:55:48,11113169180
432,Propia,200.00,1,2,39,Adobe,Cemento,Lámina,2026-01-29 17:22:31,2026-01-29 17:22:31,11112946318
433,Familiar,1250.00,2,4,40,Ladrillo,Cemento,Lámina,2026-01-29 18:18:20,2026-01-29 18:18:20,11112933863
434,Propia,200.00,1,5,20,Ladrillo,Cemento,Concreto,2026-01-29 19:14:59,2026-01-29 19:14:59,11112916570
435,Familiar,400.00,1,5,25,Ladrillo,Cemento,Concreto,2026-01-29 19:29:09,2026-01-29 19:29:09,11113058523
436,Familiar,750.00,1,2,6,Ladrillo,Cemento,Concreto,2026-01-29 19:46:38,2026-01-29 19:46:38,11112839763
437,Familiar,200.00,1,7,22,Adobe,Tierra,Lámina,2026-01-30 16:14:20,2026-01-30 16:14:20,11112854697
438,Propia,200.00,2,6,6,Ladrillo,Cemento,Lámina,2026-01-30 18:06:11,2026-01-30 18:06:11,11112863857
439,Propia,128.00,1,4,30,Concreto,Cemento,Lámina,2026-01-30 18:21:03,2026-01-30 18:21:03,11112778298
440,Propia,200.00,2,5,7,Ladrillo,Cemento,Concreto,2026-01-30 18:49:13,2026-01-30 18:49:13,11112972707
441,Familiar,200.00,2,4,33,Ladrillo,Cemento,Concreto,2026-01-30 19:18:18,2026-01-30 19:18:18,11112815619
442,Familiar,200.00,2,5,29,Ladrillo,Cemento,Concreto,2026-01-30 19:36:55,2026-01-30 19:36:55,11112831329
443,Propia,20.00,1,3,10,Adobe,Cemento,Lámina,2026-01-30 19:49:11,2026-01-30 19:49:11,11112731837
444,Familiar,200.00,1,11,24,Ladrillo,Cemento,Lámina,2026-01-30 20:06:07,2026-01-30 20:06:07,11113053191
445,Familiar,400.00,1,4,2,Ladrillo,Cemento,Lámina,2026-01-30 20:26:31,2026-01-30 20:26:31,11112981187
446,Propia,500.00,1,5,5,Ladrillo,Cemento,Lámina,2026-01-30 20:48:00,2026-01-30 20:48:00,11112958035
447,Propia,200.00,1,5,23,Ladrillo,Cemento,Lámina,2026-01-31 17:19:19,2026-01-31 17:19:19,11113023290
448,Familiar,120.00,1,5,12,Ladrillo,Cemento,Lámina,2026-01-31 18:37:48,2026-01-31 18:37:48,11112833520
449,Familiar,200.00,1,3,6,Ladrillo,Cemento,Concreto,2026-01-31 18:53:50,2026-01-31 18:53:50,11112992988
450,Propia,24.00,1,1,45,Adobe,Cemento,Lámina,2026-01-31 19:04:48,2026-01-31 19:04:48,11112946341
451,Propia,200.00,1,5,49,Adobe,Cemento,Lámina,2026-01-31 19:20:20,2026-01-31 19:20:20,11112949092
452,Familiar,85.00,1,5,33,Adobe,Cemento,Lámina,2026-01-31 19:34:16,2026-01-31 19:34:16,11113033057
453,Propia,200.00,1,2,50,Concreto,Cemento,Concreto,2026-01-31 19:43:34,2026-01-31 19:43:34,11112957246
454,Propia,63.00,1,1,10,Ladrillo,Cemento,Concreto,2026-01-31 19:53:04,2026-01-31 19:53:04,11113066416
455,Propia,200.00,1,4,56,Ladrillo,Cemento,Lámina,2026-02-03 16:04:39,2026-02-03 16:04:39,11113096161
456,Propia,200.00,1,2,19,Ladrillo,Tierra,Lámina,2026-02-03 16:59:02,2026-02-03 16:59:02,11113113239
457,Propia,200.00,1,2,20,Ladrillo,Cemento,Lámina,2026-02-03 17:13:10,2026-02-03 17:13:10,11113192667
458,Propia,200.00,1,4,34,Ladrillo,Cemento,Concreto,2026-02-03 17:27:55,2026-02-03 17:27:55,11113299859
459,Propia,200.00,1,3,30,Ladrillo,Cemento,Concreto,2026-02-03 17:42:50,2026-02-03 17:42:50,11112623811
460,Propia,200.00,1,4,30,Ladrillo,Cemento,Lámina,2026-02-03 18:02:17,2026-02-03 18:02:17,11113063797
461,Familiar,200.00,1,4,4,Lámina,Tierra,Lámina,2026-02-03 18:21:38,2026-02-03 18:21:38,11113036993
462,Propia,200.00,1,5,7,Ladrillo,Cemento,Lámina,2026-02-03 18:39:51,2026-02-03 18:39:51,11112666627
463,Propia,200.00,1,5,10,Ladrillo,Cemento,Concreto,2026-02-03 19:09:07,2026-02-03 19:09:07,11112881178
464,Propia,200.00,1,2,3,Ladrillo,Cemento,Lámina,2026-02-03 19:27:20,2026-02-03 19:27:20,11112968122
465,Familiar,200.00,2,5,30,Ladrillo,Cemento,Concreto,2026-02-03 19:52:03,2026-02-03 19:52:03,11112932922
466,Familiar,200.00,1,4,3,Concreto,Cemento,Lámina,2026-02-03 20:08:29,2026-02-03 20:08:29,11112971296
467,Propia,200.00,1,4,30,Ladrillo,Cemento,Lámina,2026-02-06 15:52:53,2026-02-06 15:52:53,11112972833
468,Familiar,200.00,1,3,14,Ladrillo,Cemento,Concreto,2026-02-06 16:11:40,2026-02-06 16:11:40,11112935138
469,Familiar,200.00,1,2,15,Ladrillo,Cemento,Concreto,2026-02-06 16:34:08,2026-02-06 16:34:08,11112895952
470,Propia,200.00,1,3,31,Ladrillo,Cemento,Concreto,2026-02-06 16:59:24,2026-02-06 16:59:24,11112821422
471,Familiar,200.00,1,3,20,Ladrillo,Cemento,Concreto,2026-02-06 17:25:21,2026-02-06 17:25:21,11113097725
472,Propia,200.00,1,2,41,Adobe,Cemento,Lámina,2026-02-06 17:44:54,2026-02-06 17:44:54,11113036790
473,Propia,200.00,2,4,20,Ladrillo,Cemento,Concreto,2026-02-06 18:06:24,2026-02-06 18:06:24,11113085031
474,Propia,150.00,2,4,14,Ladrillo,Cemento,Concreto,2026-02-06 18:28:59,2026-02-06 18:28:59,11113117861
476,Propia,200.00,1,4,30,Ladrillo,Cemento,Concreto,2026-02-06 19:28:24,2026-02-06 19:28:24,11112842761
477,Rentada,245.00,1,1,2,Ladrillo,Cemento,Concreto,2026-02-06 22:41:16,2026-02-06 22:41:16,11112872212
478,Propia,200.00,1,2,5,Ladrillo,Cemento,Lámina,2026-02-07 18:01:39,2026-02-07 18:01:39,11113232046
479,Propia,600.00,1,3,39,Adobe,Cemento,Lámina,2026-02-07 18:21:30,2026-02-07 18:21:30,11113169116
480,Propia,200.00,1,2,70,Ladrillo,Cemento,Lámina,2026-02-07 18:48:31,2026-02-07 18:48:31,11112905127
481,Propia,200.00,1,2,37,Ladrillo,Cemento,Lámina,2026-02-07 19:02:41,2026-02-07 19:02:41,11113047273
482,Propia,265.00,1,2,37,Ladrillo,Cemento,Concreto,2026-02-07 19:19:26,2026-02-07 19:19:26,11112998765
483,Propia,200.00,1,3,8,Lámina,Cemento,Lámina,2026-02-07 19:32:40,2026-02-07 19:32:40,11113109760
484,Propia,200.00,1,5,17,Ladrillo,Cemento,Concreto,2026-02-07 20:08:31,2026-02-07 20:08:31,11113121146
485,Propia,260.00,1,5,18,Ladrillo,Cemento,Lámina,2026-02-07 20:17:46,2026-02-07 20:17:46,11112952009
486,Familiar,600.00,1,5,10,Ladrillo,Cemento,Concreto,2026-02-09 16:46:15,2026-02-09 16:46:15,11112894601
487,Propia,24.00,1,3,15,Adobe,Cemento,Lámina,2026-02-09 17:24:20,2026-02-09 17:24:20,11112987118
488,Propia,200.00,2,4,19,Ladrillo,Cemento,Concreto,2026-02-09 17:34:21,2026-02-09 17:34:21,11113035478
489,Familiar,180.00,1,3,2,Ladrillo,Cemento,Lámina,2026-02-10 15:41:23,2026-02-10 15:41:23,11112946258
490,Propia,200.00,1,3,5,Ladrillo,Cemento,Concreto,2026-02-10 18:25:18,2026-02-10 18:25:18,11112988227
491,Propia,200.00,1,3,10,Lámina,Cemento,Lámina,2026-02-10 19:38:13,2026-02-10 19:38:13,11112751250
492,Propia,200.00,1,1,4,Ladrillo,Cemento,Concreto,2026-02-10 20:04:34,2026-02-10 20:04:34,11112908304
493,Propia,200.00,1,3,16,Ladrillo,Cemento,Concreto,2026-02-10 20:18:13,2026-02-10 20:18:13,11112942297
494,Familiar,320.00,1,4,10,Ladrillo,Cemento,Concreto,2026-02-10 20:35:04,2026-02-10 20:35:04,11112732871
495,Propia,200.00,1,4,10,Ladrillo,Tierra,Concreto,2026-02-10 20:50:36,2026-02-10 20:50:36,11112884857
496,Familiar,200.00,1,2,8,Ladrillo,Cemento,Concreto,2026-02-10 21:07:00,2026-02-10 21:07:00,11112787203
497,Propia,20.00,1,2,10,Ladrillo,Mosaico,Concreto,2026-02-12 15:40:23,2026-02-12 15:40:23,11113033055
498,Propia,20.00,1,2,18,Concreto,Cemento,Concreto,2026-02-12 16:23:09,2026-02-12 16:23:09,11112982584
499,Propia,245.00,1,3,3,Ladrillo,Cemento,Concreto,2026-02-12 17:30:43,2026-02-12 17:30:43,11113066481
500,Propia,245.00,1,5,11,Ladrillo,Cemento,Lámina,2026-02-12 18:30:09,2026-02-12 18:30:09,11113052056
501,Propia,200.00,1,4,23,Lámina,Cemento,Lámina,2026-02-13 16:45:47,2026-02-13 16:45:47,11112902202
502,Propia,200.00,1,6,20,Lámina,Cemento,Lámina,2026-02-13 17:12:35,2026-02-13 17:12:35,11112801054
503,Familiar,200.00,1,2,20,Madera,Cemento,Lámina,2026-02-13 17:55:05,2026-02-13 17:55:05,11112822564
504,Familiar,200.00,1,2,20,Ladrillo,Cemento,Concreto,2026-02-13 18:15:12,2026-02-13 18:15:12,11113137321
505,Propia,200.00,1,4,28,Ladrillo,Cemento,Concreto,2026-02-13 18:43:43,2026-02-13 18:43:43,11113052405
506,Familiar,200.00,1,7,15,Lámina,Cemento,Lámina,2026-02-13 19:07:34,2026-02-13 19:07:34,11112939631
507,Propia,20.00,1,3,10,Ladrillo,Cemento,Concreto,2026-02-17 16:39:17,2026-02-17 16:39:17,11113093502
508,Propia,200.00,1,1,20,Ladrillo,Tierra,Lámina,2026-02-18 16:32:20,2026-02-18 16:32:20,11113112491
509,Familiar,200.00,1,4,3,Madera,Tierra,Lámina,2026-02-20 17:02:37,2026-02-20 17:02:37,11113089746
510,Propia,200.00,1,3,33,Ladrillo,Cemento,Concreto,2026-02-20 17:23:23,2026-02-20 17:23:23,11112874979
511,Propia,120.00,1,5,31,Ladrillo,Cemento,Concreto,2026-02-20 21:40:20,2026-02-20 21:40:20,11112977454
512,Rentada,245.00,1,2,4,Madera,Cemento,Lámina,2026-04-02 17:05:49,2026-04-02 17:05:49,11112948571
513,Familiar,200.00,2,3,18,Ladrillo,Cemento,Concreto,2026-04-02 17:20:42,2026-04-02 17:20:42,11112985466
514,Propia,20.00,2,3,17,Ladrillo,Cemento,Concreto,2026-04-02 17:30:08,2026-04-02 17:30:08,11112809015
515,Propia,100.00,1,2,28,Adobe,Cemento,Teja,2026-04-07 18:47:26,2026-04-07 18:47:26,11112714005
516,Propia,400.00,1,1,40,Ladrillo,Cemento,Concreto,2026-04-10 19:40:01,2026-04-10 19:40:01,11113125574
517,Propia,200.00,1,1,40,Ladrillo,Cemento,Concreto,2026-04-10 19:51:38,2026-04-10 19:51:38,11112826720
518,Propia,200.00,1,4,20,Adobe,Tierra,Lámina,2026-04-11 17:49:33,2026-04-11 17:49:33,11112786052
519,Propia,200.00,1,2,30,Ladrillo,Cemento,Concreto,2026-04-11 18:24:15,2026-04-11 18:24:15,11113005621
520,Familiar,800.00,2,4,20,Ladrillo,Cemento,Concreto,2026-04-16 14:26:52,2026-04-16 14:26:52,11112823381
521,Propia,245.00,2,6,29,Ladrillo,Cemento,Concreto,2026-04-16 14:43:47,2026-04-16 14:43:47,11112888361
522,Propia,200.00,1,2,1,Ladrillo,Cemento,Concreto,2026-04-17 19:41:26,2026-04-17 19:41:26,11112961004
523,Familiar,200.00,1,3,1,Ladrillo,Cemento,Concreto,2026-04-20 18:31:31,2026-04-20 18:31:31,11112941078
524,Propia,200.00,1,2,1,Lámina,Tierra,Lámina,2026-04-22 22:05:10,2026-04-22 22:05:10,11112823652
525,Propia,200.00,1,2,10,Lámina,Tierra,Lámina,2026-04-22 22:14:32,2026-04-22 22:14:32,11113179172
526,Familiar,200.00,1,6,5,Ladrillo,Cemento,Lámina,2026-04-22 22:27:13,2026-04-22 22:27:13,11113126104
527,Familiar,20.00,1,1,2,Ladrillo,Tierra,Lámina,2026-04-24 21:30:48,2026-04-24 21:30:48,11112967143
528,Propia,20.00,1,1,28,Ladrillo,Cemento,Concreto,2026-04-24 21:46:24,2026-04-24 21:46:24,11113075182
529,Familiar,100.00,1,4,2,Ladrillo,Tierra,Lámina,2026-04-24 21:59:17,2026-04-24 21:59:17,11113121325
530,Familiar,200.00,1,4,1,Ladrillo,Tierra,Lámina,2026-04-24 22:09:22,2026-04-24 22:09:22,11113117395
531,Rentada,20.00,1,1,5,Ladrillo,Cemento,Lámina,2026-04-24 22:20:05,2026-04-24 22:20:05,11113055830
532,Propia,50.00,1,3,15,Ladrillo,Cemento,Lámina,2026-04-24 22:27:28,2026-04-24 22:27:28,11113034520
533,Familiar,400.00,1,5,1,Ladrillo,Cemento,Concreto,2026-04-29 16:02:59,2026-04-29 16:02:59,11112971606
534,Propia,200.00,1,4,14,Ladrillo,Cemento,Lámina,2026-04-29 19:23:53,2026-04-29 19:23:53,11113166323
535,Propia,100.00,1,2,1,Adobe,Cemento,Lámina,2026-04-29 19:48:37,2026-04-29 19:48:37,11113095058
536,Propia,200.00,1,4,16,Ladrillo,Cemento,Lámina,2026-05-04 20:26:49,2026-05-04 20:26:49,11113006480
537,Rentada,2000.00,1,2,29,Ladrillo,Cemento,Lámina,2026-05-05 19:38:32,2026-05-05 19:38:32,11112945246
538,Familiar,200.00,1,3,4,Concreto,Cemento,Lámina,2026-05-06 16:45:40,2026-05-06 16:45:40,11112813052
539,Propia,245.00,1,3,35,Adobe,Cemento,Lámina,2026-05-07 17:08:47,2026-05-07 17:08:47,11112944545
540,Familiar,200.00,1,4,4,Ladrillo,Cemento,Concreto,2026-05-08 20:01:41,2026-05-08 20:01:41,11112901756
541,Rentada,120.00,1,5,4,Ladrillo,Cemento,Concreto,2026-05-09 17:33:28,2026-05-09 17:33:28,11112735798
542,Propia,100.00,1,2,7,Ladrillo,Tierra,Lámina,2026-05-13 17:32:31,2026-05-13 17:32:31,11113126158
543,Propia,150.00,2,5,30,Ladrillo,Cemento,Concreto,2026-05-14 22:09:52,2026-05-14 22:09:52,11112755226
544,Propia,245.00,1,3,30,Ladrillo,Cemento,Lámina,2026-05-16 16:25:27,2026-05-16 16:25:27,11113125623
545,Rentada,100.00,1,1,1,Ladrillo,Cemento,Concreto,2026-05-16 16:44:25,2026-05-16 16:44:25,11112893523
546,Familiar,120.00,2,4,3,Ladrillo,Cemento,Concreto,2026-05-20 17:50:47,2026-05-20 17:50:47,11112769851
547,Propia,250.00,1,5,22,Lámina,Cemento,Lámina,2026-05-20 18:15:50,2026-05-20 18:15:50,11112867599
548,Familiar,200.00,2,3,24,Ladrillo,Cemento,Concreto,2026-05-22 16:40:53,2026-05-22 16:40:53,11112625987
549,Propia,200.00,1,2,68,Ladrillo,Cemento,Lámina,2026-05-22 16:53:05,2026-05-22 16:53:05,11113056638
550,Propia,100.00,1,1,20,Adobe,Cemento,Lámina,2026-05-26 18:32:49,2026-05-26 18:32:49,11112914012
551,Propia,120.00,1,2,20,Ladrillo,Cemento,Otro,2026-05-29 21:08:57,2026-05-29 21:08:57,11113023334
552,Propia,200.00,1,2,47,Ladrillo,Cemento,Concreto,2026-05-30 16:54:26,2026-05-30 16:54:26,11112887079
553,Propia,100.00,1,4,20,Ladrillo,Cemento,Concreto,2026-05-30 17:07:36,2026-05-30 17:07:36,11113186245
554,Propia,200.00,1,4,14,Lámina,Cemento,Lámina,2026-05-30 17:21:34,2026-05-30 17:21:34,11113162874
555,Propia,200.00,1,2,25,Ladrillo,Cemento,Concreto,2026-05-30 17:33:23,2026-05-30 17:33:23,11112854078
556,Propia,400.00,1,3,37,Ladrillo,Cemento,Concreto,2026-06-03 20:36:30,2026-06-03 20:36:30,11113181739
557,Propia,400.00,1,3,25,Ladrillo,Cemento,Lámina,2026-06-04 20:11:23,2026-06-04 20:11:23,11113029242
558,Familiar,200.00,1,5,2,Adobe,Cemento,Lámina,2026-06-10 17:59:46,2026-06-10 17:59:46,11112914985
559,Propia,200.00,1,3,51,Ladrillo,Cemento,Lámina,2026-06-10 18:19:11,2026-06-10 18:19:11,11113004468
560,Propia,68.00,1,4,6,Ladrillo,Cemento,Concreto,2026-06-10 18:40:40,2026-06-10 18:40:40,11113174457
561,Propia,120.00,1,2,45,Ladrillo,Cemento,Concreto,2026-06-10 18:55:08,2026-06-10 18:55:08,11112914791
562,Propia,200.00,1,1,12,Ladrillo,Cemento,Lámina,2026-06-12 17:45:34,2026-06-12 17:45:34,11113069896
563,Propia,200.00,1,7,10,Ladrillo,Cemento,Lámina,2026-06-12 17:57:13,2026-06-12 17:57:13,11113186271
564,Propia,160.00,4,5,5,Lámina,Cemento,Lámina,2026-06-16 17:15:14,2026-06-16 17:15:14,11113023526
565,Propia,200.00,1,2,41,Ladrillo,Cemento,Lámina,2026-06-17 18:22:54,2026-06-17 18:22:54,11112911821
566,Propia,200.00,1,1,22,Lámina,Tierra,Lámina,2026-06-17 18:58:33,2026-06-17 18:58:33,11113177745
567,Propia,200.00,1,4,30,Ladrillo,Tierra,Lámina,2026-06-17 19:09:55,2026-06-17 19:09:55,11113062348
568,Familiar,420.00,1,4,31,Ladrillo,Cemento,Concreto,2026-06-17 19:30:37,2026-06-17 19:30:37,11112866965
569,Familiar,100.00,1,4,30,Ladrillo,Cemento,Concreto,2026-06-17 19:42:53,2026-06-17 19:42:53,11112838338
570,Familiar,150.00,1,4,65,Ladrillo,Cemento,Concreto,2026-06-17 19:51:03,2026-06-17 19:51:03,11112987168
571,Familiar,600.00,1,4,5,Ladrillo,Cemento,Concreto,2026-06-17 20:13:43,2026-06-17 20:13:43,11113031567
572,Familiar,800.00,1,4,17,Madera,Cemento,Lámina,2026-06-17 20:26:54,2026-06-17 20:26:54,11112994198
573,Propia,200.00,1,9,3,Concreto,Cemento,Concreto,2026-06-18 21:54:32,2026-06-18 21:54:32,11112936233
574,Propia,150.00,1,4,62,Ladrillo,Cemento,Concreto,2026-06-18 22:11:32,2026-06-18 22:11:32,11112903021
575,Propia,200.00,1,3,28,Ladrillo,Cemento,Concreto,2026-06-19 17:26:42,2026-06-19 17:26:42,11113095404
576,Propia,200.00,1,2,2,Lámina,Tierra,Lámina,2026-06-19 18:07:55,2026-06-19 18:07:55,11113003747
577,Propia,200.00,1,2,54,Ladrillo,Cemento,Teja,2026-06-24 17:47:54,2026-06-24 17:47:54,11112996352
578,Propia,200.00,1,1,2,Ladrillo,Cemento,Concreto,2026-06-24 18:19:37,2026-06-24 18:19:37,11112807935
579,Familiar,200.00,1,2,30,Ladrillo,Cemento,Lámina,2026-06-24 18:34:45,2026-06-24 18:34:45,11112824518
580,Propia,40.00,2,2,40,Ladrillo,Cemento,Concreto,2026-06-27 18:07:54,2026-06-27 18:07:54,11112806809
581,Propia,150.00,1,3,50,Ladrillo,Cemento,Asbesto,2026-07-02 21:01:33,2026-07-02 21:01:33,11112931059
582,Propia,130.00,2,2,50,Ladrillo,Cemento,Asbesto,2026-07-02 21:16:26,2026-07-02 21:16:26,11113014663
583,Propia,150.00,1,2,53,Concreto,Cemento,Lámina,2026-07-02 23:01:36,2026-07-02 23:01:36,11112973732
584,Rentada,200.00,1,4,2,Ladrillo,Cemento,Concreto,2026-07-03 18:15:46,2026-07-03 18:15:46,11113222743
585,Familiar,300.00,1,1,29,Ladrillo,Cemento,Concreto,2026-07-03 18:53:05,2026-07-03 18:53:05,11112917334
586,Propia,200.00,1,2,40,Lámina,Cemento,Lámina,2026-07-03 20:38:15,2026-07-03 20:38:15,11113179982
587,Familiar,200.00,1,3,4,Ladrillo,Cemento,Concreto,2026-07-03 21:02:04,2026-07-03 21:02:04,11112964591
588,Propia,200.00,1,1,2,Ladrillo,Cemento,Lámina,2026-07-03 21:15:58,2026-07-03 21:15:58,11113087803
589,Familiar,120.01,1,1,10,Lámina,Cemento,Lámina,2026-07-03 23:46:10,2026-07-03 23:46:10,11113046773
590,Propia,200.00,1,4,4,Ladrillo,Cemento,Lámina,2026-07-07 18:56:27,2026-07-07 18:56:27,11112982881
591,Familiar,100.00,1,2,10,Ladrillo,Cemento,Lámina,2026-07-09 20:40:51,2026-07-09 20:40:51,11113074398
592,Propia,150.00,1,4,10,Concreto,Cemento,Lámina,2026-07-09 21:21:59,2026-07-09 21:21:59,11112983434
593,Familiar,500.00,1,4,15,Ladrillo,Cemento,Concreto,2026-07-16 16:12:19,2026-07-16 16:12:19,11112867783
594,Familiar,500.00,1,3,3,Lámina,Cemento,Lámina,2026-07-16 17:17:36,2026-07-16 17:17:36,11113071228
595,Propia,500.00,1,5,30,Ladrillo,Cemento,Concreto,2026-07-16 19:37:33,2026-07-16 19:37:33,11113092434
596,Propia,500.00,1,4,1,Ladrillo,Cemento,Concreto,2026-07-16 20:41:36,2026-07-16 20:41:36,11112626052
597,Propia,500.00,1,1,30,Ladrillo,Cemento,Lámina,2026-07-16 23:19:47,2026-07-16 23:19:47,11113265056
598,Propia,100.00,1,2,22,Ladrillo,Cemento,Concreto,2026-07-17 16:47:12,2026-07-17 16:47:12,11112767272
599,Propia,100.00,1,2,23,Ladrillo,Cemento,Teja,2026-07-17 17:04:15,2026-07-17 17:04:15,11113004656
600,Propia,100.00,1,2,17,Adobe,Cemento,Concreto,2026-07-17 17:19:38,2026-07-17 17:19:38,11112964451
601,Familiar,100.00,1,2,10,Adobe,Cemento,Lámina,2026-07-17 17:41:12,2026-07-17 17:41:12,11112951374
602,Familiar,800.00,1,1,7,Ladrillo,Cerámica,Concreto,2026-07-17 19:32:12,2026-07-17 19:32:12,11112947297
603,Propia,100.00,1,2,22,Ladrillo,Cerámica,Concreto,2026-07-17 20:21:21,2026-07-17 20:21:21,11112857174
604,Rentada,80.00,1,1,5,Ladrillo,Cemento,Lámina,2026-07-17 20:31:06,2026-07-17 20:31:06,11112933326
605,Propia,100.00,1,3,20,Ladrillo,Cemento,Lámina,2026-07-20 17:20:18,2026-07-20 17:20:18,11113179794
606,Propia,100.00,1,2,5,Ladrillo,Cemento,Lámina,2026-07-20 18:53:43,2026-07-20 18:53:43,11113145552
607,Propia,100.00,1,3,22,Adobe,Tierra,Lámina,2026-07-20 20:47:44,2026-07-20 20:47:44,11112913625
608,Propia,100.00,1,1,16,Adobe,Cemento,Lámina,2026-07-20 20:58:02,2026-07-20 20:58:02,11113027782
609,Propia,100.00,1,2,15,Lámina,Cemento,Lámina,2026-07-20 21:35:13,2026-07-20 21:35:13,11112939450
610,Propia,100.00,1,2,30,Adobe,Cemento,Lámina,2026-07-20 22:14:47,2026-07-20 22:14:47,11113015330
611,Familiar,800.00,1,3,35,Concreto,Cemento,Lámina,2026-07-22 19:00:40,2026-07-22 19:00:40,11113004199
612,Rentada,150.00,1,3,15,Ladrillo,Cemento,Lámina,2026-07-23 19:09:11,2026-07-23 19:09:11,11113172654
613,Propia,100.00,1,2,5,Concreto,Cemento,Concreto,2026-07-24 20:29:36,2026-07-24 20:29:36,11112976322
614,Propia,245.00,1,3,25,Concreto,Cemento,Concreto,2026-07-24 21:38:25,2026-07-24 21:38:25,11112991256
